insert into aar_service.trial (id, trialId, trialName, startDate, endDate, actual) values (2,'e040fdc7-72d1-4e4a-b8f1-dff598ca476f','Trial 3: The Austrian Trial','2019-09-12 10:05:22.494','2019-09-13 16:04:21.768',true);
insert into aar_service.szenario (id, szenarioId, szenarioName, startDate, endDate, trial_id) values (2,'9e0c6a38-443c-4b29-904d-b9e03a03034e','Block 1 - Emergent groups','2019-09-12 10:05:22.494','2019-09-12 12:54:27.246',2);
insert into aar_service.session (id, sessionId, sessionName, startDate, endDate, szenario_id) values (5,'ce7f1abe-dc2b-48a0-a1ff-85bf16b68a09','New session','2019-09-12 10:05:22.494','2019-09-12 12:54:27.246',2);
insert into aar_service.szenario (id, szenarioId, szenarioName, startDate, endDate, trial_id) values (3,'8357677b-d2d7-438d-913d-314d907ace00','Block 2 - Situation Assessment','2019-09-12 12:59:05.657','2019-09-12 14:53:27.54',2);
insert into aar_service.session (id, sessionId, sessionName, startDate, endDate, szenario_id) values (6,'85f47d97-3d6e-4d2c-898b-d36690722723','New session','2019-09-12 12:59:05.657','2019-09-12 14:53:27.54',3);
insert into aar_service.szenario (id, szenarioId, szenarioName, startDate, endDate, trial_id) values (4,'5e00c00c-b9d0-486c-9015-0ac14d69b4d8','Block 3 - Confirmation','2019-09-12 15:24:55.801','2019-09-12 17:05:57.999',2);
insert into aar_service.session (id, sessionId, sessionName, startDate, endDate, szenario_id) values (7,'239f0f8d-d531-44df-91e8-7499c2b3d4c3','New session','2019-09-12 15:24:55.801','2019-09-12 17:05:57.999',4);
insert into aar_service.szenario (id, szenarioId, szenarioName, startDate, endDate, trial_id) values (5,'8e755374-06e3-4163-9544-4c1d825ca536','Block 4 - Chemical leak','2019-09-13 10:08:43.669','2019-09-13 12:42:28.685',2);
insert into aar_service.session (id, sessionId, sessionName, startDate, endDate, szenario_id) values (8,'90ec55b0-59bd-4f97-bc44-01edcdbfa587','New session','2019-09-13 10:08:43.669','2019-09-13 12:42:28.685',5);
insert into aar_service.szenario (id, szenarioId, szenarioName, startDate, endDate, trial_id) values (6,'6d3c57a5-66c3-4275-8456-44dec2cce185','Block 5 - USAR situation report','2019-09-13 13:50:22.792','2019-09-13 16:04:21.768',2);
insert into aar_service.session (id, sessionId, sessionName, startDate, endDate, szenario_id) values (9,'5b90d0b1-5c46-42a7-8ea1-74a67c376fbd','New session','2019-09-13 13:50:22.792','2019-09-13 16:04:21.768',6);
insert into aar_service.topicreceiver (Id, trialId, topicName, clientId) values (1,'unknown','asign_info','CrowdTaskerProducer');
insert into aar_service.topicreceiver (Id, trialId, topicName, clientId) values (2,'unknown','asign_info','TB-AARTool');
insert into aar_service.topicreceiver (Id, trialId, topicName, clientId) values (3,'unknown','asign_info','view-terra-2');
insert into aar_service.topicreceiver (Id, trialId, topicName, clientId) values (4,'unknown','asign_info','view-terra-1');
insert into aar_service.topicreceiver (Id, trialId, topicName, clientId) values (5,'unknown','crowd-tasker_info','TB-AARTool');
insert into aar_service.topicreceiver (Id, trialId, topicName, clientId) values (6,'unknown','crowd-tasker_info','view-terra-2');
insert into aar_service.topicreceiver (Id, trialId, topicName, clientId) values (7,'unknown','crowd-tasker_info','view-terra-1');
insert into aar_service.topicreceiver (Id, trialId, topicName, clientId) values (8,'unknown','large_data_update','TB-GeoServer');
insert into aar_service.topicreceiver (Id, trialId, topicName, clientId) values (9,'unknown','large_data_update','TB-AARTool');
insert into aar_service.topicreceiver (Id, trialId, topicName, clientId) values (10,'unknown','map_layer_update','TB-AARTool');
insert into aar_service.topicreceiver (Id, trialId, topicName, clientId) values (11,'unknown','map_layer_update','view-terra-2');
insert into aar_service.topicreceiver (Id, trialId, topicName, clientId) values (12,'unknown','map_layer_update','view-terra-1');
insert into aar_service.topicreceiver (Id, trialId, topicName, clientId) values (13,'unknown','photo_geojson','TB-AARTool');
insert into aar_service.topicreceiver (Id, trialId, topicName, clientId) values (14,'unknown','photo_geojson','view-terra-2');
insert into aar_service.topicreceiver (Id, trialId, topicName, clientId) values (15,'unknown','photo_geojson','view-terra-1');
insert into aar_service.record (id, clientId, sessionId, createDate, trialDate, topic, recordType, headline, msgType, recordJson, recordData) values (1020,'testbed_admin','null','2019-09-12 08:45:25.107','2019-09-12 08:45:25.107','system_topic_access_invite','TopicInvite','TopicInvite: CrowdTaskerProducer for asign_info to subscribe','Info','{"id": "CrowdTaskerProducer", "topicName": "asign_info", "subscribeAllowed": true, "publishAllowed": false}','null');
insert into aar_service.record (id, clientId, sessionId, createDate, trialDate, topic, recordType, headline, msgType, recordJson, recordData) values (1021,'testbed_admin','null','2019-09-12 08:45:25.515','2019-09-12 08:45:25.515','system_topic_access_invite','TopicInvite','TopicInvite: TB-AARTool for asign_info to subscribe','Info','{"id": "TB-AARTool", "topicName": "asign_info", "subscribeAllowed": true, "publishAllowed": false}','null');
insert into aar_service.record (id, clientId, sessionId, createDate, trialDate, topic, recordType, headline, msgType, recordJson, recordData) values (1022,'testbed_admin','null','2019-09-12 08:45:25.915','2019-09-12 08:45:25.915','system_topic_access_invite','TopicInvite','TopicInvite: TB-TrialMgmt for asign_info to publish','Info','{"id": "TB-TrialMgmt", "topicName": "asign_info", "subscribeAllowed": false, "publishAllowed": true}','null');
insert into aar_service.record (id, clientId, sessionId, createDate, trialDate, topic, recordType, headline, msgType, recordJson, recordData) values (1023,'testbed_admin','null','2019-09-12 08:45:26.052','2019-09-12 08:45:26.052','system_topic_access_invite','TopicInvite','TopicInvite: view-terra-2 for asign_info to subscribe','Info','{"id": "view-terra-2", "topicName": "asign_info", "subscribeAllowed": true, "publishAllowed": false}','null');
insert into aar_service.record (id, clientId, sessionId, createDate, trialDate, topic, recordType, headline, msgType, recordJson, recordData) values (1024,'testbed_admin','null','2019-09-12 08:45:26.444','2019-09-12 08:45:26.444','system_topic_access_invite','TopicInvite','TopicInvite: view-terra-1 for asign_info to subscribe','Info','{"id": "view-terra-1", "topicName": "asign_info", "subscribeAllowed": true, "publishAllowed": false}','null');
insert into aar_service.record (id, clientId, sessionId, createDate, trialDate, topic, recordType, headline, msgType, recordJson, recordData) values (1025,'testbed_admin','null','2019-09-12 08:45:26.854','2019-09-12 08:45:26.854','system_topic_access_invite','TopicInvite','TopicInvite: asign-mission for asign_info to publish','Info','{"id": "asign-mission", "topicName": "asign_info", "subscribeAllowed": false, "publishAllowed": true}','null');
insert into aar_service.record (id, clientId, sessionId, createDate, trialDate, topic, recordType, headline, msgType, recordJson, recordData) values (1026,'testbed_admin','null','2019-09-12 08:45:26.99','2019-09-12 08:45:26.99','system_topic_access_invite','TopicInvite','TopicInvite: CrowdTaskerProducer for crowd-tasker_info to publish','Info','{"id": "CrowdTaskerProducer", "topicName": "crowd-tasker_info", "subscribeAllowed": false, "publishAllowed": true}','null');
insert into aar_service.record (id, clientId, sessionId, createDate, trialDate, topic, recordType, headline, msgType, recordJson, recordData) values (1027,'testbed_admin','null','2019-09-12 08:45:27.128','2019-09-12 08:45:27.128','system_topic_access_invite','TopicInvite','TopicInvite: TB-AARTool for crowd-tasker_info to subscribe','Info','{"id": "TB-AARTool", "topicName": "crowd-tasker_info", "subscribeAllowed": true, "publishAllowed": false}','null');
insert into aar_service.record (id, clientId, sessionId, createDate, trialDate, topic, recordType, headline, msgType, recordJson, recordData) values (1028,'testbed_admin','null','2019-09-12 08:45:27.526','2019-09-12 08:45:27.526','system_topic_access_invite','TopicInvite','TopicInvite: TB-TrialMgmt for crowd-tasker_info to publish','Info','{"id": "TB-TrialMgmt", "topicName": "crowd-tasker_info", "subscribeAllowed": false, "publishAllowed": true}','null');
insert into aar_service.record (id, clientId, sessionId, createDate, trialDate, topic, recordType, headline, msgType, recordJson, recordData) values (1029,'testbed_admin','null','2019-09-12 08:45:27.659','2019-09-12 08:45:27.659','system_topic_access_invite','TopicInvite','TopicInvite: view-terra-2 for crowd-tasker_info to subscribe','Info','{"id": "view-terra-2", "topicName": "crowd-tasker_info", "subscribeAllowed": true, "publishAllowed": false}','null');
insert into aar_service.record (id, clientId, sessionId, createDate, trialDate, topic, recordType, headline, msgType, recordJson, recordData) values (1030,'testbed_admin','null','2019-09-12 08:45:28.069','2019-09-12 08:45:28.069','system_topic_access_invite','TopicInvite','TopicInvite: view-terra-1 for crowd-tasker_info to subscribe','Info','{"id": "view-terra-1", "topicName": "crowd-tasker_info", "subscribeAllowed": true, "publishAllowed": false}','null');
insert into aar_service.record (id, clientId, sessionId, createDate, trialDate, topic, recordType, headline, msgType, recordJson, recordData) values (1031,'testbed_admin','null','2019-09-12 08:45:28.479','2019-09-12 08:45:28.479','system_topic_access_invite','TopicInvite','TopicInvite: TB-GeoServer for large_data_update to subscribe','Info','{"id": "TB-GeoServer", "topicName": "large_data_update", "subscribeAllowed": true, "publishAllowed": false}','null');
insert into aar_service.record (id, clientId, sessionId, createDate, trialDate, topic, recordType, headline, msgType, recordJson, recordData) values (1032,'testbed_admin','null','2019-09-12 08:45:28.875','2019-09-12 08:45:28.875','system_topic_access_invite','TopicInvite','TopicInvite: airborne for large_data_update to publish','Info','{"id": "airborne", "topicName": "large_data_update", "subscribeAllowed": false, "publishAllowed": true}','null');
insert into aar_service.record (id, clientId, sessionId, createDate, trialDate, topic, recordType, headline, msgType, recordJson, recordData) values (1033,'testbed_admin','null','2019-09-12 08:45:29.004','2019-09-12 08:45:29.004','system_topic_access_invite','TopicInvite','TopicInvite: TB-AARTool for large_data_update to subscribe','Info','{"id": "TB-AARTool", "topicName": "large_data_update", "subscribeAllowed": true, "publishAllowed": false}','null');
insert into aar_service.record (id, clientId, sessionId, createDate, trialDate, topic, recordType, headline, msgType, recordJson, recordData) values (1034,'testbed_admin','null','2019-09-12 08:45:29.396','2019-09-12 08:45:29.396','system_topic_access_invite','TopicInvite','TopicInvite: TB-TrialMgmt for large_data_update to publish','Info','{"id": "TB-TrialMgmt", "topicName": "large_data_update", "subscribeAllowed": false, "publishAllowed": true}','null');
insert into aar_service.record (id, clientId, sessionId, createDate, trialDate, topic, recordType, headline, msgType, recordJson, recordData) values (1035,'testbed_admin','null','2019-09-12 08:45:29.531','2019-09-12 08:45:29.531','system_topic_access_invite','TopicInvite','TopicInvite: TB-GeoServer for map_layer_update to publish','Info','{"id": "TB-GeoServer", "topicName": "map_layer_update", "subscribeAllowed": false, "publishAllowed": true}','null');
insert into aar_service.record (id, clientId, sessionId, createDate, trialDate, topic, recordType, headline, msgType, recordJson, recordData) values (1036,'testbed_admin','null','2019-09-12 08:45:29.662','2019-09-12 08:45:29.662','system_topic_access_invite','TopicInvite','TopicInvite: TB-AARTool for map_layer_update to subscribe','Info','{"id": "TB-AARTool", "topicName": "map_layer_update", "subscribeAllowed": true, "publishAllowed": false}','null');
insert into aar_service.record (id, clientId, sessionId, createDate, trialDate, topic, recordType, headline, msgType, recordJson, recordData) values (1037,'testbed_admin','null','2019-09-12 08:45:30.064','2019-09-12 08:45:30.064','system_topic_access_invite','TopicInvite','TopicInvite: TB-TrialMgmt for map_layer_update to publish','Info','{"id": "TB-TrialMgmt", "topicName": "map_layer_update", "subscribeAllowed": false, "publishAllowed": true}','null');
insert into aar_service.record (id, clientId, sessionId, createDate, trialDate, topic, recordType, headline, msgType, recordJson, recordData) values (1038,'testbed_admin','null','2019-09-12 08:45:30.198','2019-09-12 08:45:30.198','system_topic_access_invite','TopicInvite','TopicInvite: view-terra-2 for map_layer_update to subscribe','Info','{"id": "view-terra-2", "topicName": "map_layer_update", "subscribeAllowed": true, "publishAllowed": false}','null');
insert into aar_service.record (id, clientId, sessionId, createDate, trialDate, topic, recordType, headline, msgType, recordJson, recordData) values (1039,'testbed_admin','null','2019-09-12 08:45:30.598','2019-09-12 08:45:30.598','system_topic_access_invite','TopicInvite','TopicInvite: view-terra-1 for map_layer_update to subscribe','Info','{"id": "view-terra-1", "topicName": "map_layer_update", "subscribeAllowed": true, "publishAllowed": false}','null');
insert into aar_service.record (id, clientId, sessionId, createDate, trialDate, topic, recordType, headline, msgType, recordJson, recordData) values (1040,'testbed_admin','null','2019-09-12 08:45:31.005','2019-09-12 08:45:31.005','system_topic_access_invite','TopicInvite','TopicInvite: asign-photo for photo_geojson to publish','Info','{"id": "asign-photo", "topicName": "photo_geojson", "subscribeAllowed": false, "publishAllowed": true}','null');
insert into aar_service.record (id, clientId, sessionId, createDate, trialDate, topic, recordType, headline, msgType, recordJson, recordData) values (1041,'testbed_admin','null','2019-09-12 08:45:31.138','2019-09-12 08:45:31.138','system_topic_access_invite','TopicInvite','TopicInvite: TB-AARTool for photo_geojson to subscribe','Info','{"id": "TB-AARTool", "topicName": "photo_geojson", "subscribeAllowed": true, "publishAllowed": false}','null');
insert into aar_service.record (id, clientId, sessionId, createDate, trialDate, topic, recordType, headline, msgType, recordJson, recordData) values (1042,'testbed_admin','null','2019-09-12 08:45:31.53','2019-09-12 08:45:31.53','system_topic_access_invite','TopicInvite','TopicInvite: TB-TrialMgmt for photo_geojson to publish','Info','{"id": "TB-TrialMgmt", "topicName": "photo_geojson", "subscribeAllowed": false, "publishAllowed": true}','null');
insert into aar_service.record (id, clientId, sessionId, createDate, trialDate, topic, recordType, headline, msgType, recordJson, recordData) values (1043,'testbed_admin','null','2019-09-12 08:45:31.662','2019-09-12 08:45:31.662','system_topic_access_invite','TopicInvite','TopicInvite: view-terra-2 for photo_geojson to subscribe','Info','{"id": "view-terra-2", "topicName": "photo_geojson", "subscribeAllowed": true, "publishAllowed": false}','null');
insert into aar_service.record (id, clientId, sessionId, createDate, trialDate, topic, recordType, headline, msgType, recordJson, recordData) values (1044,'testbed_admin','null','2019-09-12 08:45:32.066','2019-09-12 08:45:32.066','system_topic_access_invite','TopicInvite','TopicInvite: view-terra-1 for photo_geojson to subscribe','Info','{"id": "view-terra-1", "topicName": "photo_geojson", "subscribeAllowed": true, "publishAllowed": false}','null');
insert into aar_service.record (id, clientId, sessionId, createDate, trialDate, topic, recordType, headline, msgType, recordJson, recordData) values (1045,'TB-GeoServer','null','2019-09-12 08:50:50.125','2019-09-12 08:50:50.125','system_logging','Log','The Adaptor received a message to join the topic: large_data_update','Info','{"id": "TB-GeoServer", "dateTimeSent": 1568271048300, "level": "INFO", "log": "The Adaptor received a message to join the topic: large_data_update"}','null');
insert into aar_service.record (id, clientId, sessionId, createDate, trialDate, topic, recordType, headline, msgType, recordJson, recordData) values (1046,'TB-GeoServer','null','2019-09-12 08:50:50.267','2019-09-12 08:50:50.267','system_logging','Log','New Generic Callback Consumer created for topic: large_data_update','Info','{"id": "TB-GeoServer", "dateTimeSent": 1568271048322, "level": "INFO", "log": "New Generic Callback Consumer created for topic: large_data_update"}','null');
insert into aar_service.record (id, clientId, sessionId, createDate, trialDate, topic, recordType, headline, msgType, recordJson, recordData) values (1047,'TB-GeoServer','null','2019-09-12 08:50:50.399','2019-09-12 08:50:50.399','system_logging','Log','The Adaptor received a message to join the topic: map_layer_update','Info','{"id": "TB-GeoServer", "dateTimeSent": 1568271048326, "level": "INFO", "log": "The Adaptor received a message to join the topic: map_layer_update"}','null');
insert into aar_service.record (id, clientId, sessionId, createDate, trialDate, topic, recordType, headline, msgType, recordJson, recordData) values (1048,'view-terra-2','null','2019-09-12 08:56:15.768','2019-09-12 08:56:15.768','system_logging','Log','New Generic Callback Consumer created for topic: system_topic_access_invite','Info','{"id": "view-terra-2", "dateTimeSent": 1568271375094, "level": "INFO", "log": "New Generic Callback Consumer created for topic: system_topic_access_invite"}','null');
insert into aar_service.record (id, clientId, sessionId, createDate, trialDate, topic, recordType, headline, msgType, recordJson, recordData) values (1049,'view-terra-2','null','2019-09-12 08:56:15.913','2019-09-12 08:56:15.913','system_logging','Log','New Generic Callback Consumer created for topic: system_timing_control','Info','{"id": "view-terra-2", "dateTimeSent": 1568271375141, "level": "INFO", "log": "New Generic Callback Consumer created for topic: system_timing_control"}','null');
insert into aar_service.record (id, clientId, sessionId, createDate, trialDate, topic, recordType, headline, msgType, recordJson, recordData) values (1050,'view-terra-2','null','2019-09-12 08:56:16.045','2019-09-12 08:56:16.045','system_logging','Log','initCoreTopics -->','Info','{"id": "view-terra-2", "dateTimeSent": 1568271375141, "level": "INFO", "log": "initCoreTopics -->"}','null');
insert into aar_service.record (id, clientId, sessionId, createDate, trialDate, topic, recordType, headline, msgType, recordJson, recordData) values (1051,'view-terra-2','null','2019-09-12 08:56:16.179','2019-09-12 08:56:16.179','system_logging','Log','initializeProducers -->','Info','{"id": "view-terra-2", "dateTimeSent": 1568271375157, "level": "INFO", "log": "initializeProducers -->"}','null');
insert into aar_service.record (id, clientId, sessionId, createDate, trialDate, topic, recordType, headline, msgType, recordJson, recordData) values (1052,'view-terra-1','null','2019-09-12 08:56:51.988','2019-09-12 08:56:51.988','system_logging','Log','New Generic Callback Consumer created for topic: system_topic_access_invite','Info','{"id": "view-terra-1", "dateTimeSent": 1568271412069, "level": "INFO", "log": "New Generic Callback Consumer created for topic: system_topic_access_invite"}','null');
insert into aar_service.record (id, clientId, sessionId, createDate, trialDate, topic, recordType, headline, msgType, recordJson, recordData) values (1053,'view-terra-1','null','2019-09-12 08:56:52.12','2019-09-12 08:56:52.12','system_logging','Log','New Generic Callback Consumer created for topic: system_timing_control','Info','{"id": "view-terra-1", "dateTimeSent": 1568271412131, "level": "INFO", "log": "New Generic Callback Consumer created for topic: system_timing_control"}','null');
insert into aar_service.record (id, clientId, sessionId, createDate, trialDate, topic, recordType, headline, msgType, recordJson, recordData) values (1054,'view-terra-1','null','2019-09-12 08:56:52.254','2019-09-12 08:56:52.254','system_logging','Log','initCoreTopics -->','Info','{"id": "view-terra-1", "dateTimeSent": 1568271412147, "level": "INFO", "log": "initCoreTopics -->"}','null');
insert into aar_service.record (id, clientId, sessionId, createDate, trialDate, topic, recordType, headline, msgType, recordJson, recordData) values (1055,'view-terra-1','null','2019-09-12 08:56:52.388','2019-09-12 08:56:52.388','system_logging','Log','initializeProducers -->','Info','{"id": "view-terra-1", "dateTimeSent": 1568271412147, "level": "INFO", "log": "initializeProducers -->"}','null');
insert into aar_service.record (id, clientId, sessionId, createDate, trialDate, topic, recordType, headline, msgType, recordJson, recordData) values (1056,'airborne','null','2019-09-12 08:56:56.378','2019-09-12 08:56:56.378','system_logging','Log','New Generic Callback Consumer created for topic: system_topic_access_invite','Info','{"id": "airborne", "dateTimeSent": 1568271414195, "level": "INFO", "log": "New Generic Callback Consumer created for topic: system_topic_access_invite"}','null');
insert into aar_service.record (id, clientId, sessionId, createDate, trialDate, topic, recordType, headline, msgType, recordJson, recordData) values (1057,'airborne','null','2019-09-12 08:56:56.509','2019-09-12 08:56:56.509','system_logging','Log','New Generic Callback Consumer created for topic: system_timing_control','Info','{"id": "airborne", "dateTimeSent": 1568271414241, "level": "INFO", "log": "New Generic Callback Consumer created for topic: system_timing_control"}','null');
insert into aar_service.record (id, clientId, sessionId, createDate, trialDate, topic, recordType, headline, msgType, recordJson, recordData) values (1058,'airborne','null','2019-09-12 08:56:56.637','2019-09-12 08:56:56.637','system_logging','Log','initCoreTopics -->','Info','{"id": "airborne", "dateTimeSent": 1568271414248, "level": "INFO", "log": "initCoreTopics -->"}','null');
insert into aar_service.record (id, clientId, sessionId, createDate, trialDate, topic, recordType, headline, msgType, recordJson, recordData) values (1059,'airborne','null','2019-09-12 08:56:56.77','2019-09-12 08:56:56.77','system_logging','Log','initializeProducers -->','Info','{"id": "airborne", "dateTimeSent": 1568271414255, "level": "INFO", "log": "initializeProducers -->"}','null');
insert into aar_service.record (id, clientId, sessionId, createDate, trialDate, topic, recordType, headline, msgType, recordJson, recordData) values (1060,'TB-Ost','null','2019-09-12 08:57:12.739','2019-09-12 08:57:12.739','system_observer_tool_answer','ObserverToolAnswer','A new observation was reported by: Block1_Emergent_Groups_Telegram-CrowdTasker_Field ','Info','{"trialId": 13, "sessionId": 217, "answerId": 1137, "timeSendUTC": 1568271430, "timeWhen": 1568271421000, "observationTypeName": "Block1_Emergent_Groups_Telegram-CrowdTasker_Field ", "observervationTypeId": 1422, "observationTypeDescription": "Technology: The Telegram chatbot of CrowdTasker was technologically operational (i.e., volunteers could interact with it to create needs and comments and were notified about updates).", "description": "", "multiplicity": true, "questions": [{"id": 2915, "name": "Technology: The Telegram chatbot of CrowdTasker wa", "description": "-", "answer": "Strongly disagree", "comment": "", "typeOfQuestion": "radiobutton"}]}','null');
insert into aar_service.record (id, clientId, sessionId, createDate, trialDate, topic, recordType, headline, msgType, recordJson, recordData) values (1061,'view-terra-2','null','2019-09-12 08:57:24.444','2019-09-12 08:57:24.444','system_logging','Log','--> addCallback: asign_info','Info','{"id": "view-terra-2", "dateTimeSent": 1568271443798, "level": "INFO", "log": "--> addCallback: asign_info"}','null');
insert into aar_service.record (id, clientId, sessionId, createDate, trialDate, topic, recordType, headline, msgType, recordJson, recordData) values (1062,'view-terra-2','null','2019-09-12 08:57:24.574','2019-09-12 08:57:24.574','system_logging','Log','New Generic Callback Consumer created for topic: asign_info','Info','{"id": "view-terra-2", "dateTimeSent": 1568271443866, "level": "INFO", "log": "New Generic Callback Consumer created for topic: asign_info"}','null');
insert into aar_service.record (id, clientId, sessionId, createDate, trialDate, topic, recordType, headline, msgType, recordJson, recordData) values (1063,'view-terra-2','null','2019-09-12 08:57:24.708','2019-09-12 08:57:24.708','system_logging','Log','addCallback-->','Info','{"id": "view-terra-2", "dateTimeSent": 1568271443877, "level": "INFO", "log": "addCallback-->"}','null');
insert into aar_service.record (id, clientId, sessionId, createDate, trialDate, topic, recordType, headline, msgType, recordJson, recordData) values (1064,'view-terra-2','null','2019-09-12 08:57:24.849','2019-09-12 08:57:24.849','system_logging','Log','--> addCallback: crowd-tasker_info','Info','{"id": "view-terra-2", "dateTimeSent": 1568271443917, "level": "INFO", "log": "--> addCallback: crowd-tasker_info"}','null');
insert into aar_service.record (id, clientId, sessionId, createDate, trialDate, topic, recordType, headline, msgType, recordJson, recordData) values (1065,'view-terra-2','null','2019-09-12 08:57:24.979','2019-09-12 08:57:24.979','system_logging','Log','New Generic Callback Consumer created for topic: crowd-tasker_info','Info','{"id": "view-terra-2", "dateTimeSent": 1568271443946, "level": "INFO", "log": "New Generic Callback Consumer created for topic: crowd-tasker_info"}','null');
insert into aar_service.record (id, clientId, sessionId, createDate, trialDate, topic, recordType, headline, msgType, recordJson, recordData) values (1066,'view-terra-2','null','2019-09-12 08:57:25.108','2019-09-12 08:57:25.108','system_logging','Log','addCallback-->','Info','{"id": "view-terra-2", "dateTimeSent": 1568271443951, "level": "INFO", "log": "addCallback-->"}','null');
insert into aar_service.record (id, clientId, sessionId, createDate, trialDate, topic, recordType, headline, msgType, recordJson, recordData) values (1067,'view-terra-2','null','2019-09-12 08:57:25.234','2019-09-12 08:57:25.234','system_logging','Log','--> addCallback: photo_geojson','Info','{"id": "view-terra-2", "dateTimeSent": 1568271443972, "level": "INFO", "log": "--> addCallback: photo_geojson"}','null');
insert into aar_service.record (id, clientId, sessionId, createDate, trialDate, topic, recordType, headline, msgType, recordJson, recordData) values (1068,'view-terra-2','null','2019-09-12 08:57:25.358','2019-09-12 08:57:25.358','system_logging','Log','New Generic Callback Consumer created for topic: photo_geojson','Info','{"id": "view-terra-2", "dateTimeSent": 1568271443986, "level": "INFO", "log": "New Generic Callback Consumer created for topic: photo_geojson"}','null');
insert into aar_service.record (id, clientId, sessionId, createDate, trialDate, topic, recordType, headline, msgType, recordJson, recordData) values (1069,'view-terra-2','null','2019-09-12 08:57:25.482','2019-09-12 08:57:25.482','system_logging','Log','addCallback-->','Info','{"id": "view-terra-2", "dateTimeSent": 1568271443996, "level": "INFO", "log": "addCallback-->"}','null');
insert into aar_service.record (id, clientId, sessionId, createDate, trialDate, topic, recordType, headline, msgType, recordJson, recordData) values (1070,'view-terra-2','null','2019-09-12 08:57:25.704','2019-09-12 08:57:25.704','system_logging','Log','--> addCallback: map_layer_update','Info','{"id": "view-terra-2", "dateTimeSent": 1568271444006, "level": "INFO", "log": "--> addCallback: map_layer_update"}','null');
insert into aar_service.record (id, clientId, sessionId, createDate, trialDate, topic, recordType, headline, msgType, recordJson, recordData) values (1071,'view-terra-2','null','2019-09-12 08:57:25.849','2019-09-12 08:57:25.849','system_logging','Log','New Generic Callback Consumer created for topic: map_layer_update','Info','{"id": "view-terra-2", "dateTimeSent": 1568271444027, "level": "INFO", "log": "New Generic Callback Consumer created for topic: map_layer_update"}','null');
insert into aar_service.record (id, clientId, sessionId, createDate, trialDate, topic, recordType, headline, msgType, recordJson, recordData) values (1072,'view-terra-2','null','2019-09-12 08:57:25.977','2019-09-12 08:57:25.977','system_logging','Log','addCallback-->','Info','{"id": "view-terra-2", "dateTimeSent": 1568271444041, "level": "INFO", "log": "addCallback-->"}','null');
insert into aar_service.record (id, clientId, sessionId, createDate, trialDate, topic, recordType, headline, msgType, recordJson, recordData) values (1073,'view-terra-1','null','2019-09-12 08:58:12.271','2019-09-12 08:58:12.271','system_logging','Log','--> addCallback: asign_info','Info','{"id": "view-terra-1", "dateTimeSent": 1568271492379, "level": "INFO", "log": "--> addCallback: asign_info"}','null');
insert into aar_service.record (id, clientId, sessionId, createDate, trialDate, topic, recordType, headline, msgType, recordJson, recordData) values (1074,'view-terra-1','null','2019-09-12 08:58:12.403','2019-09-12 08:58:12.403','system_logging','Log','New Generic Callback Consumer created for topic: asign_info','Info','{"id": "view-terra-1", "dateTimeSent": 1568271492411, "level": "INFO", "log": "New Generic Callback Consumer created for topic: asign_info"}','null');
insert into aar_service.record (id, clientId, sessionId, createDate, trialDate, topic, recordType, headline, msgType, recordJson, recordData) values (1075,'view-terra-1','null','2019-09-12 08:58:12.537','2019-09-12 08:58:12.537','system_logging','Log','addCallback-->','Info','{"id": "view-terra-1", "dateTimeSent": 1568271492411, "level": "INFO", "log": "addCallback-->"}','null');
insert into aar_service.record (id, clientId, sessionId, createDate, trialDate, topic, recordType, headline, msgType, recordJson, recordData) values (1076,'view-terra-1','null','2019-09-12 08:58:12.667','2019-09-12 08:58:12.668','system_logging','Log','--> addCallback: crowd-tasker_info','Info','{"id": "view-terra-1", "dateTimeSent": 1568271492426, "level": "INFO", "log": "--> addCallback: crowd-tasker_info"}','null');
insert into aar_service.record (id, clientId, sessionId, createDate, trialDate, topic, recordType, headline, msgType, recordJson, recordData) values (1077,'view-terra-1','null','2019-09-12 08:58:12.799','2019-09-12 08:58:12.799','system_logging','Log','New Generic Callback Consumer created for topic: crowd-tasker_info','Info','{"id": "view-terra-1", "dateTimeSent": 1568271492442, "level": "INFO", "log": "New Generic Callback Consumer created for topic: crowd-tasker_info"}','null');
insert into aar_service.record (id, clientId, sessionId, createDate, trialDate, topic, recordType, headline, msgType, recordJson, recordData) values (1078,'view-terra-1','null','2019-09-12 08:58:12.927','2019-09-12 08:58:12.927','system_logging','Log','addCallback-->','Info','{"id": "view-terra-1", "dateTimeSent": 1568271492458, "level": "INFO", "log": "addCallback-->"}','null');
insert into aar_service.record (id, clientId, sessionId, createDate, trialDate, topic, recordType, headline, msgType, recordJson, recordData) values (1079,'view-terra-1','null','2019-09-12 08:58:13.057','2019-09-12 08:58:13.057','system_logging','Log','--> addCallback: photo_geojson','Info','{"id": "view-terra-1", "dateTimeSent": 1568271492473, "level": "INFO", "log": "--> addCallback: photo_geojson"}','null');
insert into aar_service.record (id, clientId, sessionId, createDate, trialDate, topic, recordType, headline, msgType, recordJson, recordData) values (1080,'view-terra-1','null','2019-09-12 08:58:13.19','2019-09-12 08:58:13.19','system_logging','Log','New Generic Callback Consumer created for topic: photo_geojson','Info','{"id": "view-terra-1", "dateTimeSent": 1568271492504, "level": "INFO", "log": "New Generic Callback Consumer created for topic: photo_geojson"}','null');
insert into aar_service.record (id, clientId, sessionId, createDate, trialDate, topic, recordType, headline, msgType, recordJson, recordData) values (1081,'view-terra-1','null','2019-09-12 08:58:13.322','2019-09-12 08:58:13.322','system_logging','Log','addCallback-->','Info','{"id": "view-terra-1", "dateTimeSent": 1568271492504, "level": "INFO", "log": "addCallback-->"}','null');
insert into aar_service.record (id, clientId, sessionId, createDate, trialDate, topic, recordType, headline, msgType, recordJson, recordData) values (1082,'view-terra-1','null','2019-09-12 08:58:13.452','2019-09-12 08:58:13.452','system_logging','Log','--> addCallback: map_layer_update','Info','{"id": "view-terra-1", "dateTimeSent": 1568271492520, "level": "INFO", "log": "--> addCallback: map_layer_update"}','null');
insert into aar_service.record (id, clientId, sessionId, createDate, trialDate, topic, recordType, headline, msgType, recordJson, recordData) values (1083,'view-terra-1','null','2019-09-12 08:58:13.584','2019-09-12 08:58:13.584','system_logging','Log','New Generic Callback Consumer created for topic: map_layer_update','Info','{"id": "view-terra-1", "dateTimeSent": 1568271492536, "level": "INFO", "log": "New Generic Callback Consumer created for topic: map_layer_update"}','null');
insert into aar_service.record (id, clientId, sessionId, createDate, trialDate, topic, recordType, headline, msgType, recordJson, recordData) values (1084,'view-terra-1','null','2019-09-12 08:58:13.714','2019-09-12 08:58:13.714','system_logging','Log','addCallback-->','Info','{"id": "view-terra-1", "dateTimeSent": 1568271492536, "level": "INFO", "log": "addCallback-->"}','null');
insert into aar_service.record (id, clientId, sessionId, createDate, trialDate, topic, recordType, headline, msgType, recordJson, recordData) values (1085,'TB-AARTool_FD','null','2019-09-12 09:31:54.907','2019-09-12 09:31:54.908','system_logging','Log','New Generic Callback Consumer created for topic: system_timing_control','Info','{"id": "TB-AARTool_FD", "dateTimeSent": 1568273511746, "level": "INFO", "log": "New Generic Callback Consumer created for topic: system_timing_control"}','null');
insert into aar_service.record (id, clientId, sessionId, createDate, trialDate, topic, recordType, headline, msgType, recordJson, recordData) values (1086,'TB-AARTool_FD','null','2019-09-12 09:31:55.198','2019-09-12 09:31:55.198','system_logging','Log','initCoreTopics -->','Info','{"id": "TB-AARTool_FD", "dateTimeSent": 1568273511768, "level": "INFO", "log": "initCoreTopics -->"}','null');
insert into aar_service.record (id, clientId, sessionId, createDate, trialDate, topic, recordType, headline, msgType, recordJson, recordData) values (1087,'TB-AARTool_FD','null','2019-09-12 09:31:55.336','2019-09-12 09:31:55.336','system_logging','Log','initializeProducers -->','Info','{"id": "TB-AARTool_FD", "dateTimeSent": 1568273511772, "level": "INFO", "log": "initializeProducers -->"}','null');
insert into aar_service.record (id, clientId, sessionId, createDate, trialDate, topic, recordType, headline, msgType, recordJson, recordData) values (1088,'TB-AARTool_FD','null','2019-09-12 09:31:55.479','2019-09-12 09:31:55.479','system_logging','Log','--> addCallback: system_topic_access_invite','Info','{"id": "TB-AARTool_FD", "dateTimeSent": 1568273511775, "level": "INFO", "log": "--> addCallback: system_topic_access_invite"}','null');
insert into aar_service.record (id, clientId, sessionId, createDate, trialDate, topic, recordType, headline, msgType, recordJson, recordData) values (1089,'TB-AARTool_FD','null','2019-09-12 09:31:55.606','2019-09-12 09:31:55.606','system_logging','Log','New Generic Callback Consumer created for topic: system_topic_access_invite','Info','{"id": "TB-AARTool_FD", "dateTimeSent": 1568273511782, "level": "INFO", "log": "New Generic Callback Consumer created for topic: system_topic_access_invite"}','null');
insert into aar_service.record (id, clientId, sessionId, createDate, trialDate, topic, recordType, headline, msgType, recordJson, recordData) values (1090,'TB-AARTool_FD','null','2019-09-12 09:31:55.736','2019-09-12 09:31:55.737','system_logging','Log','addCallback-->','Info','{"id": "TB-AARTool_FD", "dateTimeSent": 1568273511787, "level": "INFO", "log": "addCallback-->"}','null');
insert into aar_service.record (id, clientId, sessionId, createDate, trialDate, topic, recordType, headline, msgType, recordJson, recordData) values (1091,'TB-AARTool_FD','null','2019-09-12 09:31:55.864','2019-09-12 09:31:55.864','system_logging','Log','--> addCallback: system_timing_control','Info','{"id": "TB-AARTool_FD", "dateTimeSent": 1568273511791, "level": "INFO", "log": "--> addCallback: system_timing_control"}','null');
insert into aar_service.record (id, clientId, sessionId, createDate, trialDate, topic, recordType, headline, msgType, recordJson, recordData) values (1092,'TB-AARTool_FD','null','2019-09-12 09:31:55.996','2019-09-12 09:31:55.996','system_logging','Log','New Generic Callback Consumer created for topic: system_timing_control','Info','{"id": "TB-AARTool_FD", "dateTimeSent": 1568273511799, "level": "INFO", "log": "New Generic Callback Consumer created for topic: system_timing_control"}','null');
insert into aar_service.record (id, clientId, sessionId, createDate, trialDate, topic, recordType, headline, msgType, recordJson, recordData) values (1093,'TB-AARTool_FD','null','2019-09-12 09:31:56.126','2019-09-12 09:31:56.126','system_logging','Log','addCallback-->','Info','{"id": "TB-AARTool_FD", "dateTimeSent": 1568273511803, "level": "INFO", "log": "addCallback-->"}','null');
insert into aar_service.record (id, clientId, sessionId, createDate, trialDate, topic, recordType, headline, msgType, recordJson, recordData) values (1094,'TB-AARTool_FD','null','2019-09-12 09:31:56.263','2019-09-12 09:31:56.263','system_logging','Log','--> addCallback: system_observer_tool_answer','Info','{"id": "TB-AARTool_FD", "dateTimeSent": 1568273511806, "level": "INFO", "log": "--> addCallback: system_observer_tool_answer"}','null');
insert into aar_service.record (id, clientId, sessionId, createDate, trialDate, topic, recordType, headline, msgType, recordJson, recordData) values (1095,'TB-AARTool_FD','null','2019-09-12 09:31:56.388','2019-09-12 09:31:56.388','system_logging','Log','New Generic Callback Consumer created for topic: system_observer_tool_answer','Info','{"id": "TB-AARTool_FD", "dateTimeSent": 1568273511813, "level": "INFO", "log": "New Generic Callback Consumer created for topic: system_observer_tool_answer"}','null');
insert into aar_service.record (id, clientId, sessionId, createDate, trialDate, topic, recordType, headline, msgType, recordJson, recordData) values (1096,'TB-AARTool_FD','null','2019-09-12 09:31:56.515','2019-09-12 09:31:56.515','system_logging','Log','addCallback-->','Info','{"id": "TB-AARTool_FD", "dateTimeSent": 1568273511817, "level": "INFO", "log": "addCallback-->"}','null');
insert into aar_service.record (id, clientId, sessionId, createDate, trialDate, topic, recordType, headline, msgType, recordJson, recordData) values (1097,'TB-AARTool_FD','null','2019-09-12 09:31:56.656','2019-09-12 09:31:56.657','system_logging','Log','--> addCallback: system_tm_session_mgmt','Info','{"id": "TB-AARTool_FD", "dateTimeSent": 1568273511819, "level": "INFO", "log": "--> addCallback: system_tm_session_mgmt"}','null');
insert into aar_service.record (id, clientId, sessionId, createDate, trialDate, topic, recordType, headline, msgType, recordJson, recordData) values (1098,'TB-AARTool_FD','null','2019-09-12 09:31:56.79','2019-09-12 09:31:56.79','system_logging','Log','New Generic Callback Consumer created for topic: system_tm_session_mgmt','Info','{"id": "TB-AARTool_FD", "dateTimeSent": 1568273511832, "level": "INFO", "log": "New Generic Callback Consumer created for topic: system_tm_session_mgmt"}','null');
insert into aar_service.record (id, clientId, sessionId, createDate, trialDate, topic, recordType, headline, msgType, recordJson, recordData) values (1099,'TB-AARTool_FD','null','2019-09-12 09:31:56.917','2019-09-12 09:31:56.917','system_logging','Log','addCallback-->','Info','{"id": "TB-AARTool_FD", "dateTimeSent": 1568273511845, "level": "INFO", "log": "addCallback-->"}','null');
insert into aar_service.record (id, clientId, sessionId, createDate, trialDate, topic, recordType, headline, msgType, recordJson, recordData) values (1100,'TB-AARTool_FD','null','2019-09-12 09:31:57.043','2019-09-12 09:31:57.043','system_logging','Log','--> addCallback: system_tm_phase_message','Info','{"id": "TB-AARTool_FD", "dateTimeSent": 1568273511851, "level": "INFO", "log": "--> addCallback: system_tm_phase_message"}','null');
insert into aar_service.record (id, clientId, sessionId, createDate, trialDate, topic, recordType, headline, msgType, recordJson, recordData) values (1101,'TB-AARTool_FD','null','2019-09-12 09:31:57.17','2019-09-12 09:31:57.17','system_logging','Log','New Generic Callback Consumer created for topic: system_tm_phase_message','Info','{"id": "TB-AARTool_FD", "dateTimeSent": 1568273511859, "level": "INFO", "log": "New Generic Callback Consumer created for topic: system_tm_phase_message"}','null');
insert into aar_service.record (id, clientId, sessionId, createDate, trialDate, topic, recordType, headline, msgType, recordJson, recordData) values (1102,'TB-AARTool_FD','null','2019-09-12 09:31:57.294','2019-09-12 09:31:57.294','system_logging','Log','addCallback-->','Info','{"id": "TB-AARTool_FD", "dateTimeSent": 1568273511863, "level": "INFO", "log": "addCallback-->"}','null');
insert into aar_service.record (id, clientId, sessionId, createDate, trialDate, topic, recordType, headline, msgType, recordJson, recordData) values (1103,'TB-AARTool_FD','null','2019-09-12 09:31:57.418','2019-09-12 09:31:57.418','system_logging','Log','--> addCallback: system_tm_role_player','Info','{"id": "TB-AARTool_FD", "dateTimeSent": 1568273511866, "level": "INFO", "log": "--> addCallback: system_tm_role_player"}','null');
insert into aar_service.record (id, clientId, sessionId, createDate, trialDate, topic, recordType, headline, msgType, recordJson, recordData) values (1104,'TB-AARTool_FD','null','2019-09-12 09:31:57.545','2019-09-12 09:31:57.545','system_logging','Log','New Generic Callback Consumer created for topic: system_tm_role_player','Info','{"id": "TB-AARTool_FD", "dateTimeSent": 1568273511872, "level": "INFO", "log": "New Generic Callback Consumer created for topic: system_tm_role_player"}','null');
insert into aar_service.record (id, clientId, sessionId, createDate, trialDate, topic, recordType, headline, msgType, recordJson, recordData) values (1105,'TB-AARTool_FD','null','2019-09-12 09:31:57.669','2019-09-12 09:31:57.669','system_logging','Log','addCallback-->','Info','{"id": "TB-AARTool_FD", "dateTimeSent": 1568273511876, "level": "INFO", "log": "addCallback-->"}','null');
insert into aar_service.record (id, clientId, sessionId, createDate, trialDate, topic, recordType, headline, msgType, recordJson, recordData) values (1106,'TB-AARTool_FD','null','2019-09-12 09:31:57.795','2019-09-12 09:31:57.795','system_logging','Log','New Generic Callback Consumer created for topic: system_logging','Info','{"id": "TB-AARTool_FD", "dateTimeSent": 1568273511882, "level": "INFO", "log": "New Generic Callback Consumer created for topic: system_logging"}','null');
insert into aar_service.record (id, clientId, sessionId, createDate, trialDate, topic, recordType, headline, msgType, recordJson, recordData) values (1107,'TB-AARTool_FD','null','2019-09-12 09:31:57.925','2019-09-12 09:31:57.925','system_logging','Log','The AARService is up!','Info','{"id": "TB-AARTool_FD", "dateTimeSent": 1568273511887, "level": "INFO", "log": "The AARService is up!"}','null');
insert into aar_service.record (id, clientId, sessionId, createDate, trialDate, topic, recordType, headline, msgType, recordJson, recordData) values (1108,'TB-AARTool_FD','null','2019-09-12 09:31:58.057','2019-09-12 09:31:58.057','system_logging','Log','--> addCallback: photo_geojson','Info','{"id": "TB-AARTool_FD", "dateTimeSent": 1568273511891, "level": "INFO", "log": "--> addCallback: photo_geojson"}','null');
insert into aar_service.record (id, clientId, sessionId, createDate, trialDate, topic, recordType, headline, msgType, recordJson, recordData) values (1109,'TB-AARTool_FD','null','2019-09-12 09:31:58.184','2019-09-12 09:31:58.184','system_logging','Log','New Generic Callback Consumer created for topic: photo_geojson','Info','{"id": "TB-AARTool_FD", "dateTimeSent": 1568273511896, "level": "INFO", "log": "New Generic Callback Consumer created for topic: photo_geojson"}','null');
insert into aar_service.record (id, clientId, sessionId, createDate, trialDate, topic, recordType, headline, msgType, recordJson, recordData) values (1110,'TB-AARTool_FD','null','2019-09-12 09:31:58.308','2019-09-12 09:31:58.308','system_logging','Log','addCallback-->','Info','{"id": "TB-AARTool_FD", "dateTimeSent": 1568273511901, "level": "INFO", "log": "addCallback-->"}','null');
insert into aar_service.record (id, clientId, sessionId, createDate, trialDate, topic, recordType, headline, msgType, recordJson, recordData) values (1111,'TB-AARTool_FD','null','2019-09-12 09:31:58.435','2019-09-12 09:31:58.435','system_logging','Log','--> addCallback: asign_info','Info','{"id": "TB-AARTool_FD", "dateTimeSent": 1568273511905, "level": "INFO", "log": "--> addCallback: asign_info"}','null');
insert into aar_service.record (id, clientId, sessionId, createDate, trialDate, topic, recordType, headline, msgType, recordJson, recordData) values (1112,'TB-AARTool_FD','null','2019-09-12 09:31:58.563','2019-09-12 09:31:58.563','system_logging','Log','New Generic Callback Consumer created for topic: asign_info','Info','{"id": "TB-AARTool_FD", "dateTimeSent": 1568273511912, "level": "INFO", "log": "New Generic Callback Consumer created for topic: asign_info"}','null');
insert into aar_service.record (id, clientId, sessionId, createDate, trialDate, topic, recordType, headline, msgType, recordJson, recordData) values (1113,'TB-AARTool_FD','null','2019-09-12 09:31:58.689','2019-09-12 09:31:58.689','system_logging','Log','addCallback-->','Info','{"id": "TB-AARTool_FD", "dateTimeSent": 1568273511919, "level": "INFO", "log": "addCallback-->"}','null');
insert into aar_service.record (id, clientId, sessionId, createDate, trialDate, topic, recordType, headline, msgType, recordJson, recordData) values (1114,'TB-AARTool_FD','null','2019-09-12 09:31:58.815','2019-09-12 09:31:58.815','system_logging','Log','--> addCallback: large_data_update','Info','{"id": "TB-AARTool_FD", "dateTimeSent": 1568273511922, "level": "INFO", "log": "--> addCallback: large_data_update"}','null');
insert into aar_service.record (id, clientId, sessionId, createDate, trialDate, topic, recordType, headline, msgType, recordJson, recordData) values (1115,'TB-AARTool_FD','null','2019-09-12 09:31:58.942','2019-09-12 09:31:58.942','system_logging','Log','New Generic Callback Consumer created for topic: large_data_update','Info','{"id": "TB-AARTool_FD", "dateTimeSent": 1568273511930, "level": "INFO", "log": "New Generic Callback Consumer created for topic: large_data_update"}','null');
insert into aar_service.record (id, clientId, sessionId, createDate, trialDate, topic, recordType, headline, msgType, recordJson, recordData) values (1116,'TB-AARTool_FD','null','2019-09-12 09:31:59.075','2019-09-12 09:31:59.075','system_logging','Log','addCallback-->','Info','{"id": "TB-AARTool_FD", "dateTimeSent": 1568273511934, "level": "INFO", "log": "addCallback-->"}','null');
insert into aar_service.record (id, clientId, sessionId, createDate, trialDate, topic, recordType, headline, msgType, recordJson, recordData) values (1117,'TB-AARTool_FD','null','2019-09-12 09:31:59.201','2019-09-12 09:31:59.201','system_logging','Log','--> addCallback: crowd-tasker_info','Info','{"id": "TB-AARTool_FD", "dateTimeSent": 1568273511937, "level": "INFO", "log": "--> addCallback: crowd-tasker_info"}','null');
insert into aar_service.record (id, clientId, sessionId, createDate, trialDate, topic, recordType, headline, msgType, recordJson, recordData) values (1118,'TB-AARTool_FD','null','2019-09-12 09:31:59.328','2019-09-12 09:31:59.328','system_logging','Log','New Generic Callback Consumer created for topic: crowd-tasker_info','Info','{"id": "TB-AARTool_FD", "dateTimeSent": 1568273511943, "level": "INFO", "log": "New Generic Callback Consumer created for topic: crowd-tasker_info"}','null');
insert into aar_service.record (id, clientId, sessionId, createDate, trialDate, topic, recordType, headline, msgType, recordJson, recordData) values (1119,'TB-AARTool_FD','null','2019-09-12 09:31:59.453','2019-09-12 09:31:59.453','system_logging','Log','addCallback-->','Info','{"id": "TB-AARTool_FD", "dateTimeSent": 1568273511946, "level": "INFO", "log": "addCallback-->"}','null');
insert into aar_service.record (id, clientId, sessionId, createDate, trialDate, topic, recordType, headline, msgType, recordJson, recordData) values (1120,'TB-AARTool_FD','null','2019-09-12 09:31:59.588','2019-09-12 09:31:59.588','system_logging','Log','--> addCallback: map_layer_update','Info','{"id": "TB-AARTool_FD", "dateTimeSent": 1568273511949, "level": "INFO", "log": "--> addCallback: map_layer_update"}','null');
insert into aar_service.record (id, clientId, sessionId, createDate, trialDate, topic, recordType, headline, msgType, recordJson, recordData) values (1121,'TB-AARTool_FD','null','2019-09-12 09:31:59.713','2019-09-12 09:31:59.713','system_logging','Log','New Generic Callback Consumer created for topic: map_layer_update','Info','{"id": "TB-AARTool_FD", "dateTimeSent": 1568273511955, "level": "INFO", "log": "New Generic Callback Consumer created for topic: map_layer_update"}','null');
insert into aar_service.record (id, clientId, sessionId, createDate, trialDate, topic, recordType, headline, msgType, recordJson, recordData) values (1122,'TB-AARTool_FD','null','2019-09-12 09:31:59.841','2019-09-12 09:31:59.841','system_logging','Log','addCallback-->','Info','{"id": "TB-AARTool_FD", "dateTimeSent": 1568273511959, "level": "INFO", "log": "addCallback-->"}','null');
insert into aar_service.record (id, clientId, sessionId, createDate, trialDate, topic, recordType, headline, msgType, recordJson, recordData) values (1123,'airborne','null','2019-09-12 09:33:56.498','2019-09-12 09:33:56.498','system_logging','Log','--> addCallback: large_data_update','Info','{"id": "airborne", "dateTimeSent": 1568273634248, "level": "INFO", "log": "--> addCallback: large_data_update"}','null');
insert into aar_service.record (id, clientId, sessionId, createDate, trialDate, topic, recordType, headline, msgType, recordJson, recordData) values (1124,'airborne','null','2019-09-12 09:33:56.633','2019-09-12 09:33:56.633','system_logging','Log','New Generic Callback Consumer created for topic: large_data_update','Info','{"id": "airborne", "dateTimeSent": 1568273634463, "level": "INFO", "log": "New Generic Callback Consumer created for topic: large_data_update"}','null');
insert into aar_service.record (id, clientId, sessionId, createDate, trialDate, topic, recordType, headline, msgType, recordJson, recordData) values (1125,'airborne','null','2019-09-12 09:33:56.785','2019-09-12 09:33:56.785','system_logging','Log','addCallback-->','Info','{"id": "airborne", "dateTimeSent": 1568273634568, "level": "INFO", "log": "addCallback-->"}','null');
insert into aar_service.record (id, clientId, sessionId, createDate, trialDate, topic, recordType, headline, msgType, recordJson, recordData) values (1126,'TB-Ost','null','2019-09-12 09:35:23.264','2019-09-12 09:35:23.264','system_observer_tool_answer','ObserverToolAnswer','A new observation was reported by: Block1_Emergent_Groups_Telegram-CrowdTasker_Observ','Info','{"trialId": 13, "sessionId": 217, "answerId": 1138, "timeSendUTC": 1568273721, "timeWhen": 1568273722000, "observationTypeName": "Block1_Emergent_Groups_Telegram-CrowdTasker_Observ", "observervationTypeId": 1409, "observationTypeDescription": "How many years of professional experience do you have in crisis management? ", "description": "", "multiplicity": true, "questions": [{"id": 2949, "name": "How many years of professional experience do you h", "description": "-", "answer": "More than 15 years", "comment": "", "typeOfQuestion": "radiobutton"}]}','null');
insert into aar_service.record (id, clientId, sessionId, createDate, trialDate, topic, recordType, headline, msgType, recordJson, recordData) values (1127,'TB-Ost','null','2019-09-12 09:35:52.97','2019-09-12 09:35:52.97','system_observer_tool_answer','ObserverToolAnswer','A new observation was reported by: Block1_Emergent_Groups_Telegram-CrowdTasker_Observ','Info','{"trialId": 13, "sessionId": 217, "answerId": 1139, "timeSendUTC": 1568273751, "timeWhen": 1568273752000, "observationTypeName": "Block1_Emergent_Groups_Telegram-CrowdTasker_Observ", "observervationTypeId": 1410, "observationTypeDescription": "How much would you agree with the statement that you have experience and knowledge regarding volunteer management?", "description": "", "multiplicity": true, "questions": [{"id": 2943, "name": "How much would you agree with the statement that y", "description": "-", "answer": "Agree", "comment": "", "typeOfQuestion": "radiobutton"}]}','null');
insert into aar_service.record (id, clientId, sessionId, createDate, trialDate, topic, recordType, headline, msgType, recordJson, recordData) values (1128,'TB-Ost','null','2019-09-12 09:42:28.17','2019-09-12 09:42:28.171','system_observer_tool_answer','ObserverToolAnswer','A new observation was reported by: Block1_Emergent_Groups_Telegram-CrowdTasker_Observ','Info','{"trialId": 13, "sessionId": 217, "answerId": 1140, "timeSendUTC": 1568274146, "timeWhen": 1568274147000, "observationTypeName": "Block1_Emergent_Groups_Telegram-CrowdTasker_Observ", "observervationTypeId": 1409, "observationTypeDescription": "How many years of professional experience do you have in crisis management? ", "description": "", "multiplicity": true, "questions": [{"id": 2949, "name": "How many years of professional experience do you h", "description": "-", "answer": "More than 15 years", "comment": "", "typeOfQuestion": "radiobutton"}]}','null');
insert into aar_service.record (id, clientId, sessionId, createDate, trialDate, topic, recordType, headline, msgType, recordJson, recordData) values (1142,'TB-TrialMgmt','null','2019-09-12 10:24:02.647','2019-09-12 10:24:02.647','system_tm_role_player','RolePlayerMessage','Field beds','Info','{"id": "b9627451-506f-46ff-b351-1d9de4956841", "type": "CALL", "title": "", "headline": "Field beds", "description": "There are about 10 field beds at the local red cross station in Eisenerz. No Red Cross staff is available to bring them to a shelter but someone else should pick them up. (Radmeisterstrae 1, 8790 Eisenerz).", "rolePlayerName": "ARC - EXCON", "participantNames": null, "comment": ""}','null');
insert into aar_service.record (id, clientId, sessionId, createDate, trialDate, topic, recordType, headline, msgType, recordJson, recordData) values (1129,'TB-Ost','null','2019-09-12 09:42:50.973','2019-09-12 09:42:50.973','system_observer_tool_answer','ObserverToolAnswer','A new observation was reported by: Block1_Emergent_Groups_Telegram-CrowdTasker_Observ','Info','{"trialId": 13, "sessionId": 217, "answerId": 1141, "timeSendUTC": 1568274169, "timeWhen": 1568274170000, "observationTypeName": "Block1_Emergent_Groups_Telegram-CrowdTasker_Observ", "observervationTypeId": 1410, "observationTypeDescription": "How much would you agree with the statement that you have experience and knowledge regarding volunteer management?", "description": "", "multiplicity": true, "questions": [{"id": 2943, "name": "How much would you agree with the statement that y", "description": "-", "answer": "Agree", "comment": "", "typeOfQuestion": "radiobutton"}]}','null');
insert into aar_service.record (id, clientId, sessionId, createDate, trialDate, topic, recordType, headline, msgType, recordJson, recordData) values (1130,'TB-Ost','null','2019-09-12 09:58:29.461','2019-09-12 09:58:29.461','system_observer_tool_answer','ObserverToolAnswer','A new observation was reported by: Block1_Emergent_Groups_Telegram-CrowdTasker_Observ','Info','{"trialId": 13, "sessionId": 217, "answerId": 1142, "timeSendUTC": 1568275107, "timeWhen": 1568275109000, "observationTypeName": "Block1_Emergent_Groups_Telegram-CrowdTasker_Observ", "observervationTypeId": 1409, "observationTypeDescription": "How many years of professional experience do you have in crisis management? ", "description": "", "multiplicity": true, "questions": [{"id": 2949, "name": "How many years of professional experience do you h", "description": "-", "answer": "More than 15 years", "comment": "", "typeOfQuestion": "radiobutton"}]}','null');
insert into aar_service.record (id, clientId, sessionId, createDate, trialDate, topic, recordType, headline, msgType, recordJson, recordData) values (1131,'TB-Ost','null','2019-09-12 10:00:37.285','2019-09-12 10:00:37.285','system_observer_tool_answer','ObserverToolAnswer','A new observation was reported by: Block1_Emergent_Groups_Telegram-CrowdTasker_Observ','Info','{"trialId": 13, "sessionId": 217, "answerId": 1143, "timeSendUTC": 1568275235, "timeWhen": 1568275237000, "observationTypeName": "Block1_Emergent_Groups_Telegram-CrowdTasker_Observ", "observervationTypeId": 1409, "observationTypeDescription": "How many years of professional experience do you have in crisis management? ", "description": "", "multiplicity": true, "questions": [{"id": 2949, "name": "How many years of professional experience do you h", "description": "-", "answer": "More than 15 years", "comment": "", "typeOfQuestion": "radiobutton"}]}','null');
insert into aar_service.record (id, clientId, sessionId, createDate, trialDate, topic, recordType, headline, msgType, recordJson, recordData) values (1132,'TB-Ost','null','2019-09-12 10:00:47.469','2019-09-12 10:00:47.469','system_observer_tool_answer','ObserverToolAnswer','A new observation was reported by: Block1_Emergent_Groups_Telegram-CrowdTasker_Observ','Info','{"trialId": 13, "sessionId": 217, "answerId": 1144, "timeSendUTC": 1568275245, "timeWhen": 1568275247000, "observationTypeName": "Block1_Emergent_Groups_Telegram-CrowdTasker_Observ", "observervationTypeId": 1410, "observationTypeDescription": "How much would you agree with the statement that you have experience and knowledge regarding volunteer management?", "description": "", "multiplicity": true, "questions": [{"id": 2943, "name": "How much would you agree with the statement that y", "description": "-", "answer": "Agree", "comment": "", "typeOfQuestion": "radiobutton"}]}','null');
insert into aar_service.record (id, clientId, sessionId, createDate, trialDate, topic, recordType, headline, msgType, recordJson, recordData) values (1133,'TB-Ost','null','2019-09-12 10:01:32.831','2019-09-12 10:01:32.831','system_observer_tool_answer','ObserverToolAnswer','A new observation was reported by: Block1_Emergent_Groups_Telegram-CrowdTasker_Observ','Info','{"trialId": 13, "sessionId": 217, "answerId": 1145, "timeSendUTC": 1568275290, "timeWhen": 1568275292000, "observationTypeName": "Block1_Emergent_Groups_Telegram-CrowdTasker_Observ", "observervationTypeId": 1409, "observationTypeDescription": "How many years of professional experience do you have in crisis management? ", "description": "", "multiplicity": true, "questions": [{"id": 2949, "name": "How many years of professional experience do you h", "description": "-", "answer": "More than 15 years", "comment": "", "typeOfQuestion": "radiobutton"}]}','null');
insert into aar_service.record (id, clientId, sessionId, createDate, trialDate, topic, recordType, headline, msgType, recordJson, recordData) values (1134,'TB-Ost','null','2019-09-12 10:02:00.604','2019-09-12 10:02:00.604','system_observer_tool_answer','ObserverToolAnswer','A new observation was reported by: Block1_Emergent_Groups_Telegram-CrowdTasker_Observ','Info','{"trialId": 13, "sessionId": 217, "answerId": 1146, "timeSendUTC": 1568275318, "timeWhen": 1568275320000, "observationTypeName": "Block1_Emergent_Groups_Telegram-CrowdTasker_Observ", "observervationTypeId": 1409, "observationTypeDescription": "How many years of professional experience do you have in crisis management? ", "description": "", "multiplicity": true, "questions": [{"id": 2949, "name": "How many years of professional experience do you h", "description": "-", "answer": "More than 15 years", "comment": "", "typeOfQuestion": "radiobutton"}]}','null');
insert into aar_service.record (id, clientId, sessionId, createDate, trialDate, topic, recordType, headline, msgType, recordJson, recordData) values (1135,'TB-Ost','null','2019-09-12 10:02:11.584','2019-09-12 10:02:11.584','system_observer_tool_answer','ObserverToolAnswer','A new observation was reported by: Block1_Emergent_Groups_Telegram-CrowdTasker_Observ','Info','{"trialId": 13, "sessionId": 217, "answerId": 1147, "timeSendUTC": 1568275329, "timeWhen": 1568275331000, "observationTypeName": "Block1_Emergent_Groups_Telegram-CrowdTasker_Observ", "observervationTypeId": 1409, "observationTypeDescription": "How many years of professional experience do you have in crisis management? ", "description": "", "multiplicity": true, "questions": [{"id": 2949, "name": "How many years of professional experience do you h", "description": "-", "answer": "More than 15 years", "comment": "", "typeOfQuestion": "radiobutton"}]}','null');
insert into aar_service.record (id, clientId, sessionId, createDate, trialDate, topic, recordType, headline, msgType, recordJson, recordData) values (1136,'TB-TrialMgmt','null','2019-09-12 10:05:22.354','2019-09-12 10:05:22.355','system_tm_session_mgmt','SessionMgmt','ce7f1abe-dc2b-48a0-a1ff-85bf16b68a09, START','Info','{"trialId": "e040fdc7-72d1-4e4a-b8f1-dff598ca476f", "trialName": "Trial 3: The Austrian Trial", "scenarioId": "9e0c6a38-443c-4b29-904d-b9e03a03034e", "scenarioName": "Block 1 - Emergent groups", "sessionId": "ce7f1abe-dc2b-48a0-a1ff-85bf16b68a09", "sessionName": "New session", "sessionState": "START", "comment": null}','null');
insert into aar_service.record (id, clientId, sessionId, createDate, trialDate, topic, recordType, headline, msgType, recordJson, recordData) values (1137,'TB-TrialMgmt','null','2019-09-12 10:05:25.392','2019-09-12 10:05:25.392','system_tm_phase_message','PhaseMessage','INCIDENT, state: true','Info','{"id": "4659afd4-9080-4195-acf0-833df7b8ed25", "phase": "INCIDENT", "isStarting": true, "alternativeName": null}','null');
insert into aar_service.record (id, clientId, sessionId, createDate, trialDate, topic, recordType, headline, msgType, recordJson, recordData) values (1138,'TB-TrialMgmt','null','2019-09-12 10:10:00.469','2019-09-12 10:10:00.469','system_tm_role_player','RolePlayerMessage','Interact with the Telegram group members','Info','{"id": "5673e3dd-5cd3-403f-a152-0d9dd88e2e45", "type": "ACTION", "title": "", "headline": "Interact with the Telegram group members", "description": "", "rolePlayerName": "ARC - EXCON", "participantNames": null, "comment": ""}','null');
insert into aar_service.record (id, clientId, sessionId, createDate, trialDate, topic, recordType, headline, msgType, recordJson, recordData) values (1139,'TB-TrialMgmt','null','2019-09-12 10:13:53.519','2019-09-12 10:13:53.519','system_tm_role_player','RolePlayerMessage','Distress calls','Info','{"id": "237bcbe7-34a6-47b6-b04a-09d45415678d", "type": "CALL", "title": "", "headline": "Distress calls", "description": "Several calls informing people on the streets of Mnichtal, being afraid to be at home due aftershocks (around 60 persons).", "rolePlayerName": "ARC - EXCON", "participantNames": null, "comment": ""}','null');
insert into aar_service.record (id, clientId, sessionId, createDate, trialDate, topic, recordType, headline, msgType, recordJson, recordData) values (1140,'TB-TrialMgmt','null','2019-09-12 10:14:54.53','2019-09-12 10:14:54.53','system_tm_role_player','RolePlayerMessage','Coordinate the delivery of shelter items','Info','{"id": "76cac4bb-eb78-46ae-8376-c9db6ef99481", "type": "ACTION", "title": "", "headline": "Coordinate the delivery of shelter items", "description": "", "rolePlayerName": "ARC - EXCON", "participantNames": null, "comment": ""}','null');
insert into aar_service.record (id, clientId, sessionId, createDate, trialDate, topic, recordType, headline, msgType, recordJson, recordData) values (1141,'TB-TrialMgmt','null','2019-09-12 10:18:14.577','2019-09-12 10:18:14.577','system_tm_role_player','RolePlayerMessage','Potential shelter (Bundeshandelsakademie)','Info','{"id": "aef60eb7-692c-41d3-856e-9135415c8467", "type": "CALL", "title": "", "headline": "Potential shelter (Bundeshandelsakademie)", "description": "The director of the Bundeshandelsakademie Eisenerz, is offering their facilities as potential shelter. (Hieflauer Str. 89, 8790 Eisenerz).", "rolePlayerName": "ARC - EXCON", "participantNames": null, "comment": ""}','null');
insert into aar_service.record (id, clientId, sessionId, createDate, trialDate, topic, recordType, headline, msgType, recordJson, recordData) values (1143,'TB-TrialMgmt','null','2019-09-12 10:24:49.659','2019-09-12 10:24:49.659','system_tm_role_player','RolePlayerMessage','Potential shelter (Mnichtal)','Info','{"id": "87a7aaff-06c3-4352-af9e-90e9129e4913", "type": "ACTION", "title": "", "headline": "Potential shelter (Mnichtal)", "description": "A suitable place for a potential shelter should be identified in the area of Mnichtal.", "rolePlayerName": "ARC - EXCON", "participantNames": null, "comment": ""}','null');
insert into aar_service.record (id, clientId, sessionId, createDate, trialDate, topic, recordType, headline, msgType, recordJson, recordData) values (1144,'TB-Ost','null','2019-09-12 10:28:33.412','2019-09-12 10:28:33.412','system_observer_tool_answer','ObserverToolAnswer','A new observation was reported by: Block1_Emergent_Groups_Telegram-CrowdTasker_Observ','Info','{"trialId": 13, "sessionId": 217, "answerId": 1148, "timeSendUTC": 1568276911, "timeWhen": 1568276913000, "observationTypeName": "Block1_Emergent_Groups_Telegram-CrowdTasker_Observ", "observervationTypeId": 1410, "observationTypeDescription": "How much would you agree with the statement that you have experience and knowledge regarding volunteer management?", "description": "", "multiplicity": true, "questions": [{"id": 2943, "name": "How much would you agree with the statement that y", "description": "-", "answer": "Agree", "comment": "", "typeOfQuestion": "radiobutton"}]}','null');
insert into aar_service.record (id, clientId, sessionId, createDate, trialDate, topic, recordType, headline, msgType, recordJson, recordData) values (1145,'TB-TrialMgmt','null','2019-09-12 10:31:40.707','2019-09-12 10:31:40.707','system_tm_role_player','RolePlayerMessage','Hygiene kits','Info','{"id": "51cbacdc-5ef4-429b-8890-e89ab4caff65", "type": "CALL", "title": "", "headline": "Hygiene kits", "description": "A call from the Erzberg Alpin Resort offering Hygiene kits. Should be pick them up at the reception. (Enzianstrasse 17.).", "rolePlayerName": "ARC - EXCON", "participantNames": null, "comment": ""}','null');
insert into aar_service.record (id, clientId, sessionId, createDate, trialDate, topic, recordType, headline, msgType, recordJson, recordData) values (1146,'TB-TrialMgmt','null','2019-09-12 10:45:48.923','2019-09-12 10:45:48.923','system_tm_role_player','RolePlayerMessage','Identify the needs in the area','Info','{"id": "efe99bf6-129e-4891-b5df-eacaf3084925", "type": "ACTION", "title": "", "headline": "Identify the needs in the area", "description": "", "rolePlayerName": "ARC - EXCON", "participantNames": null, "comment": ""}','null');
insert into aar_service.record (id, clientId, sessionId, createDate, trialDate, topic, recordType, headline, msgType, recordJson, recordData) values (1147,'TB-TrialMgmt','null','2019-09-12 10:45:53.928','2019-09-12 10:45:53.928','system_tm_role_player','RolePlayerMessage','Coordinate their actions','Info','{"id": "4e4a65d4-c113-4dd1-b669-3b8d41b3ba7b", "type": "ACTION", "title": "", "headline": "Coordinate their actions", "description": "", "rolePlayerName": "ARC - EXCON", "participantNames": null, "comment": ""}','null');
insert into aar_service.record (id, clientId, sessionId, createDate, trialDate, topic, recordType, headline, msgType, recordJson, recordData) values (1148,'TB-TrialMgmt','null','2019-09-12 10:46:06.931','2019-09-12 10:46:06.931','system_tm_role_player','RolePlayerMessage','No reports of victims at the moment.','Info','{"id": "a26a8101-bcc1-4b91-b873-e4f49ccbf9bc", "type": "CALL", "title": "", "headline": "No reports of victims at the moment.", "description": "", "rolePlayerName": "ARC - EXCON", "participantNames": null, "comment": ""}','null');
insert into aar_service.record (id, clientId, sessionId, createDate, trialDate, topic, recordType, headline, msgType, recordJson, recordData) values (1149,'TB-Ost','null','2019-09-12 10:47:30.081','2019-09-12 10:47:30.081','system_observer_tool_answer','ObserverToolAnswer','A new observation was reported by: Block1_Emergent_Groups_Telegram-CrowdTasker_Field ','Info','{"trialId": 13, "sessionId": 217, "answerId": 1149, "timeSendUTC": 1568278048, "timeWhen": 1568275894000, "observationTypeName": "Block1_Emergent_Groups_Telegram-CrowdTasker_Field ", "observervationTypeId": 1420, "observationTypeDescription": "How many years of professional experience do you have in crisis management? ", "description": "", "multiplicity": true, "questions": [{"id": 2920, "name": "How many years of professional experience do you h", "description": "-", "answer": "0 - 5 years", "comment": "", "typeOfQuestion": "radiobutton"}]}','null');
insert into aar_service.record (id, clientId, sessionId, createDate, trialDate, topic, recordType, headline, msgType, recordJson, recordData) values (1150,'TB-Ost','null','2019-09-12 10:47:30.207','2019-09-12 10:47:30.207','system_observer_tool_answer','ObserverToolAnswer','A new observation was reported by: Block1_Emergent_Groups_Telegram-CrowdTasker_Field ','Info','{"trialId": 13, "sessionId": 217, "answerId": 1150, "timeSendUTC": 1568278048, "timeWhen": 1568275921000, "observationTypeName": "Block1_Emergent_Groups_Telegram-CrowdTasker_Field ", "observervationTypeId": 1421, "observationTypeDescription": "How much would you agree with the statement that you have experience and knowledge regarding volunteer management?", "description": "", "multiplicity": true, "questions": [{"id": 2916, "name": "How much would you agree with the statement that y", "description": "-", "answer": "Agree", "comment": "", "typeOfQuestion": "radiobutton"}]}','null');
insert into aar_service.record (id, clientId, sessionId, createDate, trialDate, topic, recordType, headline, msgType, recordJson, recordData) values (1151,'TB-Ost','null','2019-09-12 10:47:30.342','2019-09-12 10:47:30.342','system_observer_tool_answer','ObserverToolAnswer','A new observation was reported by: Block1_Emergent_Groups_Telegram-CrowdTasker_Field ','Info','{"trialId": 13, "sessionId": 217, "answerId": 1151, "timeSendUTC": 1568278048, "timeWhen": 1568275994000, "observationTypeName": "Block1_Emergent_Groups_Telegram-CrowdTasker_Field ", "observervationTypeId": 1421, "observationTypeDescription": "How much would you agree with the statement that you have experience and knowledge regarding volunteer management?", "description": "", "multiplicity": true, "questions": [{"id": 2916, "name": "How much would you agree with the statement that y", "description": "-", "answer": "Agree", "comment": "", "typeOfQuestion": "radiobutton"}]}','null');
insert into aar_service.record (id, clientId, sessionId, createDate, trialDate, topic, recordType, headline, msgType, recordJson, recordData) values (1152,'TB-Ost','null','2019-09-12 10:47:30.48','2019-09-12 10:47:30.48','system_observer_tool_answer','ObserverToolAnswer','A new observation was reported by: Block1_Emergent_Groups_Telegram-CrowdTasker_Field ','Info','{"trialId": 13, "sessionId": 217, "answerId": 1152, "timeSendUTC": 1568278048, "timeWhen": 1568275947000, "observationTypeName": "Block1_Emergent_Groups_Telegram-CrowdTasker_Field ", "observervationTypeId": 1420, "observationTypeDescription": "How many years of professional experience do you have in crisis management? ", "description": "", "multiplicity": true, "questions": [{"id": 2920, "name": "How many years of professional experience do you h", "description": "-", "answer": "0 - 5 years", "comment": "", "typeOfQuestion": "radiobutton"}]}','null');
insert into aar_service.record (id, clientId, sessionId, createDate, trialDate, topic, recordType, headline, msgType, recordJson, recordData) values (1153,'TB-Ost','null','2019-09-12 10:47:30.618','2019-09-12 10:47:30.618','system_observer_tool_answer','ObserverToolAnswer','A new observation was reported by: Block1_Emergent_Groups_Telegram-CrowdTasker_Field ','Info','{"trialId": 13, "sessionId": 217, "answerId": 1153, "timeSendUTC": 1568278048, "timeWhen": 1568275951000, "observationTypeName": "Block1_Emergent_Groups_Telegram-CrowdTasker_Field ", "observervationTypeId": 1420, "observationTypeDescription": "How many years of professional experience do you have in crisis management? ", "description": "", "multiplicity": true, "questions": [{"id": 2920, "name": "How many years of professional experience do you h", "description": "-", "answer": "0 - 5 years", "comment": "", "typeOfQuestion": "radiobutton"}]}','null');
insert into aar_service.record (id, clientId, sessionId, createDate, trialDate, topic, recordType, headline, msgType, recordJson, recordData) values (1154,'TB-Ost','null','2019-09-12 10:47:30.746','2019-09-12 10:47:30.746','system_observer_tool_answer','ObserverToolAnswer','A new observation was reported by: Block1_Emergent_Groups_Telegram-CrowdTasker_Field ','Info','{"trialId": 13, "sessionId": 217, "answerId": 1154, "timeSendUTC": 1568278048, "timeWhen": 1568275989000, "observationTypeName": "Block1_Emergent_Groups_Telegram-CrowdTasker_Field ", "observervationTypeId": 1421, "observationTypeDescription": "How much would you agree with the statement that you have experience and knowledge regarding volunteer management?", "description": "", "multiplicity": true, "questions": [{"id": 2916, "name": "How much would you agree with the statement that y", "description": "-", "answer": "Agree", "comment": "", "typeOfQuestion": "radiobutton"}]}','null');
insert into aar_service.record (id, clientId, sessionId, createDate, trialDate, topic, recordType, headline, msgType, recordJson, recordData) values (1332,'airborne','null','2019-09-12 13:32:09.471','2019-09-12 13:32:09.471','large_data_update','LargeDataUpdate','New LargeFile available: Train_Station','Info','{"url": "ftp://f_argos:Vabene01@plapperkaefer/ftp/mosaike/Flug2_20190911_093956_15cm_499500_5257500.tif", "title": "Train_Station", "description": "47.470939,14.993365,47.457441,15.013267", "dataType": "image_geotiff"}','null');
insert into aar_service.file (id, name, mimeType, url, record_id) values (103,'record/attachements/Flug2_20190911_093956_15cm_499500_5257500.tif','image_geotiff','ftp://f_argos:Vabene01@plapperkaefer/ftp/mosaike/Flug2_20190911_093956_15cm_499500_5257500.tif',1332);
insert into aar_service.record (id, clientId, sessionId, createDate, trialDate, topic, recordType, headline, msgType, recordJson, recordData) values (1647,'TB-AARTool_FD','null','2019-09-13 08:44:08.324','2019-09-13 08:44:08.324','system_logging','Log','--> addCallback: large_data_update','Info','{"id": "TB-AARTool_FD", "dateTimeSent": 1568357039772, "level": "INFO", "log": "--> addCallback: large_data_update"}','null');
insert into aar_service.record (id, clientId, sessionId, createDate, trialDate, topic, recordType, headline, msgType, recordJson, recordData) values (1155,'TB-Ost','null','2019-09-12 10:47:30.874','2019-09-12 10:47:30.874','system_observer_tool_answer','ObserverToolAnswer','A new observation was reported by: Block1_Emergent_Groups_Telegram-CrowdTasker_Field ','Info','{"trialId": 13, "sessionId": 217, "answerId": 1155, "timeSendUTC": 1568278048, "timeWhen": 1568275949000, "observationTypeName": "Block1_Emergent_Groups_Telegram-CrowdTasker_Field ", "observervationTypeId": 1420, "observationTypeDescription": "How many years of professional experience do you have in crisis management? ", "description": "", "multiplicity": true, "questions": [{"id": 2920, "name": "How many years of professional experience do you h", "description": "-", "answer": "0 - 5 years", "comment": "", "typeOfQuestion": "radiobutton"}]}','null');
insert into aar_service.record (id, clientId, sessionId, createDate, trialDate, topic, recordType, headline, msgType, recordJson, recordData) values (1156,'TB-Ost','null','2019-09-12 10:47:31.002','2019-09-12 10:47:31.002','system_observer_tool_answer','ObserverToolAnswer','A new observation was reported by: Block1_Emergent_Groups_Telegram-CrowdTasker_Field ','Info','{"trialId": 13, "sessionId": 217, "answerId": 1156, "timeSendUTC": 1568278048, "timeWhen": 1568276506000, "observationTypeName": "Block1_Emergent_Groups_Telegram-CrowdTasker_Field ", "observervationTypeId": 1420, "observationTypeDescription": "How many years of professional experience do you have in crisis management? ", "description": "", "multiplicity": true, "questions": [{"id": 2920, "name": "How many years of professional experience do you h", "description": "-", "answer": "6 - 10 years", "comment": "", "typeOfQuestion": "radiobutton"}]}','null');
insert into aar_service.record (id, clientId, sessionId, createDate, trialDate, topic, recordType, headline, msgType, recordJson, recordData) values (1157,'TB-Ost','null','2019-09-12 10:47:31.127','2019-09-12 10:47:31.127','system_observer_tool_answer','ObserverToolAnswer','A new observation was reported by: Block1_Emergent_Groups_Telegram-CrowdTasker_Field ','Info','{"trialId": 13, "sessionId": 217, "answerId": 1157, "timeSendUTC": 1568278048, "timeWhen": 1568276507000, "observationTypeName": "Block1_Emergent_Groups_Telegram-CrowdTasker_Field ", "observervationTypeId": 1420, "observationTypeDescription": "How many years of professional experience do you have in crisis management? ", "description": "", "multiplicity": true, "questions": [{"id": 2920, "name": "How many years of professional experience do you h", "description": "-", "answer": "6 - 10 years", "comment": "", "typeOfQuestion": "radiobutton"}]}','null');
insert into aar_service.record (id, clientId, sessionId, createDate, trialDate, topic, recordType, headline, msgType, recordJson, recordData) values (1158,'TB-Ost','null','2019-09-12 10:47:31.253','2019-09-12 10:47:31.253','system_observer_tool_answer','ObserverToolAnswer','A new observation was reported by: Block1_Emergent_Groups_Telegram-CrowdTasker_Field ','Info','{"trialId": 13, "sessionId": 217, "answerId": 1158, "timeSendUTC": 1568278048, "timeWhen": 1568277181000, "observationTypeName": "Block1_Emergent_Groups_Telegram-CrowdTasker_Field ", "observervationTypeId": 1422, "observationTypeDescription": "Technology: The Telegram chatbot of CrowdTasker was technologically operational (i.e., volunteers could interact with it to create needs and comments and were notified about updates).", "description": "", "multiplicity": true, "questions": [{"id": 2915, "name": "Technology: The Telegram chatbot of CrowdTasker wa", "description": "-", "answer": "Agree", "comment": "", "typeOfQuestion": "radiobutton"}]}','null');
insert into aar_service.record (id, clientId, sessionId, createDate, trialDate, topic, recordType, headline, msgType, recordJson, recordData) values (1159,'TB-Ost','null','2019-09-12 10:47:31.389','2019-09-12 10:47:31.389','system_observer_tool_answer','ObserverToolAnswer','A new observation was reported by: Block1_Emergent_Groups_Telegram-CrowdTasker_Field ','Info','{"trialId": 13, "sessionId": 217, "answerId": 1159, "timeSendUTC": 1568278048, "timeWhen": 1568276507000, "observationTypeName": "Block1_Emergent_Groups_Telegram-CrowdTasker_Field ", "observervationTypeId": 1420, "observationTypeDescription": "How many years of professional experience do you have in crisis management? ", "description": "", "multiplicity": true, "questions": [{"id": 2920, "name": "How many years of professional experience do you h", "description": "-", "answer": "6 - 10 years", "comment": "", "typeOfQuestion": "radiobutton"}]}','null');
insert into aar_service.record (id, clientId, sessionId, createDate, trialDate, topic, recordType, headline, msgType, recordJson, recordData) values (1160,'TB-Ost','null','2019-09-12 10:47:31.517','2019-09-12 10:47:31.517','system_observer_tool_answer','ObserverToolAnswer','A new observation was reported by: Block1_Emergent_Groups_Telegram-CrowdTasker_Field ','Info','{"trialId": 13, "sessionId": 217, "answerId": 1160, "timeSendUTC": 1568278048, "timeWhen": 1568276499000, "observationTypeName": "Block1_Emergent_Groups_Telegram-CrowdTasker_Field ", "observervationTypeId": 1420, "observationTypeDescription": "How many years of professional experience do you have in crisis management? ", "description": "", "multiplicity": true, "questions": [{"id": 2920, "name": "How many years of professional experience do you h", "description": "-", "answer": "6 - 10 years", "comment": "", "typeOfQuestion": "radiobutton"}]}','null');
insert into aar_service.record (id, clientId, sessionId, createDate, trialDate, topic, recordType, headline, msgType, recordJson, recordData) values (1161,'TB-Ost','null','2019-09-12 10:47:31.645','2019-09-12 10:47:31.645','system_observer_tool_answer','ObserverToolAnswer','A new observation was reported by: Block1_Emergent_Groups_Telegram-CrowdTasker_Field ','Info','{"trialId": 13, "sessionId": 217, "answerId": 1161, "timeSendUTC": 1568278048, "timeWhen": 1568276507000, "observationTypeName": "Block1_Emergent_Groups_Telegram-CrowdTasker_Field ", "observervationTypeId": 1420, "observationTypeDescription": "How many years of professional experience do you have in crisis management? ", "description": "", "multiplicity": true, "questions": [{"id": 2920, "name": "How many years of professional experience do you h", "description": "-", "answer": "6 - 10 years", "comment": "", "typeOfQuestion": "radiobutton"}]}','null');
insert into aar_service.record (id, clientId, sessionId, createDate, trialDate, topic, recordType, headline, msgType, recordJson, recordData) values (1162,'TB-Ost','null','2019-09-12 10:47:31.772','2019-09-12 10:47:31.772','system_observer_tool_answer','ObserverToolAnswer','A new observation was reported by: Block1_Emergent_Groups_Telegram-CrowdTasker_Field ','Info','{"trialId": 13, "sessionId": 217, "answerId": 1163, "timeSendUTC": 1568278048, "timeWhen": 1568277696000, "observationTypeName": "Block1_Emergent_Groups_Telegram-CrowdTasker_Field ", "observervationTypeId": 1424, "observationTypeDescription": "Concept: Publishing needs and comments is sufficient for volunteers to organise intra-groups coordination (i.e., needs and comments are enough information for volunteers in order to coordinate their work between groups).", "description": "", "multiplicity": true, "questions": [{"id": 2913, "name": "Concept: Publishing needs and comments is sufficie", "description": "-", "answer": "Disagree", "comment": "", "typeOfQuestion": "radiobutton"}]}','null');
insert into aar_service.record (id, clientId, sessionId, createDate, trialDate, topic, recordType, headline, msgType, recordJson, recordData) values (1163,'TB-Ost','null','2019-09-12 10:47:31.898','2019-09-12 10:47:31.898','system_observer_tool_answer','ObserverToolAnswer','A new observation was reported by: Block1_Emergent_Groups_Telegram-CrowdTasker_Field ','Info','{"trialId": 13, "sessionId": 217, "answerId": 1162, "timeSendUTC": 1568278048, "timeWhen": 1568277676000, "observationTypeName": "Block1_Emergent_Groups_Telegram-CrowdTasker_Field ", "observervationTypeId": 1423, "observationTypeDescription": "Interaction: Interaction with the chatbot sufficiently supported the volunteers in creating digital artefacts and receiving updates.", "description": "", "multiplicity": true, "questions": [{"id": 2914, "name": "Interaction: Interaction with the chatbot sufficie", "description": "-", "answer": "Disagree", "comment": "", "typeOfQuestion": "radiobutton"}]}','null');
insert into aar_service.record (id, clientId, sessionId, createDate, trialDate, topic, recordType, headline, msgType, recordJson, recordData) values (1164,'TB-Ost','null','2019-09-12 10:47:32.025','2019-09-12 10:47:32.025','system_observer_tool_answer','ObserverToolAnswer','A new observation was reported by: Block1_Emergent_Groups_Telegram-CrowdTasker_Field ','Info','{"trialId": 13, "sessionId": 217, "answerId": 1164, "timeSendUTC": 1568278048, "timeWhen": 1568277711000, "observationTypeName": "Block1_Emergent_Groups_Telegram-CrowdTasker_Field ", "observervationTypeId": 1425, "observationTypeDescription": "Utility: The needs and comments published via the chatbot enabled volunteers to understand the goals and activity of other groups (including guidance by the crisis manager).", "description": "", "multiplicity": true, "questions": [{"id": 2912, "name": "Utility: The needs and comments published via the ", "description": "-", "answer": "Strongly disagree", "comment": "", "typeOfQuestion": "radiobutton"}]}','null');
insert into aar_service.record (id, clientId, sessionId, createDate, trialDate, topic, recordType, headline, msgType, recordJson, recordData) values (1165,'TB-Ost','null','2019-09-12 10:47:42.422','2019-09-12 10:47:42.422','system_observer_tool_answer','ObserverToolAnswer','A new observation was reported by: Block1_Emergent_Groups_Telegram-CrowdTasker_Observ','Info','{"trialId": 13, "sessionId": 217, "answerId": 1165, "timeSendUTC": 1568278060, "timeWhen": 1568278062000, "observationTypeName": "Block1_Emergent_Groups_Telegram-CrowdTasker_Observ", "observervationTypeId": 1411, "observationTypeDescription": "Technology: The CrowdTasker Community Module is technologically operational (i.e., the commander can see existing needs and comments and can create new needs and comments via the web interface).", "description": "", "multiplicity": true, "questions": [{"id": 2940, "name": "Technology: The CrowdTasker Community Module is te", "description": "-", "answer": "Strongly agree", "comment": "", "typeOfQuestion": "radiobutton"}]}','null');
insert into aar_service.record (id, clientId, sessionId, createDate, trialDate, topic, recordType, headline, msgType, recordJson, recordData) values (1166,'TB-Ost','null','2019-09-12 10:48:15.722','2019-09-12 10:48:15.722','system_observer_tool_answer','ObserverToolAnswer','A new observation was reported by: Block1_Emergent_Groups_Telegram-CrowdTasker_Observ','Info','{"trialId": 13, "sessionId": 217, "answerId": 1166, "timeSendUTC": 1568278093, "timeWhen": 1568278095000, "observationTypeName": "Block1_Emergent_Groups_Telegram-CrowdTasker_Observ", "observervationTypeId": 1412, "observationTypeDescription": "Interaction: The Commander was able to adequately formulate his own needs and comments using the web interface of the CrowdTasker Community Module.", "description": "", "multiplicity": true, "questions": [{"id": 2941, "name": "Interaction: The Commander was able to adequately ", "description": "-", "answer": "Agree", "comment": "", "typeOfQuestion": "radiobutton"}]}','null');
insert into aar_service.record (id, clientId, sessionId, createDate, trialDate, topic, recordType, headline, msgType, recordJson, recordData) values (1167,'TB-TrialMgmt','null','2019-09-12 10:53:40.062','2019-09-12 10:53:40.062','system_tm_role_player','RolePlayerMessage','Identify a place for shelter','Info','{"id": "02124afb-3a82-48a2-a26b-0a86f02bf7b6", "type": "ACTION", "title": "", "headline": "Identify a place for shelter", "description": "", "rolePlayerName": "ARC - EXCON", "participantNames": null, "comment": ""}','null');
insert into aar_service.record (id, clientId, sessionId, createDate, trialDate, topic, recordType, headline, msgType, recordJson, recordData) values (1168,'TB-TrialMgmt','null','2019-09-12 10:53:43.063','2019-09-12 10:53:43.063','system_tm_role_player','RolePlayerMessage','Coordinate the set-up of the shelter','Info','{"id": "7967116b-4ca6-4a6c-9bd0-0b4d3366a005", "type": "ACTION", "title": "", "headline": "Coordinate the set-up of the shelter", "description": "", "rolePlayerName": "ARC - EXCON", "participantNames": null, "comment": ""}','null');
insert into aar_service.record (id, clientId, sessionId, createDate, trialDate, topic, recordType, headline, msgType, recordJson, recordData) values (1169,'TB-Ost','null','2019-09-12 11:01:54.09','2019-09-12 11:01:54.09','system_observer_tool_answer','ObserverToolAnswer','A new observation was reported by: Block1_Emergent_Groups_Telegram-CrowdTasker_Partic','Info','{"trialId": 13, "sessionId": 217, "answerId": 1167, "timeSendUTC": 1568278912, "timeWhen": 1568278913000, "observationTypeName": "Block1_Emergent_Groups_Telegram-CrowdTasker_Partic", "observervationTypeId": 1450, "observationTypeDescription": "Question set", "description": "", "multiplicity": true, "questions": [{"id": 2965, "name": "The tasks to fulfill were clear to me.", "description": "-", "answer": "[Agree]", "comment": "", "typeOfQuestion": "checkbox"}, {"id": 2964, "name": "My task made an impact.", "description": "-", "answer": "Agree", "comment": "", "typeOfQuestion": "radiobutton"}, {"id": 2962, "name": "It was too much information (Tasks)?", "description": "-", "answer": "[Agree]", "comment": "", "typeOfQuestion": "checkbox"}, {"id": 2963, "name": "It was clear for me when my task was fulfilled.", "description": "-", "answer": "Neutral", "comment": "", "typeOfQuestion": "radiobutton"}, {"id": 2966, "name": "Do you think your task/needs came from a reliable ", "description": "-", "answer": "[Agree]", "comment": "", "typeOfQuestion": "checkbox"}]}','null');
insert into aar_service.record (id, clientId, sessionId, createDate, trialDate, topic, recordType, headline, msgType, recordJson, recordData) values (1170,'TB-Ost','null','2019-09-12 11:02:25.94','2019-09-12 11:02:25.94','system_observer_tool_answer','ObserverToolAnswer','A new observation was reported by: Block1_Emergent_Groups_Telegram-CrowdTasker_Partic','Info','{"trialId": 13, "sessionId": 217, "answerId": 1168, "timeSendUTC": 1568278943, "timeWhen": 1568278945000, "observationTypeName": "Block1_Emergent_Groups_Telegram-CrowdTasker_Partic", "observervationTypeId": 1450, "observationTypeDescription": "Question set", "description": "", "multiplicity": true, "questions": [{"id": 2965, "name": "The tasks to fulfill were clear to me.", "description": "-", "answer": "[Agree, Not applicable]", "comment": "", "typeOfQuestion": "checkbox"}, {"id": 2964, "name": "My task made an impact.", "description": "-", "answer": "Neutral", "comment": "", "typeOfQuestion": "radiobutton"}, {"id": 2962, "name": "It was too much information (Tasks)?", "description": "-", "answer": "[Not applicable]", "comment": "", "typeOfQuestion": "checkbox"}, {"id": 2963, "name": "It was clear for me when my task was fulfilled.", "description": "-", "answer": "Agree", "comment": "", "typeOfQuestion": "radiobutton"}, {"id": 2966, "name": "Do you think your task/needs came from a reliable ", "description": "-", "answer": "[Agree]", "comment": "", "typeOfQuestion": "checkbox"}]}','null');
insert into aar_service.record (id, clientId, sessionId, createDate, trialDate, topic, recordType, headline, msgType, recordJson, recordData) values (1171,'TB-Ost','null','2019-09-12 11:03:33.185','2019-09-12 11:03:33.185','system_observer_tool_answer','ObserverToolAnswer','A new observation was reported by: Block1_Emergent_Groups_Telegram-CrowdTasker_Partic','Info','{"trialId": 13, "sessionId": 217, "answerId": 1169, "timeSendUTC": 1568279011, "timeWhen": 1568279014000, "observationTypeName": "Block1_Emergent_Groups_Telegram-CrowdTasker_Partic", "observervationTypeId": 1450, "observationTypeDescription": "Question set", "description": "", "multiplicity": true, "questions": [{"id": 2965, "name": "The tasks to fulfill were clear to me.", "description": "-", "answer": "[Agree]", "comment": "Not difficult", "typeOfQuestion": "checkbox"}, {"id": 2964, "name": "My task made an impact.", "description": "-", "answer": "Neutral", "comment": "", "typeOfQuestion": "radiobutton"}, {"id": 2962, "name": "It was too much information (Tasks)?", "description": "-", "answer": "[Not applicable]", "comment": "Little mess but ok", "typeOfQuestion": "checkbox"}, {"id": 2963, "name": "It was clear for me when my task was fulfilled.", "description": "-", "answer": "Strongly agree", "comment": "", "typeOfQuestion": "radiobutton"}, {"id": 2966, "name": "Do you think your task/needs came from a reliable ", "description": "-", "answer": "[Not applicable]", "comment": "Group comunication is enough", "typeOfQuestion": "checkbox"}]}','null');
insert into aar_service.record (id, clientId, sessionId, createDate, trialDate, topic, recordType, headline, msgType, recordJson, recordData) values (1172,'TB-Ost','null','2019-09-12 11:05:18.7','2019-09-12 11:05:18.7','system_observer_tool_answer','ObserverToolAnswer','A new observation was reported by: Block1_Emergent_Groups_Telegram-CrowdTasker_Partic','Info','{"trialId": 13, "sessionId": 217, "answerId": 1170, "timeSendUTC": 1568279116, "timeWhen": 1568279116000, "observationTypeName": "Block1_Emergent_Groups_Telegram-CrowdTasker_Partic", "observervationTypeId": 1450, "observationTypeDescription": "Question set", "description": "", "multiplicity": true, "questions": [{"id": 2965, "name": "The tasks to fulfill were clear to me.", "description": "-", "answer": "[Agree]", "comment": "", "typeOfQuestion": "checkbox"}, {"id": 2964, "name": "My task made an impact.", "description": "-", "answer": "Strongly agree", "comment": "", "typeOfQuestion": "radiobutton"}, {"id": 2962, "name": "It was too much information (Tasks)?", "description": "-", "answer": "[Not applicable]", "comment": "", "typeOfQuestion": "checkbox"}, {"id": 2963, "name": "It was clear for me when my task was fulfilled.", "description": "-", "answer": "Agree", "comment": "", "typeOfQuestion": "radiobutton"}, {"id": 2966, "name": "Do you think your task/needs came from a reliable ", "description": "-", "answer": "[Agree]", "comment": "", "typeOfQuestion": "checkbox"}]}','null');
insert into aar_service.record (id, clientId, sessionId, createDate, trialDate, topic, recordType, headline, msgType, recordJson, recordData) values (1333,'TB-GeoServer','null','2019-09-12 13:32:14.688','2019-09-12 13:32:14.688','map_layer_update','MapLayerUpdate','Flug2_20190911_093956_15cm_499500_525750, CREATE','Info','{"url": "http://192.168.178.31:8180/geoserver/driver/wms", "title": "Flug2_20190911_093956_15cm_499500_525750", "description": "47.470939,14.993365,47.457441,15.013267", "username": null, "password": null, "updateType": "CREATE", "layerType": "WMS"}','null');
insert into aar_service.record (id, clientId, sessionId, createDate, trialDate, topic, recordType, headline, msgType, recordJson, recordData) values (1173,'TB-Ost','null','2019-09-12 11:09:03.165','2019-09-12 11:09:03.165','system_observer_tool_answer','ObserverToolAnswer','A new observation was reported by: Block1_Emergent_Groups_Telegram-CrowdTasker_Observ','Info','{"trialId": 13, "sessionId": 217, "answerId": 1171, "timeSendUTC": 1568279341, "timeWhen": 1568279342000, "observationTypeName": "Block1_Emergent_Groups_Telegram-CrowdTasker_Observ", "observervationTypeId": 1412, "observationTypeDescription": "Interaction: The Commander was able to adequately formulate his own needs and comments using the web interface of the CrowdTasker Community Module.", "description": "", "multiplicity": true, "questions": [{"id": 2941, "name": "Interaction: The Commander was able to adequately ", "description": "-", "answer": "Agree", "comment": "", "typeOfQuestion": "radiobutton"}]}','null');
insert into aar_service.record (id, clientId, sessionId, createDate, trialDate, topic, recordType, headline, msgType, recordJson, recordData) values (1174,'TB-Ost','null','2019-09-12 11:09:34.452','2019-09-12 11:09:34.452','system_observer_tool_answer','ObserverToolAnswer','A new observation was reported by: Block1_Emergent_Groups_Telegram-CrowdTasker_Observ','Info','{"trialId": 13, "sessionId": 217, "answerId": 1172, "timeSendUTC": 1568279372, "timeWhen": 1568279374000, "observationTypeName": "Block1_Emergent_Groups_Telegram-CrowdTasker_Observ", "observervationTypeId": 1409, "observationTypeDescription": "How many years of professional experience do you have in crisis management? ", "description": "", "multiplicity": true, "questions": [{"id": 2949, "name": "How many years of professional experience do you h", "description": "-", "answer": "More than 15 years", "comment": "", "typeOfQuestion": "radiobutton"}]}','null');
insert into aar_service.record (id, clientId, sessionId, createDate, trialDate, topic, recordType, headline, msgType, recordJson, recordData) values (1175,'TB-Ost','null','2019-09-12 11:13:04.326','2019-09-12 11:13:04.326','system_observer_tool_answer','ObserverToolAnswer','A new observation was reported by: Block1_Emergent_Groups_Telegram-CrowdTasker_Observ','Info','{"trialId": 13, "sessionId": 217, "answerId": 1173, "timeSendUTC": 1568279582, "timeWhen": 1568279584000, "observationTypeName": "Block1_Emergent_Groups_Telegram-CrowdTasker_Observ", "observervationTypeId": 1410, "observationTypeDescription": "How much would you agree with the statement that you have experience and knowledge regarding volunteer management?", "description": "", "multiplicity": true, "questions": [{"id": 2943, "name": "How much would you agree with the statement that y", "description": "-", "answer": "Agree", "comment": "I was working with volunteers specilized in disaster management in the framework of the UN disaster preparedness projects.", "typeOfQuestion": "radiobutton"}]}','null');
insert into aar_service.record (id, clientId, sessionId, createDate, trialDate, topic, recordType, headline, msgType, recordJson, recordData) values (1176,'TB-Ost','null','2019-09-12 11:15:01.42','2019-09-12 11:15:01.42','system_observer_tool_answer','ObserverToolAnswer','A new observation was reported by: Block1_Emergent_Groups_Telegram-CrowdTasker_Observ','Info','{"trialId": 13, "sessionId": 217, "answerId": 1174, "timeSendUTC": 1568279699, "timeWhen": 1568279701000, "observationTypeName": "Block1_Emergent_Groups_Telegram-CrowdTasker_Observ", "observervationTypeId": 1412, "observationTypeDescription": "Interaction: The Commander was able to adequately formulate his own needs and comments using the web interface of the CrowdTasker Community Module.", "description": "", "multiplicity": true, "questions": [{"id": 2941, "name": "Interaction: The Commander was able to adequately ", "description": "-", "answer": "Agree", "comment": "Commander was able to do so.", "typeOfQuestion": "radiobutton"}]}','null');
insert into aar_service.record (id, clientId, sessionId, createDate, trialDate, topic, recordType, headline, msgType, recordJson, recordData) values (1177,'TB-Ost','null','2019-09-12 11:17:13.149','2019-09-12 11:17:13.149','system_observer_tool_answer','ObserverToolAnswer','A new observation was reported by: Block1_Emergent_Groups_Telegram-CrowdTasker_Partic','Info','{"trialId": 13, "sessionId": 217, "answerId": 1175, "timeSendUTC": 1568279831, "timeWhen": 1568279832000, "observationTypeName": "Block1_Emergent_Groups_Telegram-CrowdTasker_Partic", "observervationTypeId": 1450, "observationTypeDescription": "Question set", "description": "", "multiplicity": true, "questions": [{"id": 2965, "name": "The tasks to fulfill were clear to me.", "description": "-", "answer": "[Agree]", "comment": "", "typeOfQuestion": "checkbox"}, {"id": 2964, "name": "My task made an impact.", "description": "-", "answer": "Neutral", "comment": "", "typeOfQuestion": "radiobutton"}, {"id": 2962, "name": "It was too much information (Tasks)?", "description": "-", "answer": "[Not applicable]", "comment": "", "typeOfQuestion": "checkbox"}, {"id": 2963, "name": "It was clear for me when my task was fulfilled.", "description": "-", "answer": "Neutral", "comment": "", "typeOfQuestion": "radiobutton"}, {"id": 2966, "name": "Do you think your task/needs came from a reliable ", "description": "-", "answer": "[Agree]", "comment": "", "typeOfQuestion": "checkbox"}]}','null');
insert into aar_service.record (id, clientId, sessionId, createDate, trialDate, topic, recordType, headline, msgType, recordJson, recordData) values (1178,'TB-Ost','null','2019-09-12 11:18:28.202','2019-09-12 11:18:28.202','system_observer_tool_answer','ObserverToolAnswer','A new observation was reported by: Block1_Emergent_Groups_Telegram-CrowdTasker_Observ','Info','{"trialId": 13, "sessionId": 217, "answerId": 1176, "timeSendUTC": 1568279906, "timeWhen": 1568279907000, "observationTypeName": "Block1_Emergent_Groups_Telegram-CrowdTasker_Observ", "observervationTypeId": 1413, "observationTypeDescription": "Interaction: The Commander was able to read the comments and needs of volunteers sufficiently well.", "description": "", "multiplicity": true, "questions": [{"id": 2942, "name": "Interaction: The Commander was able to read the co", "description": "-", "answer": "Strongly agree", "comment": "CrowdTasker enabled the commander to read the comments and needs of volunteers very well.", "typeOfQuestion": "radiobutton"}]}','null');
insert into aar_service.record (id, clientId, sessionId, createDate, trialDate, topic, recordType, headline, msgType, recordJson, recordData) values (1179,'TB-Ost','null','2019-09-12 11:22:00.382','2019-09-12 11:22:00.382','system_observer_tool_answer','ObserverToolAnswer','A new observation was reported by: Block1_Emergent_Groups_Telegram-CrowdTasker_Observ','Info','{"trialId": 13, "sessionId": 217, "answerId": 1177, "timeSendUTC": 1568280118, "timeWhen": 1568280120000, "observationTypeName": "Block1_Emergent_Groups_Telegram-CrowdTasker_Observ", "observervationTypeId": 1414, "observationTypeDescription": "Concept: The crisis manager can adequately express their intent through needs and comments in the CrowdTasker Community Module workflow (i.e., the crisis manager was able to communicate what s/he wanted to express).", "description": "", "multiplicity": true, "questions": [{"id": 2939, "name": "Concept: The crisis manager can adequately express", "description": "-", "answer": "Agree", "comment": "Yes, commander.was receiving all information required for his communication.", "typeOfQuestion": "radiobutton"}]}','null');
insert into aar_service.record (id, clientId, sessionId, createDate, trialDate, topic, recordType, headline, msgType, recordJson, recordData) values (1180,'TB-Ost','null','2019-09-12 11:25:41.722','2019-09-12 11:25:41.722','system_observer_tool_answer','ObserverToolAnswer','A new observation was reported by: Block1_Emergent_Groups_Telegram-CrowdTasker_Observ','Info','{"trialId": 13, "sessionId": 217, "answerId": 1178, "timeSendUTC": 1568280339, "timeWhen": 1568280341000, "observationTypeName": "Block1_Emergent_Groups_Telegram-CrowdTasker_Observ", "observervationTypeId": 1415, "observationTypeDescription": "The S2 creates a report for the EL (head of operations), based on the information provided by Crowdtasker.", "description": "", "multiplicity": true, "questions": [{"id": 2944, "name": "The S2 creates a report for the EL (head of operat", "description": "-", "answer": "[Agree]", "comment": "Information provided by CrowdTasker was used by S2 to this end.", "typeOfQuestion": "checkbox"}]}','null');
insert into aar_service.record (id, clientId, sessionId, createDate, trialDate, topic, recordType, headline, msgType, recordJson, recordData) values (1191,'TB-Ost','null','2019-09-12 11:27:54.508','2019-09-12 11:27:54.508','system_observer_tool_answer','ObserverToolAnswer','A new observation was reported by: Block1_Emergent_Groups_Telegram-CrowdTasker_Field ','Info','{"trialId": 13, "sessionId": 217, "answerId": 1189, "timeSendUTC": 1568280471, "timeWhen": 1568275740000, "observationTypeName": "Block1_Emergent_Groups_Telegram-CrowdTasker_Field ", "observervationTypeId": 1420, "observationTypeDescription": "How many years of professional experience do you have in crisis management? ", "description": "", "multiplicity": true, "questions": [{"id": 2920, "name": "How many years of professional experience do you h", "description": "-", "answer": "6 - 10 years", "comment": "", "typeOfQuestion": "radiobutton"}]}','null');
insert into aar_service.record (id, clientId, sessionId, createDate, trialDate, topic, recordType, headline, msgType, recordJson, recordData) values (1181,'TB-Ost','null','2019-09-12 11:26:45.28','2019-09-12 11:26:45.28','system_observer_tool_answer','ObserverToolAnswer','A new observation was reported by: Block1_Emergent_Groups_Telegram-CrowdTasker_Observ','Info','{"trialId": 13, "sessionId": 217, "answerId": 1179, "timeSendUTC": 1568280403, "timeWhen": 1568280404000, "observationTypeName": "Block1_Emergent_Groups_Telegram-CrowdTasker_Observ", "observervationTypeId": 1411, "observationTypeDescription": "Technology: The CrowdTasker Community Module is technologically operational (i.e., the commander can see existing needs and comments and can create new needs and comments via the web interface).", "description": "", "multiplicity": true, "questions": [{"id": 2940, "name": "Technology: The CrowdTasker Community Module is te", "description": "-", "answer": "Strongly agree", "comment": "No failure or malfunction was observed. The system appears to be very stable.  Ideas for improvement. Colour code for needs, e. g. red for open, yellow for in progress, green for finished. Moreover, there could be categories for messages, for instance question, information, task etc.", "typeOfQuestion": "radiobutton"}]}','null');
insert into aar_service.record (id, clientId, sessionId, createDate, trialDate, topic, recordType, headline, msgType, recordJson, recordData) values (1182,'TB-Ost','null','2019-09-12 11:27:52.94','2019-09-12 11:27:52.94','system_observer_tool_answer','ObserverToolAnswer','A new observation was reported by: Block1_Emergent_Groups_Telegram-CrowdTasker_Observ','Info','{"trialId": 13, "sessionId": 217, "answerId": 1180, "timeSendUTC": 1568280470, "timeWhen": 1568280472000, "observationTypeName": "Block1_Emergent_Groups_Telegram-CrowdTasker_Observ", "observervationTypeId": 1416, "observationTypeDescription": "The S2 uses other sources of visualisation (e.g google maps, paper maps, etc\u2026) for comparison with the information received.", "description": "", "multiplicity": true, "questions": [{"id": 2945, "name": "The S2 uses other sources of visualisation (e.g go", "description": "-", "answer": "[Agree]", "comment": "S2 used Google and paper maps in a limited way", "typeOfQuestion": "checkbox"}]}','null');
insert into aar_service.record (id, clientId, sessionId, createDate, trialDate, topic, recordType, headline, msgType, recordJson, recordData) values (1183,'TB-Ost','null','2019-09-12 11:27:53.466','2019-09-12 11:27:53.467','system_observer_tool_answer','ObserverToolAnswer','A new observation was reported by: Block1_Emergent_Groups_Telegram-CrowdTasker_Field ','Info','{"trialId": 13, "sessionId": 217, "answerId": 1181, "timeSendUTC": 1568280471, "timeWhen": 1568275080000, "observationTypeName": "Block1_Emergent_Groups_Telegram-CrowdTasker_Field ", "observervationTypeId": 1420, "observationTypeDescription": "How many years of professional experience do you have in crisis management? ", "description": "", "multiplicity": true, "questions": [{"id": 2920, "name": "How many years of professional experience do you h", "description": "-", "answer": "0 - 5 years", "comment": "", "typeOfQuestion": "radiobutton"}]}','null');
insert into aar_service.record (id, clientId, sessionId, createDate, trialDate, topic, recordType, headline, msgType, recordJson, recordData) values (1184,'TB-Ost','null','2019-09-12 11:27:53.592','2019-09-12 11:27:53.593','system_observer_tool_answer','ObserverToolAnswer','A new observation was reported by: Block1_Emergent_Groups_Telegram-CrowdTasker_Field ','Info','{"trialId": 13, "sessionId": 217, "answerId": 1182, "timeSendUTC": 1568280471, "timeWhen": 1568275088000, "observationTypeName": "Block1_Emergent_Groups_Telegram-CrowdTasker_Field ", "observervationTypeId": 1420, "observationTypeDescription": "How many years of professional experience do you have in crisis management? ", "description": "", "multiplicity": true, "questions": [{"id": 2920, "name": "How many years of professional experience do you h", "description": "-", "answer": "0 - 5 years", "comment": "", "typeOfQuestion": "radiobutton"}]}','null');
insert into aar_service.record (id, clientId, sessionId, createDate, trialDate, topic, recordType, headline, msgType, recordJson, recordData) values (1185,'TB-Ost','null','2019-09-12 11:27:53.722','2019-09-12 11:27:53.722','system_observer_tool_answer','ObserverToolAnswer','A new observation was reported by: Block1_Emergent_Groups_Telegram-CrowdTasker_Field ','Info','{"trialId": 13, "sessionId": 217, "answerId": 1183, "timeSendUTC": 1568280471, "timeWhen": 1568275098000, "observationTypeName": "Block1_Emergent_Groups_Telegram-CrowdTasker_Field ", "observervationTypeId": 1420, "observationTypeDescription": "How many years of professional experience do you have in crisis management? ", "description": "", "multiplicity": true, "questions": [{"id": 2920, "name": "How many years of professional experience do you h", "description": "-", "answer": "0 - 5 years", "comment": "", "typeOfQuestion": "radiobutton"}]}','null');
insert into aar_service.record (id, clientId, sessionId, createDate, trialDate, topic, recordType, headline, msgType, recordJson, recordData) values (1186,'TB-Ost','null','2019-09-12 11:27:53.851','2019-09-12 11:27:53.851','system_observer_tool_answer','ObserverToolAnswer','A new observation was reported by: Block1_Emergent_Groups_Telegram-CrowdTasker_Field ','Info','{"trialId": 13, "sessionId": 217, "answerId": 1184, "timeSendUTC": 1568280471, "timeWhen": 1568275135000, "observationTypeName": "Block1_Emergent_Groups_Telegram-CrowdTasker_Field ", "observervationTypeId": 1420, "observationTypeDescription": "How many years of professional experience do you have in crisis management? ", "description": "", "multiplicity": true, "questions": [{"id": 2920, "name": "How many years of professional experience do you h", "description": "-", "answer": "6 - 10 years", "comment": "", "typeOfQuestion": "radiobutton"}]}','null');
insert into aar_service.record (id, clientId, sessionId, createDate, trialDate, topic, recordType, headline, msgType, recordJson, recordData) values (1187,'TB-Ost','null','2019-09-12 11:27:53.982','2019-09-12 11:27:53.982','system_observer_tool_answer','ObserverToolAnswer','A new observation was reported by: Block1_Emergent_Groups_Telegram-CrowdTasker_Field ','Info','{"trialId": 13, "sessionId": 217, "answerId": 1185, "timeSendUTC": 1568280471, "timeWhen": 1568275139000, "observationTypeName": "Block1_Emergent_Groups_Telegram-CrowdTasker_Field ", "observervationTypeId": 1420, "observationTypeDescription": "How many years of professional experience do you have in crisis management? ", "description": "", "multiplicity": true, "questions": [{"id": 2920, "name": "How many years of professional experience do you h", "description": "-", "answer": "6 - 10 years", "comment": "", "typeOfQuestion": "radiobutton"}]}','null');
insert into aar_service.record (id, clientId, sessionId, createDate, trialDate, topic, recordType, headline, msgType, recordJson, recordData) values (1188,'TB-Ost','null','2019-09-12 11:27:54.111','2019-09-12 11:27:54.111','system_observer_tool_answer','ObserverToolAnswer','A new observation was reported by: Block1_Emergent_Groups_Telegram-CrowdTasker_Field ','Info','{"trialId": 13, "sessionId": 217, "answerId": 1187, "timeSendUTC": 1568280471, "timeWhen": 1568275805000, "observationTypeName": "Block1_Emergent_Groups_Telegram-CrowdTasker_Field ", "observervationTypeId": 1421, "observationTypeDescription": "How much would you agree with the statement that you have experience and knowledge regarding volunteer management?", "description": "", "multiplicity": true, "questions": [{"id": 2916, "name": "How much would you agree with the statement that y", "description": "-", "answer": "Strongly agree", "comment": "", "typeOfQuestion": "radiobutton"}]}','null');
insert into aar_service.record (id, clientId, sessionId, createDate, trialDate, topic, recordType, headline, msgType, recordJson, recordData) values (1189,'TB-Ost','null','2019-09-12 11:27:54.251','2019-09-12 11:27:54.251','system_observer_tool_answer','ObserverToolAnswer','A new observation was reported by: Block1_Emergent_Groups_Telegram-CrowdTasker_Field ','Info','{"trialId": 13, "sessionId": 217, "answerId": 1186, "timeSendUTC": 1568280471, "timeWhen": 1568275867000, "observationTypeName": "Block1_Emergent_Groups_Telegram-CrowdTasker_Field ", "observervationTypeId": 1420, "observationTypeDescription": "How many years of professional experience do you have in crisis management? ", "description": "", "multiplicity": true, "questions": [{"id": 2920, "name": "How many years of professional experience do you h", "description": "-", "answer": "6 - 10 years", "comment": "", "typeOfQuestion": "radiobutton"}]}','null');
insert into aar_service.record (id, clientId, sessionId, createDate, trialDate, topic, recordType, headline, msgType, recordJson, recordData) values (1190,'TB-Ost','null','2019-09-12 11:27:54.379','2019-09-12 11:27:54.379','system_observer_tool_answer','ObserverToolAnswer','A new observation was reported by: Block1_Emergent_Groups_Telegram-CrowdTasker_Field ','Info','{"trialId": 13, "sessionId": 217, "answerId": 1188, "timeSendUTC": 1568280471, "timeWhen": 1568275749000, "observationTypeName": "Block1_Emergent_Groups_Telegram-CrowdTasker_Field ", "observervationTypeId": 1420, "observationTypeDescription": "How many years of professional experience do you have in crisis management? ", "description": "", "multiplicity": true, "questions": [{"id": 2920, "name": "How many years of professional experience do you h", "description": "-", "answer": "6 - 10 years", "comment": "", "typeOfQuestion": "radiobutton"}]}','null');
insert into aar_service.record (id, clientId, sessionId, createDate, trialDate, topic, recordType, headline, msgType, recordJson, recordData) values (1192,'TB-Ost','null','2019-09-12 11:27:54.636','2019-09-12 11:27:54.636','system_observer_tool_answer','ObserverToolAnswer','A new observation was reported by: Block1_Emergent_Groups_Telegram-CrowdTasker_Field ','Info','{"trialId": 13, "sessionId": 217, "answerId": 1190, "timeSendUTC": 1568280472, "timeWhen": 1568275916000, "observationTypeName": "Block1_Emergent_Groups_Telegram-CrowdTasker_Field ", "observervationTypeId": 1421, "observationTypeDescription": "How much would you agree with the statement that you have experience and knowledge regarding volunteer management?", "description": "", "multiplicity": true, "questions": [{"id": 2916, "name": "How much would you agree with the statement that y", "description": "-", "answer": "Strongly agree", "comment": "", "typeOfQuestion": "radiobutton"}]}','null');
insert into aar_service.record (id, clientId, sessionId, createDate, trialDate, topic, recordType, headline, msgType, recordJson, recordData) values (1193,'TB-Ost','null','2019-09-12 11:27:54.77','2019-09-12 11:27:54.77','system_observer_tool_answer','ObserverToolAnswer','A new observation was reported by: Block1_Emergent_Groups_Telegram-CrowdTasker_Field ','Info','{"trialId": 13, "sessionId": 217, "answerId": 1191, "timeSendUTC": 1568280472, "timeWhen": 1568276852000, "observationTypeName": "Block1_Emergent_Groups_Telegram-CrowdTasker_Field ", "observervationTypeId": 1422, "observationTypeDescription": "Technology: The Telegram chatbot of CrowdTasker was technologically operational (i.e., volunteers could interact with it to create needs and comments and were notified about updates).", "description": "", "multiplicity": true, "questions": [{"id": 2915, "name": "Technology: The Telegram chatbot of CrowdTasker wa", "description": "-", "answer": "Agree", "comment": "", "typeOfQuestion": "radiobutton"}]}','null');
insert into aar_service.record (id, clientId, sessionId, createDate, trialDate, topic, recordType, headline, msgType, recordJson, recordData) values (1194,'TB-Ost','null','2019-09-12 11:27:54.91','2019-09-12 11:27:54.91','system_observer_tool_answer','ObserverToolAnswer','A new observation was reported by: Block1_Emergent_Groups_Telegram-CrowdTasker_Field ','Info','{"trialId": 13, "sessionId": 217, "answerId": 1192, "timeSendUTC": 1568280472, "timeWhen": 1568278400000, "observationTypeName": "Block1_Emergent_Groups_Telegram-CrowdTasker_Field ", "observervationTypeId": 1422, "observationTypeDescription": "Technology: The Telegram chatbot of CrowdTasker was technologically operational (i.e., volunteers could interact with it to create needs and comments and were notified about updates).", "description": "", "multiplicity": true, "questions": [{"id": 2915, "name": "Technology: The Telegram chatbot of CrowdTasker wa", "description": "-", "answer": "Strongly agree", "comment": "", "typeOfQuestion": "radiobutton"}]}','null');
insert into aar_service.record (id, clientId, sessionId, createDate, trialDate, topic, recordType, headline, msgType, recordJson, recordData) values (1195,'TB-Ost','null','2019-09-12 11:27:55.039','2019-09-12 11:27:55.039','system_observer_tool_answer','ObserverToolAnswer','A new observation was reported by: Block1_Emergent_Groups_Telegram-CrowdTasker_Field ','Info','{"trialId": 13, "sessionId": 217, "answerId": 1193, "timeSendUTC": 1568280472, "timeWhen": 1568278410000, "observationTypeName": "Block1_Emergent_Groups_Telegram-CrowdTasker_Field ", "observervationTypeId": 1422, "observationTypeDescription": "Technology: The Telegram chatbot of CrowdTasker was technologically operational (i.e., volunteers could interact with it to create needs and comments and were notified about updates).", "description": "", "multiplicity": true, "questions": [{"id": 2915, "name": "Technology: The Telegram chatbot of CrowdTasker wa", "description": "-", "answer": "Strongly agree", "comment": "", "typeOfQuestion": "radiobutton"}]}','null');
insert into aar_service.record (id, clientId, sessionId, createDate, trialDate, topic, recordType, headline, msgType, recordJson, recordData) values (1196,'TB-Ost','null','2019-09-12 11:27:55.167','2019-09-12 11:27:55.167','system_observer_tool_answer','ObserverToolAnswer','A new observation was reported by: Block1_Emergent_Groups_Telegram-CrowdTasker_Field ','Info','{"trialId": 13, "sessionId": 217, "answerId": 1195, "timeSendUTC": 1568280472, "timeWhen": 1568278602000, "observationTypeName": "Block1_Emergent_Groups_Telegram-CrowdTasker_Field ", "observervationTypeId": 1422, "observationTypeDescription": "Technology: The Telegram chatbot of CrowdTasker was technologically operational (i.e., volunteers could interact with it to create needs and comments and were notified about updates).", "description": "", "multiplicity": true, "questions": [{"id": 2915, "name": "Technology: The Telegram chatbot of CrowdTasker wa", "description": "-", "answer": "Strongly agree", "comment": "", "typeOfQuestion": "radiobutton"}]}','null');
insert into aar_service.record (id, clientId, sessionId, createDate, trialDate, topic, recordType, headline, msgType, recordJson, recordData) values (1197,'TB-Ost','null','2019-09-12 11:27:55.295','2019-09-12 11:27:55.295','system_observer_tool_answer','ObserverToolAnswer','A new observation was reported by: Block1_Emergent_Groups_Telegram-CrowdTasker_Field ','Info','{"trialId": 13, "sessionId": 217, "answerId": 1194, "timeSendUTC": 1568280472, "timeWhen": 1568278634000, "observationTypeName": "Block1_Emergent_Groups_Telegram-CrowdTasker_Field ", "observervationTypeId": 1422, "observationTypeDescription": "Technology: The Telegram chatbot of CrowdTasker was technologically operational (i.e., volunteers could interact with it to create needs and comments and were notified about updates).", "description": "", "multiplicity": true, "questions": [{"id": 2915, "name": "Technology: The Telegram chatbot of CrowdTasker wa", "description": "-", "answer": "Strongly agree", "comment": "", "typeOfQuestion": "radiobutton"}]}','null');
insert into aar_service.record (id, clientId, sessionId, createDate, trialDate, topic, recordType, headline, msgType, recordJson, recordData) values (1198,'TB-Ost','null','2019-09-12 11:27:55.424','2019-09-12 11:27:55.424','system_observer_tool_answer','ObserverToolAnswer','A new observation was reported by: Block1_Emergent_Groups_Telegram-CrowdTasker_Field ','Info','{"trialId": 13, "sessionId": 217, "answerId": 1196, "timeSendUTC": 1568280472, "timeWhen": 1568278793000, "observationTypeName": "Block1_Emergent_Groups_Telegram-CrowdTasker_Field ", "observervationTypeId": 1423, "observationTypeDescription": "Interaction: Interaction with the chatbot sufficiently supported the volunteers in creating digital artefacts and receiving updates.", "description": "", "multiplicity": true, "questions": [{"id": 2914, "name": "Interaction: Interaction with the chatbot sufficie", "description": "-", "answer": "Strongly agree", "comment": "", "typeOfQuestion": "radiobutton"}]}','null');
insert into aar_service.record (id, clientId, sessionId, createDate, trialDate, topic, recordType, headline, msgType, recordJson, recordData) values (1199,'TB-Ost','null','2019-09-12 11:27:55.554','2019-09-12 11:27:55.554','system_observer_tool_answer','ObserverToolAnswer','A new observation was reported by: Block1_Emergent_Groups_Telegram-CrowdTasker_Field ','Info','{"trialId": 13, "sessionId": 217, "answerId": 1198, "timeSendUTC": 1568280472, "timeWhen": 1568279719000, "observationTypeName": "Block1_Emergent_Groups_Telegram-CrowdTasker_Field ", "observervationTypeId": 1424, "observationTypeDescription": "Concept: Publishing needs and comments is sufficient for volunteers to organise intra-groups coordination (i.e., needs and comments are enough information for volunteers in order to coordinate their work between groups).", "description": "", "multiplicity": true, "questions": [{"id": 2913, "name": "Concept: Publishing needs and comments is sufficie", "description": "-", "answer": "Strongly agree", "comment": "", "typeOfQuestion": "radiobutton"}]}','null');
insert into aar_service.record (id, clientId, sessionId, createDate, trialDate, topic, recordType, headline, msgType, recordJson, recordData) values (1200,'TB-Ost','null','2019-09-12 11:27:55.688','2019-09-12 11:27:55.688','system_observer_tool_answer','ObserverToolAnswer','A new observation was reported by: Block1_Emergent_Groups_Telegram-CrowdTasker_Field ','Info','{"trialId": 13, "sessionId": 217, "answerId": 1197, "timeSendUTC": 1568280472, "timeWhen": 1568278798000, "observationTypeName": "Block1_Emergent_Groups_Telegram-CrowdTasker_Field ", "observervationTypeId": 1423, "observationTypeDescription": "Interaction: Interaction with the chatbot sufficiently supported the volunteers in creating digital artefacts and receiving updates.", "description": "", "multiplicity": true, "questions": [{"id": 2914, "name": "Interaction: Interaction with the chatbot sufficie", "description": "-", "answer": "Strongly agree", "comment": "", "typeOfQuestion": "radiobutton"}]}','null');
insert into aar_service.record (id, clientId, sessionId, createDate, trialDate, topic, recordType, headline, msgType, recordJson, recordData) values (1351,'airborne','null','2019-09-12 13:38:14.512','2019-09-12 13:38:14.512','large_data_update','LargeDataUpdate','New LargeFile available: Bridge','Info','{"url": "ftp://f_argos:Vabene01@plapperkaefer/ftp/mosaike/Flug2_20190911_094111_15cm_496500_5263500.tif", "title": "Bridge", "description": "47.524917,14.953506,47.511427,14.973439", "dataType": "image_geotiff"}','null');
insert into aar_service.file (id, name, mimeType, url, record_id) values (110,'record/attachements/Flug2_20190911_094111_15cm_496500_5263500.tif','image_geotiff','ftp://f_argos:Vabene01@plapperkaefer/ftp/mosaike/Flug2_20190911_094111_15cm_496500_5263500.tif',1351);
insert into aar_service.record (id, clientId, sessionId, createDate, trialDate, topic, recordType, headline, msgType, recordJson, recordData) values (1201,'TB-Ost','null','2019-09-12 11:27:55.833','2019-09-12 11:27:55.833','system_observer_tool_answer','ObserverToolAnswer','A new observation was reported by: Block1_Emergent_Groups_Telegram-CrowdTasker_Field ','Info','{"trialId": 13, "sessionId": 217, "answerId": 1199, "timeSendUTC": 1568280472, "timeWhen": 1568279759000, "observationTypeName": "Block1_Emergent_Groups_Telegram-CrowdTasker_Field ", "observervationTypeId": 1425, "observationTypeDescription": "Utility: The needs and comments published via the chatbot enabled volunteers to understand the goals and activity of other groups (including guidance by the crisis manager).", "description": "", "multiplicity": true, "questions": [{"id": 2912, "name": "Utility: The needs and comments published via the ", "description": "-", "answer": "Agree", "comment": "", "typeOfQuestion": "radiobutton"}]}','null');
insert into aar_service.record (id, clientId, sessionId, createDate, trialDate, topic, recordType, headline, msgType, recordJson, recordData) values (1202,'TB-Ost','null','2019-09-12 11:27:55.971','2019-09-12 11:27:55.971','system_observer_tool_answer','ObserverToolAnswer','A new observation was reported by: Block1_Emergent_Groups_Telegram-CrowdTasker_Field ','Info','{"trialId": 13, "sessionId": 217, "answerId": 1200, "timeSendUTC": 1568280472, "timeWhen": 1568279929000, "observationTypeName": "Block1_Emergent_Groups_Telegram-CrowdTasker_Field ", "observervationTypeId": 1426, "observationTypeDescription": "Utility: If there was a liaison officer on site that provided a personal point of contact for volunteers, then the Telegram chatbot supporter his/her interaction with the volunteers.", "description": "", "multiplicity": true, "questions": [{"id": 2921, "name": "Utility: If there was a liaison officer on site th", "description": "-", "answer": "Neutral", "comment": "", "typeOfQuestion": "radiobutton"}]}','null');
insert into aar_service.record (id, clientId, sessionId, createDate, trialDate, topic, recordType, headline, msgType, recordJson, recordData) values (1203,'TB-Ost','null','2019-09-12 11:27:56.101','2019-09-12 11:27:56.101','system_observer_tool_answer','ObserverToolAnswer','A new observation was reported by: Block1_Emergent_Groups_Telegram-CrowdTasker_Field ','Info','{"trialId": 13, "sessionId": 217, "answerId": 1201, "timeSendUTC": 1568280472, "timeWhen": 1568279959000, "observationTypeName": "Block1_Emergent_Groups_Telegram-CrowdTasker_Field ", "observervationTypeId": 1427, "observationTypeDescription": "The volunteers know what to do when they get a task by crowdtasker.", "description": "", "multiplicity": true, "questions": [{"id": 2917, "name": "The volunteers know what to do when they get a tas", "description": "-", "answer": "[Agree]", "comment": "", "typeOfQuestion": "checkbox"}]}','null');
insert into aar_service.record (id, clientId, sessionId, createDate, trialDate, topic, recordType, headline, msgType, recordJson, recordData) values (1204,'TB-Ost','null','2019-09-12 11:27:56.237','2019-09-12 11:27:56.237','system_observer_tool_answer','ObserverToolAnswer','A new observation was reported by: Block1_Emergent_Groups_Telegram-CrowdTasker_Field ','Info','{"trialId": 13, "sessionId": 217, "answerId": 1202, "timeSendUTC": 1568280472, "timeWhen": 1568279990000, "observationTypeName": "Block1_Emergent_Groups_Telegram-CrowdTasker_Field ", "observervationTypeId": 1429, "observationTypeDescription": "Do you observe  that the volunteers talk to each other and work as a Team?", "description": "", "multiplicity": true, "questions": [{"id": 2919, "name": "Do you observe  that the volunteers talk to each o", "description": "-", "answer": "Strongly agree", "comment": "", "typeOfQuestion": "radiobutton"}]}','null');
insert into aar_service.record (id, clientId, sessionId, createDate, trialDate, topic, recordType, headline, msgType, recordJson, recordData) values (1205,'TB-Ost','null','2019-09-12 11:27:56.374','2019-09-12 11:27:56.374','system_observer_tool_answer','ObserverToolAnswer','A new observation was reported by: Block1_Emergent_Groups_Telegram-CrowdTasker_Field ','Info','{"trialId": 13, "sessionId": 217, "answerId": 1203, "timeSendUTC": 1568280472, "timeWhen": 1568279976000, "observationTypeName": "Block1_Emergent_Groups_Telegram-CrowdTasker_Field ", "observervationTypeId": 1428, "observationTypeDescription": "The volunters were acting safely (being careful when crossing streets, taking photos from a safe distance).", "description": "", "multiplicity": true, "questions": [{"id": 2918, "name": "The volunters were acting safely (being careful wh", "description": "-", "answer": "[Agree]", "comment": "", "typeOfQuestion": "checkbox"}]}','null');
insert into aar_service.record (id, clientId, sessionId, createDate, trialDate, topic, recordType, headline, msgType, recordJson, recordData) values (1206,'TB-Ost','null','2019-09-12 11:30:31.909','2019-09-12 11:30:31.909','system_observer_tool_answer','ObserverToolAnswer','A new observation was reported by: Block1_Emergent_Groups_Telegram-CrowdTasker_Observ','Info','{"trialId": 13, "sessionId": 217, "answerId": 1204, "timeSendUTC": 1568280629, "timeWhen": 1568280631000, "observationTypeName": "Block1_Emergent_Groups_Telegram-CrowdTasker_Observ", "observervationTypeId": 1412, "observationTypeDescription": "Interaction: The Commander was able to adequately formulate his own needs and comments using the web interface of the CrowdTasker Community Module.", "description": "", "multiplicity": true, "questions": [{"id": 2941, "name": "Interaction: The Commander was able to adequately ", "description": "-", "answer": "Strongly agree", "comment": "This was intensively used during the whole session.", "typeOfQuestion": "radiobutton"}]}','null');
insert into aar_service.record (id, clientId, sessionId, createDate, trialDate, topic, recordType, headline, msgType, recordJson, recordData) values (1207,'TB-Ost','null','2019-09-12 11:30:41.482','2019-09-12 11:30:41.482','system_observer_tool_answer','ObserverToolAnswer','A new observation was reported by: Block1_Emergent_Groups_Telegram-CrowdTasker_Observ','Info','{"trialId": 13, "sessionId": 217, "answerId": 1205, "timeSendUTC": 1568280639, "timeWhen": 1568280641000, "observationTypeName": "Block1_Emergent_Groups_Telegram-CrowdTasker_Observ", "observervationTypeId": 1417, "observationTypeDescription": "The S2 uses other sources of information (e.g databases, internet,\u2026) for getting aditional information i.e: non visual information like population density, distance, resources allocation, etc since the information received  was not sufficient.", "description": "", "multiplicity": true, "questions": [{"id": 2946, "name": "The S2 uses other sources of information (e.g data", "description": "-", "answer": "[Not applicable]", "comment": "S2 did not used other sources of information.", "typeOfQuestion": "checkbox"}]}','null');
insert into aar_service.record (id, clientId, sessionId, createDate, trialDate, topic, recordType, headline, msgType, recordJson, recordData) values (1208,'TB-Ost','null','2019-09-12 11:34:07.818','2019-09-12 11:34:07.819','system_observer_tool_answer','ObserverToolAnswer','A new observation was reported by: Block1_Emergent_Groups_Telegram-CrowdTasker_Observ','Info','{"trialId": 13, "sessionId": 217, "answerId": 1206, "timeSendUTC": 1568280845, "timeWhen": 1568280847000, "observationTypeName": "Block1_Emergent_Groups_Telegram-CrowdTasker_Observ", "observervationTypeId": 1418, "observationTypeDescription": "The S2 operator asks the Crowdtasker operator to task volunteers with additional assignments.", "description": "", "multiplicity": true, "questions": [{"id": 2947, "name": "The S2 operator asks the Crowdtasker operator to t", "description": "-", "answer": "[Agree]", "comment": "S2 operator asked the CrowdTasker operator to task volunteers with several additional assignments.", "typeOfQuestion": "checkbox"}]}','null');
insert into aar_service.record (id, clientId, sessionId, createDate, trialDate, topic, recordType, headline, msgType, recordJson, recordData) values (1209,'CrowdTaskerProducer','null','2019-09-12 11:34:19.315','2019-09-12 11:34:19.315','crowd-tasker_info','FeatureCollection','Crowdtasker Task Report','Info','{"type": "FeatureCollection", "bbox": null, "features": [{"type": "Feature", "bbox": null, "geometry": {"type": "Polygon", "coordinates": [[[15.569367, 47.977199], [15.305786, 47.489037], [15.942774, 47.429555], [16.030634, 47.888783], [15.569367, 47.977199]]]}, "properties": {"name": "Crowdtasker Task Report", "GUID": "CTC89986552-e436-4a4d-b567-ef734883b3f9", "description": "Incident Report", "title": "INFORMATION: The Exercise is done! THANK YOU!", "type": "VOLUNTEER_REPORT", "content": "DONE!"}}]}','null');
insert into aar_service.record (id, clientId, sessionId, createDate, trialDate, topic, recordType, headline, msgType, recordJson, recordData) values (1352,'TB-GeoServer','null','2019-09-12 13:38:25.642','2019-09-12 13:38:25.642','map_layer_update','MapLayerUpdate','Flug2_20190911_094111_15cm_496500_526350, CREATE','Info','{"url": "http://192.168.178.31:8180/geoserver/driver/wms", "title": "Flug2_20190911_094111_15cm_496500_526350", "description": "47.524917,14.953506,47.511427,14.973439", "username": null, "password": null, "updateType": "CREATE", "layerType": "WMS"}','null');
insert into aar_service.record (id, clientId, sessionId, createDate, trialDate, topic, recordType, headline, msgType, recordJson, recordData) values (1648,'TB-AARTool_FD','null','2019-09-13 08:44:08.449','2019-09-13 08:44:08.449','system_logging','Log','New Generic Callback Consumer created for topic: large_data_update','Info','{"id": "TB-AARTool_FD", "dateTimeSent": 1568357039788, "level": "INFO", "log": "New Generic Callback Consumer created for topic: large_data_update"}','null');
insert into aar_service.record (id, clientId, sessionId, createDate, trialDate, topic, recordType, headline, msgType, recordJson, recordData) values (1210,'TB-Ost','null','2019-09-12 11:35:05.808','2019-09-12 11:35:05.808','system_observer_tool_answer','ObserverToolAnswer','A new observation was reported by: Block1_Emergent_Groups_Telegram-CrowdTasker_Observ','Info','{"trialId": 13, "sessionId": 217, "answerId": 1207, "timeSendUTC": 1568280903, "timeWhen": 1568280905000, "observationTypeName": "Block1_Emergent_Groups_Telegram-CrowdTasker_Observ", "observervationTypeId": 1413, "observationTypeDescription": "Interaction: The Commander was able to read the comments and needs of volunteers sufficiently well.", "description": "", "multiplicity": true, "questions": [{"id": 2942, "name": "Interaction: The Commander was able to read the co", "description": "-", "answer": "Agree", "comment": "Intense use of CrowdTasker as a source of information by the command unit.", "typeOfQuestion": "radiobutton"}]}','null');
insert into aar_service.record (id, clientId, sessionId, createDate, trialDate, topic, recordType, headline, msgType, recordJson, recordData) values (1211,'TB-Ost','null','2019-09-12 11:35:06.381','2019-09-12 11:35:06.381','system_observer_tool_answer','ObserverToolAnswer','A new observation was reported by: Block1_Emergent_Groups_Telegram-CrowdTasker_Observ','Info','{"trialId": 13, "sessionId": 217, "answerId": 1208, "timeSendUTC": 1568280904, "timeWhen": 1568280906000, "observationTypeName": "Block1_Emergent_Groups_Telegram-CrowdTasker_Observ", "observervationTypeId": 1419, "observationTypeDescription": "Can you observe, the S2 is using the information received by crowdtasker.", "description": "", "multiplicity": true, "questions": [{"id": 2948, "name": "Can you observe, the S2 is using the information r", "description": "-", "answer": "[Agree]", "comment": "This was happening often.", "typeOfQuestion": "checkbox"}]}','null');
insert into aar_service.record (id, clientId, sessionId, createDate, trialDate, topic, recordType, headline, msgType, recordJson, recordData) values (1212,'TB-Ost','null','2019-09-12 11:35:38.789','2019-09-12 11:35:38.789','system_observer_tool_answer','ObserverToolAnswer','A new observation was reported by: Block1_Emergent_Groups_Telegram-CrowdTasker_Observ','Info','{"trialId": 13, "sessionId": 217, "answerId": 1209, "timeSendUTC": 1568280936, "timeWhen": 1568280938000, "observationTypeName": "Block1_Emergent_Groups_Telegram-CrowdTasker_Observ", "observervationTypeId": 1414, "observationTypeDescription": "Concept: The crisis manager can adequately express their intent through needs and comments in the CrowdTasker Community Module workflow (i.e., the crisis manager was able to communicate what s/he wanted to express).", "description": "", "multiplicity": true, "questions": [{"id": 2939, "name": "Concept: The crisis manager can adequately express", "description": "-", "answer": "Agree", "comment": "See previous question. ", "typeOfQuestion": "radiobutton"}]}','null');
insert into aar_service.record (id, clientId, sessionId, createDate, trialDate, topic, recordType, headline, msgType, recordJson, recordData) values (1213,'TB-Ost','null','2019-09-12 11:37:59.632','2019-09-12 11:37:59.632','system_observer_tool_answer','ObserverToolAnswer','A new observation was reported by: Block1_Emergent_Groups_Telegram-CrowdTasker_Observ','Info','{"trialId": 13, "sessionId": 217, "answerId": 1210, "timeSendUTC": 1568281077, "timeWhen": 1568281079000, "observationTypeName": "Block1_Emergent_Groups_Telegram-CrowdTasker_Observ", "observervationTypeId": 1415, "observationTypeDescription": "The S2 creates a report for the EL (head of operations), based on the information provided by Crowdtasker.", "description": "", "multiplicity": true, "questions": [{"id": 2944, "name": "The S2 creates a report for the EL (head of operat", "description": "-", "answer": "[Not applicable]", "comment": "The command unit worked as a team, so all of them directly used the information from CrowdTasker from time to time. ", "typeOfQuestion": "checkbox"}]}','null');
insert into aar_service.record (id, clientId, sessionId, createDate, trialDate, topic, recordType, headline, msgType, recordJson, recordData) values (1214,'TB-Ost','null','2019-09-12 11:38:16.908','2019-09-12 11:38:16.908','system_observer_tool_answer','ObserverToolAnswer','A new observation was reported by: Block1_Emergent_Groups_Telegram-CrowdTasker_Observ','Info','{"trialId": 13, "sessionId": 217, "answerId": 1211, "timeSendUTC": 1568281094, "timeWhen": 1568281096000, "observationTypeName": "Block1_Emergent_Groups_Telegram-CrowdTasker_Observ", "observervationTypeId": 1416, "observationTypeDescription": "The S2 uses other sources of visualisation (e.g google maps, paper maps, etc\u2026) for comparison with the information received.", "description": "", "multiplicity": true, "questions": [{"id": 2945, "name": "The S2 uses other sources of visualisation (e.g go", "description": "-", "answer": "[Agree]", "comment": "", "typeOfQuestion": "checkbox"}]}','null');
insert into aar_service.record (id, clientId, sessionId, createDate, trialDate, topic, recordType, headline, msgType, recordJson, recordData) values (1215,'TB-Ost','null','2019-09-12 11:39:46.427','2019-09-12 11:39:46.427','system_observer_tool_answer','ObserverToolAnswer','A new observation was reported by: Block1_Emergent_Groups_Telegram-CrowdTasker_Observ','Info','{"trialId": 13, "sessionId": 217, "answerId": 1212, "timeSendUTC": 1568281184, "timeWhen": 1568281185000, "observationTypeName": "Block1_Emergent_Groups_Telegram-CrowdTasker_Observ", "observervationTypeId": 1416, "observationTypeDescription": "The S2 uses other sources of visualisation (e.g google maps, paper maps, etc\u2026) for comparison with the information received.", "description": "", "multiplicity": true, "questions": [{"id": 2945, "name": "The S2 uses other sources of visualisation (e.g go", "description": "-", "answer": "[Agree]", "comment": "Visualization was done on a paper map with sticky notes and needles based on the information from CrowdTasker. ", "typeOfQuestion": "checkbox"}]}','null');
insert into aar_service.record (id, clientId, sessionId, createDate, trialDate, topic, recordType, headline, msgType, recordJson, recordData) values (1216,'TB-Ost','null','2019-09-12 11:40:21.989','2019-09-12 11:40:21.989','system_observer_tool_answer','ObserverToolAnswer','A new observation was reported by: Block1_Emergent_Groups_Telegram-CrowdTasker_Observ','Info','{"trialId": 13, "sessionId": 217, "answerId": 1213, "timeSendUTC": 1568281220, "timeWhen": 1568281221000, "observationTypeName": "Block1_Emergent_Groups_Telegram-CrowdTasker_Observ", "observervationTypeId": 1417, "observationTypeDescription": "The S2 uses other sources of information (e.g databases, internet,\u2026) for getting aditional information i.e: non visual information like population density, distance, resources allocation, etc since the information received  was not sufficient.", "description": "", "multiplicity": true, "questions": [{"id": 2946, "name": "The S2 uses other sources of information (e.g data", "description": "-", "answer": "[Not applicable]", "comment": "Not as far as I can see. ", "typeOfQuestion": "checkbox"}]}','null');
insert into aar_service.record (id, clientId, sessionId, createDate, trialDate, topic, recordType, headline, msgType, recordJson, recordData) values (1217,'TB-Ost','null','2019-09-12 11:41:15.765','2019-09-12 11:41:15.765','system_observer_tool_answer','ObserverToolAnswer','A new observation was reported by: Block1_Emergent_Groups_Telegram-CrowdTasker_Practi','Info','{"trialId": 13, "sessionId": 217, "answerId": 1214, "timeSendUTC": 1568281273, "timeWhen": 1568281275000, "observationTypeName": "Block1_Emergent_Groups_Telegram-CrowdTasker_Practi", "observervationTypeId": 1430, "observationTypeDescription": "Question set", "description": "", "multiplicity": true, "questions": [{"id": 3010, "name": "Helpers that are not part of an emergency organisa", "description": "-", "answer": "Agree", "comment": "", "typeOfQuestion": "radiobutton"}, {"id": 3011, "name": "The information received by Crowdtasker was accura", "description": "-", "answer": "Agree", "comment": "", "typeOfQuestion": "radiobutton"}, {"id": 3012, "name": "Helpers that are not part of an emergency organisa", "description": "-", "answer": "Neutral", "comment": "", "typeOfQuestion": "radiobutton"}, {"id": 3013, "name": "Helpers that are not part of an emergency organisa", "description": "-", "answer": "Strongly agree", "comment": "", "typeOfQuestion": "radiobutton"}, {"id": 3014, "name": "Utility: The commander gained an understanding of ", "description": "-", "answer": "Agree", "comment": "", "typeOfQuestion": "radiobutton"}, {"id": 3015, "name": "Helpers that are not part of an emergency organisa", "description": "-", "answer": "Agree", "comment": "", "typeOfQuestion": "radiobutton"}, {"id": 3016, "name": "The information received by crowdtasker was reliab", "description": "-", "answer": "Strongly agree", "comment": "", "typeOfQuestion": "radiobutton"}, {"id": 3017, "name": "Effectiveness: I would be able to complete my task", "description": "Please rate the following as compared to your daily work routine.", "answer": "Neutral", "comment": "", "typeOfQuestion": "radiobutton"}, {"id": 3018, "name": "I was not sure what was really happening.", "description": "-", "answer": "Neutral", "comment": "", "typeOfQuestion": "radiobutton"}, {"id": 3019, "name": "Efficiency: I would be able to complete my tasks f", "description": "Please rate the following as compared to your daily work routine.", "answer": "Disagree", "comment": "", "typeOfQuestion": "radiobutton"}, {"id": 3020, "name": "Satisfaction: Overall, I am satisfied with the use", "description": "Please rate the following as compared to your daily work routine.", "answer": "Neutral", "comment": "", "typeOfQuestion": "radiobutton"}, {"id": 3021, "name": "Usability: It would be easy to integrate this solu", "description": "Please rate the following as compared to your daily work routine.", "answer": "Disagree", "comment": "", "typeOfQuestion": "radiobutton"}, {"id": 3022, "name": "Usability: The solution supports me with additiona", "description": "Please rate the following as compared to your daily work routine.", "answer": "Agree", "comment": "", "typeOfQuestion": "radiobutton"}, {"id": 3023, "name": "Coordinating emergent volunteers is easier by usin", "description": "-", "answer": "Neutral", "comment": "", "typeOfQuestion": "radiobutton"}, {"id": 3024, "name": "Effectiveness: I would be able to manage my tasks ", "description": "Please rate the following as compared to your daily work routine.", "answer": "Disagree", "comment": "", "typeOfQuestion": "radiobutton"}, {"id": 3025, "name": "It is difficult to do a follow up of the tasks per", "description": "-", "answer": "Agree", "comment": "", "typeOfQuestion": "radiobutton"}, {"id": 3026, "name": "Reviewing the information by crowdtasker took me a", "description": "-", "answer": "Not applicable", "comment": "", "typeOfQuestion": "radiobutton"}, {"id": 3027, "name": "Usability: The solution supports more detailed inf", "description": "Please rate the following as compared to your daily work routine.", "answer": "Agree", "comment": "", "typeOfQuestion": "radiobutton"}, {"id": 3028, "name": "Efficiency: I would be able to complete my tasks m", "description": "Please rate the following as compared to your daily work routine.", "answer": "Agree", "comment": "", "typeOfQuestion": "radiobutton"}, {"id": 3029, "name": "It was clear to me, when a task was fullfilled.", "description": "-", "answer": "Neutral", "comment": "", "typeOfQuestion": "radiobutton"}]}','null');
insert into aar_service.record (id, clientId, sessionId, createDate, trialDate, topic, recordType, headline, msgType, recordJson, recordData) values (1370,'airborne','null','2019-09-12 13:49:29.836','2019-09-12 13:49:29.836','large_data_update','LargeDataUpdate','New LargeFile available: Bridge','Info','{"url": "ftp://f_argos:Vabene01@plapperkaefer/ftp/mosaike/Flug2_20190911_094202_15cm_493500_5265000.tif", "title": "Bridge", "description": "47.538391,14.913631,47.524908,14.933579", "dataType": "image_geotiff"}','null');
insert into aar_service.file (id, name, mimeType, url, record_id) values (115,'record/attachements/Flug2_20190911_094202_15cm_493500_5265000.tif','image_geotiff','ftp://f_argos:Vabene01@plapperkaefer/ftp/mosaike/Flug2_20190911_094202_15cm_493500_5265000.tif',1370);
insert into aar_service.record (id, clientId, sessionId, createDate, trialDate, topic, recordType, headline, msgType, recordJson, recordData) values (1649,'TB-AARTool_FD','null','2019-09-13 08:44:08.574','2019-09-13 08:44:08.574','system_logging','Log','addCallback-->','Info','{"id": "TB-AARTool_FD", "dateTimeSent": 1568357039788, "level": "INFO", "log": "addCallback-->"}','null');
insert into aar_service.record (id, clientId, sessionId, createDate, trialDate, topic, recordType, headline, msgType, recordJson, recordData) values (1218,'TB-Ost','null','2019-09-12 11:41:43.178','2019-09-12 11:41:43.178','system_observer_tool_answer','ObserverToolAnswer','A new observation was reported by: Block1_Emergent_Groups_Telegram-CrowdTasker_Observ','Info','{"trialId": 13, "sessionId": 217, "answerId": 1215, "timeSendUTC": 1568281301, "timeWhen": 1568281302000, "observationTypeName": "Block1_Emergent_Groups_Telegram-CrowdTasker_Observ", "observervationTypeId": 1418, "observationTypeDescription": "The S2 operator asks the Crowdtasker operator to task volunteers with additional assignments.", "description": "", "multiplicity": true, "questions": [{"id": 2947, "name": "The S2 operator asks the Crowdtasker operator to t", "description": "-", "answer": "[Agree]", "comment": "This was done intensively by the the entire command unit during the whole session. ", "typeOfQuestion": "checkbox"}]}','null');
insert into aar_service.record (id, clientId, sessionId, createDate, trialDate, topic, recordType, headline, msgType, recordJson, recordData) values (1219,'TB-Ost','null','2019-09-12 11:42:22.239','2019-09-12 11:42:22.239','system_observer_tool_answer','ObserverToolAnswer','A new observation was reported by: Block1_Emergent_Groups_Telegram-CrowdTasker_Practi','Info','{"trialId": 13, "sessionId": 217, "answerId": 1216, "timeSendUTC": 1568281340, "timeWhen": 1568281341000, "observationTypeName": "Block1_Emergent_Groups_Telegram-CrowdTasker_Practi", "observervationTypeId": 1430, "observationTypeDescription": "Question set", "description": "", "multiplicity": true, "questions": [{"id": 3010, "name": "Helpers that are not part of an emergency organisa", "description": "-", "answer": "Agree", "comment": "", "typeOfQuestion": "radiobutton"}, {"id": 3011, "name": "The information received by Crowdtasker was accura", "description": "-", "answer": "Neutral", "comment": "Difficult to group the information", "typeOfQuestion": "radiobutton"}, {"id": 3012, "name": "Helpers that are not part of an emergency organisa", "description": "-", "answer": "Disagree", "comment": "", "typeOfQuestion": "radiobutton"}, {"id": 3013, "name": "Helpers that are not part of an emergency organisa", "description": "-", "answer": "Agree", "comment": "", "typeOfQuestion": "radiobutton"}, {"id": 3014, "name": "Utility: The commander gained an understanding of ", "description": "-", "answer": "Agree", "comment": "", "typeOfQuestion": "radiobutton"}, {"id": 3015, "name": "Helpers that are not part of an emergency organisa", "description": "-", "answer": "Agree", "comment": "", "typeOfQuestion": "radiobutton"}, {"id": 3016, "name": "The information received by crowdtasker was reliab", "description": "-", "answer": "Neutral", "comment": "Difficult to verify the information", "typeOfQuestion": "radiobutton"}, {"id": 3017, "name": "Effectiveness: I would be able to complete my task", "description": "Please rate the following as compared to your daily work routine.", "answer": "Agree", "comment": "", "typeOfQuestion": "radiobutton"}, {"id": 3018, "name": "I was not sure what was really happening.", "description": "-", "answer": "Disagree", "comment": "", "typeOfQuestion": "radiobutton"}, {"id": 3019, "name": "Efficiency: I would be able to complete my tasks f", "description": "Please rate the following as compared to your daily work routine.", "answer": "Agree", "comment": "", "typeOfQuestion": "radiobutton"}, {"id": 3020, "name": "Satisfaction: Overall, I am satisfied with the use", "description": "Please rate the following as compared to your daily work routine.", "answer": "Agree", "comment": "", "typeOfQuestion": "radiobutton"}, {"id": 3021, "name": "Usability: It would be easy to integrate this solu", "description": "Please rate the following as compared to your daily work routine.", "answer": "Disagree", "comment": "", "typeOfQuestion": "radiobutton"}, {"id": 3022, "name": "Usability: The solution supports me with additiona", "description": "Please rate the following as compared to your daily work routine.", "answer": "Strongly agree", "comment": "", "typeOfQuestion": "radiobutton"}, {"id": 3023, "name": "Coordinating emergent volunteers is easier by usin", "description": "-", "answer": "Agree", "comment": "", "typeOfQuestion": "radiobutton"}, {"id": 3024, "name": "Effectiveness: I would be able to manage my tasks ", "description": "Please rate the following as compared to your daily work routine.", "answer": "Agree", "comment": "", "typeOfQuestion": "radiobutton"}, {"id": 3025, "name": "It is difficult to do a follow up of the tasks per", "description": "-", "answer": "Agree", "comment": "", "typeOfQuestion": "radiobutton"}, {"id": 3026, "name": "Reviewing the information by crowdtasker took me a", "description": "-", "answer": "Strongly agree", "comment": "It wood be nice, to get an direct Information if there a new messages.", "typeOfQuestion": "radiobutton"}, {"id": 3027, "name": "Usability: The solution supports more detailed inf", "description": "Please rate the following as compared to your daily work routine.", "answer": "Agree", "comment": "", "typeOfQuestion": "radiobutton"}, {"id": 3028, "name": "Efficiency: I would be able to complete my tasks m", "description": "Please rate the following as compared to your daily work routine.", "answer": "Neutral", "comment": "", "typeOfQuestion": "radiobutton"}, {"id": 3029, "name": "It was clear to me, when a task was fullfilled.", "description": "-", "answer": "Neutral", "comment": "Difficult to verify the information", "typeOfQuestion": "radiobutton"}]}','null');
insert into aar_service.record (id, clientId, sessionId, createDate, trialDate, topic, recordType, headline, msgType, recordJson, recordData) values (1220,'TB-Ost','null','2019-09-12 11:43:15.521','2019-09-12 11:43:15.521','system_observer_tool_answer','ObserverToolAnswer','A new observation was reported by: Block1_Emergent_Groups_Telegram-CrowdTasker_Practi','Info','{"trialId": 13, "sessionId": 217, "answerId": 1217, "timeSendUTC": 1568281393, "timeWhen": 1568281395000, "observationTypeName": "Block1_Emergent_Groups_Telegram-CrowdTasker_Practi", "observervationTypeId": 1430, "observationTypeDescription": "Question set", "description": "", "multiplicity": true, "questions": [{"id": 3010, "name": "Helpers that are not part of an emergency organisa", "description": "-", "answer": "Strongly agree", "comment": "", "typeOfQuestion": "radiobutton"}, {"id": 3011, "name": "The information received by Crowdtasker was accura", "description": "-", "answer": "Not applicable", "comment": "Depends on the reply from the volunteers", "typeOfQuestion": "radiobutton"}, {"id": 3012, "name": "Helpers that are not part of an emergency organisa", "description": "-", "answer": "Agree", "comment": "But if we''ll organized you can overcome that disadvantage", "typeOfQuestion": "radiobutton"}, {"id": 3013, "name": "Helpers that are not part of an emergency organisa", "description": "-", "answer": "Agree", "comment": "It''s to dangerous to let volunteers work in an maybe unsafe area alone. More useful when guided", "typeOfQuestion": "radiobutton"}, {"id": 3014, "name": "Utility: The commander gained an understanding of ", "description": "-", "answer": "Agree", "comment": "", "typeOfQuestion": "radiobutton"}, {"id": 3015, "name": "Helpers that are not part of an emergency organisa", "description": "-", "answer": "Strongly agree", "comment": "Can take over tasks to spare resources of professionals. Act as assessors", "typeOfQuestion": "radiobutton"}, {"id": 3016, "name": "The information received by crowdtasker was reliab", "description": "-", "answer": "Not applicable", "comment": "Depends on the answer", "typeOfQuestion": "radiobutton"}, {"id": 3017, "name": "Effectiveness: I would be able to complete my task", "description": "Please rate the following as compared to your daily work routine.", "answer": "Neutral", "comment": "", "typeOfQuestion": "radiobutton"}, {"id": 3018, "name": "I was not sure what was really happening.", "description": "-", "answer": "Strongly disagree", "comment": "", "typeOfQuestion": "radiobutton"}, {"id": 3019, "name": "Efficiency: I would be able to complete my tasks f", "description": "Please rate the following as compared to your daily work routine.", "answer": "Agree", "comment": "", "typeOfQuestion": "radiobutton"}, {"id": 3020, "name": "Satisfaction: Overall, I am satisfied with the use", "description": "Please rate the following as compared to your daily work routine.", "answer": "Agree", "comment": "", "typeOfQuestion": "radiobutton"}, {"id": 3021, "name": "Usability: It would be easy to integrate this solu", "description": "Please rate the following as compared to your daily work routine.", "answer": "Neutral", "comment": "", "typeOfQuestion": "radiobutton"}, {"id": 3022, "name": "Usability: The solution supports me with additiona", "description": "Please rate the following as compared to your daily work routine.", "answer": "Agree", "comment": "", "typeOfQuestion": "radiobutton"}, {"id": 3023, "name": "Coordinating emergent volunteers is easier by usin", "description": "-", "answer": "Agree", "comment": "Needs more features though", "typeOfQuestion": "radiobutton"}, {"id": 3024, "name": "Effectiveness: I would be able to manage my tasks ", "description": "Please rate the following as compared to your daily work routine.", "answer": "Agree", "comment": "", "typeOfQuestion": "radiobutton"}, {"id": 3025, "name": "It is difficult to do a follow up of the tasks per", "description": "-", "answer": "Disagree", "comment": "", "typeOfQuestion": "radiobutton"}, {"id": 3026, "name": "Reviewing the information by crowdtasker took me a", "description": "-", "answer": "Not applicable", "comment": "Not worked on the monitor", "typeOfQuestion": "radiobutton"}, {"id": 3027, "name": "Usability: The solution supports more detailed inf", "description": "Please rate the following as compared to your daily work routine.", "answer": "Disagree", "comment": "", "typeOfQuestion": "radiobutton"}, {"id": 3028, "name": "Efficiency: I would be able to complete my tasks m", "description": "Please rate the following as compared to your daily work routine.", "answer": "Agree", "comment": "", "typeOfQuestion": "radiobutton"}, {"id": 3029, "name": "It was clear to me, when a task was fullfilled.", "description": "-", "answer": "Agree", "comment": "Depends on the answer from the volunteers", "typeOfQuestion": "radiobutton"}]}','null');
insert into aar_service.record (id, clientId, sessionId, createDate, trialDate, topic, recordType, headline, msgType, recordJson, recordData) values (1221,'TB-Ost','null','2019-09-12 11:44:26.16','2019-09-12 11:44:26.16','system_observer_tool_answer','ObserverToolAnswer','A new observation was reported by: Block1_Emergent_Groups_Telegram-CrowdTasker_Observ','Info','{"trialId": 13, "sessionId": 217, "answerId": 1218, "timeSendUTC": 1568281464, "timeWhen": 1568281465000, "observationTypeName": "Block1_Emergent_Groups_Telegram-CrowdTasker_Observ", "observervationTypeId": 1419, "observationTypeDescription": "Can you observe, the S2 is using the information received by crowdtasker.", "description": "", "multiplicity": true, "questions": [{"id": 2948, "name": "Can you observe, the S2 is using the information r", "description": "-", "answer": "[Agree]", "comment": "CrowdTasker seemed to be more or less the only source of information for the command unit. ", "typeOfQuestion": "checkbox"}]}','null');
insert into aar_service.record (id, clientId, sessionId, createDate, trialDate, topic, recordType, headline, msgType, recordJson, recordData) values (1222,'TB-Ost','null','2019-09-12 11:44:53.927','2019-09-12 11:44:53.927','system_observer_tool_answer','ObserverToolAnswer','A new observation was reported by: Block1_Emergent_Groups_Telegram-CrowdTasker_Partic','Info','{"trialId": 13, "sessionId": 217, "answerId": 1219, "timeSendUTC": 1568281491, "timeWhen": 1568281493000, "observationTypeName": "Block1_Emergent_Groups_Telegram-CrowdTasker_Partic", "observervationTypeId": 1450, "observationTypeDescription": "Question set", "description": "", "multiplicity": true, "questions": [{"id": 2965, "name": "The tasks to fulfill were clear to me.", "description": "-", "answer": "[Agree]", "comment": "", "typeOfQuestion": "checkbox"}, {"id": 2964, "name": "My task made an impact.", "description": "-", "answer": "Agree", "comment": "", "typeOfQuestion": "radiobutton"}, {"id": 2962, "name": "It was too much information (Tasks)?", "description": "-", "answer": "[Agree]", "comment": "", "typeOfQuestion": "checkbox"}, {"id": 2963, "name": "It was clear for me when my task was fulfilled.", "description": "-", "answer": "Agree", "comment": "", "typeOfQuestion": "radiobutton"}, {"id": 2966, "name": "Do you think your task/needs came from a reliable ", "description": "-", "answer": "[Agree]", "comment": "", "typeOfQuestion": "checkbox"}]}','null');
insert into aar_service.record (id, clientId, sessionId, createDate, trialDate, topic, recordType, headline, msgType, recordJson, recordData) values (1223,'TB-Ost','null','2019-09-12 11:45:39.797','2019-09-12 11:45:39.797','system_observer_tool_answer','ObserverToolAnswer','A new observation was reported by: Block1_Emergent_Groups_Telegram-CrowdTasker_Partic','Info','{"trialId": 13, "sessionId": 217, "answerId": 1220, "timeSendUTC": 1568281537, "timeWhen": 1568281540000, "observationTypeName": "Block1_Emergent_Groups_Telegram-CrowdTasker_Partic", "observervationTypeId": 1450, "observationTypeDescription": "Question set", "description": "", "multiplicity": true, "questions": [{"id": 2965, "name": "The tasks to fulfill were clear to me.", "description": "-", "answer": "[Agree]", "comment": "", "typeOfQuestion": "checkbox"}, {"id": 2964, "name": "My task made an impact.", "description": "-", "answer": "Agree", "comment": "", "typeOfQuestion": "radiobutton"}, {"id": 2962, "name": "It was too much information (Tasks)?", "description": "-", "answer": "[Not applicable]", "comment": "", "typeOfQuestion": "checkbox"}, {"id": 2963, "name": "It was clear for me when my task was fulfilled.", "description": "-", "answer": "Strongly agree", "comment": "", "typeOfQuestion": "radiobutton"}, {"id": 2966, "name": "Do you think your task/needs came from a reliable ", "description": "-", "answer": "[Agree]", "comment": "", "typeOfQuestion": "checkbox"}]}','null');
insert into aar_service.record (id, clientId, sessionId, createDate, trialDate, topic, recordType, headline, msgType, recordJson, recordData) values (1232,'TB-Ost','null','2019-09-12 11:55:03.209','2019-09-12 11:55:03.209','system_observer_tool_answer','ObserverToolAnswer','A new observation was reported by: Block1_Emergent_Groups_Telegram-CrowdTasker_Field ','Info','{"trialId": 13, "sessionId": 217, "answerId": 1229, "timeSendUTC": 1568282100, "timeWhen": 1568278530000, "observationTypeName": "Block1_Emergent_Groups_Telegram-CrowdTasker_Field ", "observervationTypeId": 1426, "observationTypeDescription": "Utility: If there was a liaison officer on site that provided a personal point of contact for volunteers, then the Telegram chatbot supporter his/her interaction with the volunteers.", "description": "", "multiplicity": true, "questions": [{"id": 2921, "name": "Utility: If there was a liaison officer on site th", "description": "-", "answer": "Neutral", "comment": "", "typeOfQuestion": "radiobutton"}]}','null');
insert into aar_service.record (id, clientId, sessionId, createDate, trialDate, topic, recordType, headline, msgType, recordJson, recordData) values (1224,'TB-Ost','null','2019-09-12 11:45:52.31','2019-09-12 11:45:52.31','system_observer_tool_answer','ObserverToolAnswer','A new observation was reported by: Block1_Emergent_Groups_Telegram-CrowdTasker_Partic','Info','{"trialId": 13, "sessionId": 217, "answerId": 1221, "timeSendUTC": 1568281550, "timeWhen": 1568281554000, "observationTypeName": "Block1_Emergent_Groups_Telegram-CrowdTasker_Partic", "observervationTypeId": 1450, "observationTypeDescription": "Question set", "description": "", "multiplicity": true, "questions": [{"id": 2965, "name": "The tasks to fulfill were clear to me.", "description": "-", "answer": "[Agree]", "comment": "", "typeOfQuestion": "checkbox"}, {"id": 2964, "name": "My task made an impact.", "description": "-", "answer": "Strongly agree", "comment": "", "typeOfQuestion": "radiobutton"}, {"id": 2962, "name": "It was too much information (Tasks)?", "description": "-", "answer": "[Not applicable]", "comment": "", "typeOfQuestion": "checkbox"}, {"id": 2963, "name": "It was clear for me when my task was fulfilled.", "description": "-", "answer": "Neutral", "comment": "", "typeOfQuestion": "radiobutton"}, {"id": 2966, "name": "Do you think your task/needs came from a reliable ", "description": "-", "answer": "[Agree]", "comment": "", "typeOfQuestion": "checkbox"}]}','null');
insert into aar_service.record (id, clientId, sessionId, createDate, trialDate, topic, recordType, headline, msgType, recordJson, recordData) values (1225,'TB-Ost','null','2019-09-12 11:48:04.586','2019-09-12 11:48:04.586','system_observer_tool_answer','ObserverToolAnswer','A new observation was reported by: Block1_Emergent_Groups_Telegram-CrowdTasker_Partic','Info','{"trialId": 13, "sessionId": 217, "answerId": 1222, "timeSendUTC": 1568281682, "timeWhen": 1568281684000, "observationTypeName": "Block1_Emergent_Groups_Telegram-CrowdTasker_Partic", "observervationTypeId": 1450, "observationTypeDescription": "Question set", "description": "", "multiplicity": true, "questions": [{"id": 2965, "name": "The tasks to fulfill were clear to me.", "description": "-", "answer": "[Agree]", "comment": "", "typeOfQuestion": "checkbox"}, {"id": 2964, "name": "My task made an impact.", "description": "-", "answer": "Agree", "comment": "", "typeOfQuestion": "radiobutton"}, {"id": 2962, "name": "It was too much information (Tasks)?", "description": "-", "answer": "[Not applicable]", "comment": "", "typeOfQuestion": "checkbox"}, {"id": 2963, "name": "It was clear for me when my task was fulfilled.", "description": "-", "answer": "Neutral", "comment": "", "typeOfQuestion": "radiobutton"}, {"id": 2966, "name": "Do you think your task/needs came from a reliable ", "description": "-", "answer": "[Agree]", "comment": "", "typeOfQuestion": "checkbox"}]}','null');
insert into aar_service.record (id, clientId, sessionId, createDate, trialDate, topic, recordType, headline, msgType, recordJson, recordData) values (1226,'TB-Ost','null','2019-09-12 11:48:55.148','2019-09-12 11:48:55.148','system_observer_tool_answer','ObserverToolAnswer','A new observation was reported by: Block1_Emergent_Groups_Telegram-CrowdTasker_Partic','Info','{"trialId": 13, "sessionId": 217, "answerId": 1223, "timeSendUTC": 1568281733, "timeWhen": 1568281734000, "observationTypeName": "Block1_Emergent_Groups_Telegram-CrowdTasker_Partic", "observervationTypeId": 1450, "observationTypeDescription": "Question set", "description": "", "multiplicity": true, "questions": [{"id": 2965, "name": "The tasks to fulfill were clear to me.", "description": "-", "answer": "[Not applicable]", "comment": "Not cearly mentioned", "typeOfQuestion": "checkbox"}, {"id": 2964, "name": "My task made an impact.", "description": "-", "answer": "Agree", "comment": "", "typeOfQuestion": "radiobutton"}, {"id": 2962, "name": "It was too much information (Tasks)?", "description": "-", "answer": "[Agree]", "comment": "Evrything at one time. More sorted pls", "typeOfQuestion": "checkbox"}, {"id": 2963, "name": "It was clear for me when my task was fulfilled.", "description": "-", "answer": "Agree", "comment": "", "typeOfQuestion": "radiobutton"}, {"id": 2966, "name": "Do you think your task/needs came from a reliable ", "description": "-", "answer": "[Agree]", "comment": "", "typeOfQuestion": "checkbox"}]}','null');
insert into aar_service.record (id, clientId, sessionId, createDate, trialDate, topic, recordType, headline, msgType, recordJson, recordData) values (1227,'TB-Ost','null','2019-09-12 11:50:27.894','2019-09-12 11:50:27.894','system_observer_tool_answer','ObserverToolAnswer','A new observation was reported by: Block1_Emergent_Groups_Telegram-CrowdTasker_Field ','Info','{"trialId": 13, "sessionId": 217, "answerId": 1224, "timeSendUTC": 1568281825, "timeWhen": 1568281093000, "observationTypeName": "Block1_Emergent_Groups_Telegram-CrowdTasker_Field ", "observervationTypeId": 1420, "observationTypeDescription": "How many years of professional experience do you have in crisis management? ", "description": "", "multiplicity": true, "questions": [{"id": 2920, "name": "How many years of professional experience do you h", "description": "-", "answer": "6 - 10 years", "comment": "", "typeOfQuestion": "radiobutton"}]}','null');
insert into aar_service.record (id, clientId, sessionId, createDate, trialDate, topic, recordType, headline, msgType, recordJson, recordData) values (1228,'TB-Ost','null','2019-09-12 11:50:28.09','2019-09-12 11:50:28.09','system_observer_tool_answer','ObserverToolAnswer','A new observation was reported by: Block1_Emergent_Groups_Telegram-CrowdTasker_Field ','Info','{"trialId": 13, "sessionId": 217, "answerId": 1225, "timeSendUTC": 1568281826, "timeWhen": 1568281126000, "observationTypeName": "Block1_Emergent_Groups_Telegram-CrowdTasker_Field ", "observervationTypeId": 1420, "observationTypeDescription": "How many years of professional experience do you have in crisis management? ", "description": "", "multiplicity": true, "questions": [{"id": 2920, "name": "How many years of professional experience do you h", "description": "-", "answer": "6 - 10 years", "comment": "", "typeOfQuestion": "radiobutton"}]}','null');
insert into aar_service.record (id, clientId, sessionId, createDate, trialDate, topic, recordType, headline, msgType, recordJson, recordData) values (1229,'TB-Ost','null','2019-09-12 11:50:28.221','2019-09-12 11:50:28.221','system_observer_tool_answer','ObserverToolAnswer','A new observation was reported by: Block1_Emergent_Groups_Telegram-CrowdTasker_Field ','Info','{"trialId": 13, "sessionId": 217, "answerId": 1226, "timeSendUTC": 1568281826, "timeWhen": 1568281109000, "observationTypeName": "Block1_Emergent_Groups_Telegram-CrowdTasker_Field ", "observervationTypeId": 1420, "observationTypeDescription": "How many years of professional experience do you have in crisis management? ", "description": "", "multiplicity": true, "questions": [{"id": 2920, "name": "How many years of professional experience do you h", "description": "-", "answer": "6 - 10 years", "comment": "", "typeOfQuestion": "radiobutton"}]}','null');
insert into aar_service.record (id, clientId, sessionId, createDate, trialDate, topic, recordType, headline, msgType, recordJson, recordData) values (1230,'TB-Ost','null','2019-09-12 11:55:02.951','2019-09-12 11:55:02.951','system_observer_tool_answer','ObserverToolAnswer','A new observation was reported by: Block1_Emergent_Groups_Telegram-CrowdTasker_Field ','Info','{"trialId": 13, "sessionId": 217, "answerId": 1227, "timeSendUTC": 1568282100, "timeWhen": 1568278535000, "observationTypeName": "Block1_Emergent_Groups_Telegram-CrowdTasker_Field ", "observervationTypeId": 1426, "observationTypeDescription": "Utility: If there was a liaison officer on site that provided a personal point of contact for volunteers, then the Telegram chatbot supporter his/her interaction with the volunteers.", "description": "", "multiplicity": true, "questions": [{"id": 2921, "name": "Utility: If there was a liaison officer on site th", "description": "-", "answer": "Neutral", "comment": "", "typeOfQuestion": "radiobutton"}]}','null');
insert into aar_service.record (id, clientId, sessionId, createDate, trialDate, topic, recordType, headline, msgType, recordJson, recordData) values (1231,'TB-Ost','null','2019-09-12 11:55:03.078','2019-09-12 11:55:03.078','system_observer_tool_answer','ObserverToolAnswer','A new observation was reported by: Block1_Emergent_Groups_Telegram-CrowdTasker_Field ','Info','{"trialId": 13, "sessionId": 217, "answerId": 1228, "timeSendUTC": 1568282100, "timeWhen": 1568278566000, "observationTypeName": "Block1_Emergent_Groups_Telegram-CrowdTasker_Field ", "observervationTypeId": 1427, "observationTypeDescription": "The volunteers know what to do when they get a task by crowdtasker.", "description": "", "multiplicity": true, "questions": [{"id": 2917, "name": "The volunteers know what to do when they get a tas", "description": "-", "answer": "[Not applicable]", "comment": "", "typeOfQuestion": "checkbox"}]}','null');
insert into aar_service.record (id, clientId, sessionId, createDate, trialDate, topic, recordType, headline, msgType, recordJson, recordData) values (1325,'TB-GeoServer','null','2019-09-12 13:32:04.115','2019-09-12 13:32:04.115','system_logging','Log','initializeProducers -->','Info','{"id": "TB-GeoServer", "dateTimeSent": 1568287923157, "level": "INFO", "log": "initializeProducers -->"}','null');
insert into aar_service.record (id, clientId, sessionId, createDate, trialDate, topic, recordType, headline, msgType, recordJson, recordData) values (1233,'TB-Ost','null','2019-09-12 11:55:03.336','2019-09-12 11:55:03.336','system_observer_tool_answer','ObserverToolAnswer','A new observation was reported by: Block1_Emergent_Groups_Telegram-CrowdTasker_Field ','Info','{"trialId": 13, "sessionId": 217, "answerId": 1230, "timeSendUTC": 1568282101, "timeWhen": 1568278604000, "observationTypeName": "Block1_Emergent_Groups_Telegram-CrowdTasker_Field ", "observervationTypeId": 1427, "observationTypeDescription": "The volunteers know what to do when they get a task by crowdtasker.", "description": "", "multiplicity": true, "questions": [{"id": 2917, "name": "The volunteers know what to do when they get a tas", "description": "-", "answer": "[Not applicable]", "comment": "Not clearn instructions no follow up. ", "typeOfQuestion": "checkbox"}]}','null');
insert into aar_service.record (id, clientId, sessionId, createDate, trialDate, topic, recordType, headline, msgType, recordJson, recordData) values (1234,'TB-Ost','null','2019-09-12 11:55:03.468','2019-09-12 11:55:03.468','system_observer_tool_answer','ObserverToolAnswer','A new observation was reported by: Block1_Emergent_Groups_Telegram-CrowdTasker_Field ','Info','{"trialId": 13, "sessionId": 217, "answerId": 1231, "timeSendUTC": 1568282101, "timeWhen": 1568278611000, "observationTypeName": "Block1_Emergent_Groups_Telegram-CrowdTasker_Field ", "observervationTypeId": 1427, "observationTypeDescription": "The volunteers know what to do when they get a task by crowdtasker.", "description": "", "multiplicity": true, "questions": [{"id": 2917, "name": "The volunteers know what to do when they get a tas", "description": "-", "answer": "[Not applicable]", "comment": "Not clearn instructions no follow up. ", "typeOfQuestion": "checkbox"}]}','null');
insert into aar_service.record (id, clientId, sessionId, createDate, trialDate, topic, recordType, headline, msgType, recordJson, recordData) values (1235,'TB-Ost','null','2019-09-12 11:55:03.595','2019-09-12 11:55:03.595','system_observer_tool_answer','ObserverToolAnswer','A new observation was reported by: Block1_Emergent_Groups_Telegram-CrowdTasker_Field ','Info','{"trialId": 13, "sessionId": 217, "answerId": 1233, "timeSendUTC": 1568282101, "timeWhen": 1568278676000, "observationTypeName": "Block1_Emergent_Groups_Telegram-CrowdTasker_Field ", "observervationTypeId": 1429, "observationTypeDescription": "Do you observe  that the volunteers talk to each other and work as a Team?", "description": "", "multiplicity": true, "questions": [{"id": 2919, "name": "Do you observe  that the volunteers talk to each o", "description": "-", "answer": "Neutral", "comment": "", "typeOfQuestion": "radiobutton"}]}','null');
insert into aar_service.record (id, clientId, sessionId, createDate, trialDate, topic, recordType, headline, msgType, recordJson, recordData) values (1236,'TB-Ost','null','2019-09-12 11:55:03.721','2019-09-12 11:55:03.721','system_observer_tool_answer','ObserverToolAnswer','A new observation was reported by: Block1_Emergent_Groups_Telegram-CrowdTasker_Field ','Info','{"trialId": 13, "sessionId": 217, "answerId": 1234, "timeSendUTC": 1568282101, "timeWhen": 1568278607000, "observationTypeName": "Block1_Emergent_Groups_Telegram-CrowdTasker_Field ", "observervationTypeId": 1427, "observationTypeDescription": "The volunteers know what to do when they get a task by crowdtasker.", "description": "", "multiplicity": true, "questions": [{"id": 2917, "name": "The volunteers know what to do when they get a tas", "description": "-", "answer": "[Not applicable]", "comment": "Not clearn instructions no follow up. ", "typeOfQuestion": "checkbox"}]}','null');
insert into aar_service.record (id, clientId, sessionId, createDate, trialDate, topic, recordType, headline, msgType, recordJson, recordData) values (1237,'TB-Ost','null','2019-09-12 11:55:03.847','2019-09-12 11:55:03.847','system_observer_tool_answer','ObserverToolAnswer','A new observation was reported by: Block1_Emergent_Groups_Telegram-CrowdTasker_Field ','Info','{"trialId": 13, "sessionId": 217, "answerId": 1232, "timeSendUTC": 1568282101, "timeWhen": 1568278660000, "observationTypeName": "Block1_Emergent_Groups_Telegram-CrowdTasker_Field ", "observervationTypeId": 1428, "observationTypeDescription": "The volunters were acting safely (being careful when crossing streets, taking photos from a safe distance).", "description": "", "multiplicity": true, "questions": [{"id": 2918, "name": "The volunters were acting safely (being careful wh", "description": "-", "answer": "[Not applicable]", "comment": "Focus was on phone  and app. Not what is around", "typeOfQuestion": "checkbox"}]}','null');
insert into aar_service.record (id, clientId, sessionId, createDate, trialDate, topic, recordType, headline, msgType, recordJson, recordData) values (1238,'TB-Ost','null','2019-09-12 11:55:03.972','2019-09-12 11:55:03.972','system_observer_tool_answer','ObserverToolAnswer','A new observation was reported by: Block1_Emergent_Groups_Telegram-CrowdTasker_Field ','Info','{"trialId": 13, "sessionId": 217, "answerId": 1235, "timeSendUTC": 1568282101, "timeWhen": 1568278956000, "observationTypeName": "Block1_Emergent_Groups_Telegram-CrowdTasker_Field ", "observervationTypeId": 1429, "observationTypeDescription": "Do you observe  that the volunteers talk to each other and work as a Team?", "description": "", "multiplicity": true, "questions": [{"id": 2919, "name": "Do you observe  that the volunteers talk to each o", "description": "-", "answer": "Neutral", "comment": "", "typeOfQuestion": "radiobutton"}]}','null');
insert into aar_service.record (id, clientId, sessionId, createDate, trialDate, topic, recordType, headline, msgType, recordJson, recordData) values (1239,'TB-Ost','null','2019-09-12 11:55:19.215','2019-09-12 11:55:19.215','system_observer_tool_answer','ObserverToolAnswer','A new observation was reported by: Block1_Emergent_Groups_Telegram-CrowdTasker_Field ','Info','{"trialId": 13, "sessionId": 217, "answerId": 1236, "timeSendUTC": 1568282117, "timeWhen": 1568282119000, "observationTypeName": "Block1_Emergent_Groups_Telegram-CrowdTasker_Field ", "observervationTypeId": 1425, "observationTypeDescription": "Utility: The needs and comments published via the chatbot enabled volunteers to understand the goals and activity of other groups (including guidance by the crisis manager).", "description": "", "multiplicity": true, "questions": [{"id": 2912, "name": "Utility: The needs and comments published via the ", "description": "-", "answer": "Agree", "comment": "", "typeOfQuestion": "radiobutton"}]}','null');
insert into aar_service.record (id, clientId, sessionId, createDate, trialDate, topic, recordType, headline, msgType, recordJson, recordData) values (1240,'TB-Ost','null','2019-09-12 11:55:34.212','2019-09-12 11:55:34.212','system_observer_tool_answer','ObserverToolAnswer','A new observation was reported by: Block1_Emergent_Groups_Telegram-CrowdTasker_Field ','Info','{"trialId": 13, "sessionId": 217, "answerId": 1237, "timeSendUTC": 1568282132, "timeWhen": 1568282134000, "observationTypeName": "Block1_Emergent_Groups_Telegram-CrowdTasker_Field ", "observervationTypeId": 1427, "observationTypeDescription": "The volunteers know what to do when they get a task by crowdtasker.", "description": "", "multiplicity": true, "questions": [{"id": 2917, "name": "The volunteers know what to do when they get a tas", "description": "-", "answer": "[Not applicable]", "comment": "", "typeOfQuestion": "checkbox"}]}','null');
insert into aar_service.record (id, clientId, sessionId, createDate, trialDate, topic, recordType, headline, msgType, recordJson, recordData) values (1241,'TB-Ost','null','2019-09-12 11:55:47.319','2019-09-12 11:55:47.319','system_observer_tool_answer','ObserverToolAnswer','A new observation was reported by: Block1_Emergent_Groups_Telegram-CrowdTasker_Field ','Info','{"trialId": 13, "sessionId": 217, "answerId": 1238, "timeSendUTC": 1568282145, "timeWhen": 1568282147000, "observationTypeName": "Block1_Emergent_Groups_Telegram-CrowdTasker_Field ", "observervationTypeId": 1428, "observationTypeDescription": "The volunters were acting safely (being careful when crossing streets, taking photos from a safe distance).", "description": "", "multiplicity": true, "questions": [{"id": 2918, "name": "The volunters were acting safely (being careful wh", "description": "-", "answer": "[Not applicable]", "comment": "", "typeOfQuestion": "checkbox"}]}','null');
insert into aar_service.record (id, clientId, sessionId, createDate, trialDate, topic, recordType, headline, msgType, recordJson, recordData) values (1242,'TB-Ost','null','2019-09-12 12:00:31.139','2019-09-12 12:00:31.139','system_observer_tool_answer','ObserverToolAnswer','A new observation was reported by: Block1_Emergent_Groups_Telegram-CrowdTasker_Field ','Info','{"trialId": 13, "sessionId": 217, "answerId": 1239, "timeSendUTC": 1568282429, "timeWhen": 1568282431000, "observationTypeName": "Block1_Emergent_Groups_Telegram-CrowdTasker_Field ", "observervationTypeId": 1426, "observationTypeDescription": "Utility: If there was a liaison officer on site that provided a personal point of contact for volunteers, then the Telegram chatbot supporter his/her interaction with the volunteers.", "description": "", "multiplicity": true, "questions": [{"id": 2921, "name": "Utility: If there was a liaison officer on site th", "description": "-", "answer": "Strongly agree", "comment": "", "typeOfQuestion": "radiobutton"}]}','null');
insert into aar_service.record (id, clientId, sessionId, createDate, trialDate, topic, recordType, headline, msgType, recordJson, recordData) values (1243,'TB-Ost','null','2019-09-12 12:06:03.494','2019-09-12 12:06:03.494','system_observer_tool_answer','ObserverToolAnswer','A new observation was reported by: Block1_Emergent_Groups_Telegram-CrowdTasker_Field ','Info','{"trialId": 13, "sessionId": 217, "answerId": 1240, "timeSendUTC": 1568282761, "timeWhen": 1568282763000, "observationTypeName": "Block1_Emergent_Groups_Telegram-CrowdTasker_Field ", "observervationTypeId": 1420, "observationTypeDescription": "How many years of professional experience do you have in crisis management? ", "description": "", "multiplicity": true, "questions": [{"id": 2920, "name": "How many years of professional experience do you h", "description": "-", "answer": "6 - 10 years", "comment": "", "typeOfQuestion": "radiobutton"}]}','null');
insert into aar_service.record (id, clientId, sessionId, createDate, trialDate, topic, recordType, headline, msgType, recordJson, recordData) values (1244,'TB-Ost','null','2019-09-12 12:06:13.088','2019-09-12 12:06:13.088','system_observer_tool_answer','ObserverToolAnswer','A new observation was reported by: Block1_Emergent_Groups_Telegram-CrowdTasker_Field ','Info','{"trialId": 13, "sessionId": 217, "answerId": 1241, "timeSendUTC": 1568282771, "timeWhen": 1568282773000, "observationTypeName": "Block1_Emergent_Groups_Telegram-CrowdTasker_Field ", "observervationTypeId": 1421, "observationTypeDescription": "How much would you agree with the statement that you have experience and knowledge regarding volunteer management?", "description": "", "multiplicity": true, "questions": [{"id": 2916, "name": "How much would you agree with the statement that y", "description": "-", "answer": "Agree", "comment": "", "typeOfQuestion": "radiobutton"}]}','null');
insert into aar_service.record (id, clientId, sessionId, createDate, trialDate, topic, recordType, headline, msgType, recordJson, recordData) values (1245,'TB-Ost','null','2019-09-12 12:06:36.88','2019-09-12 12:06:36.88','system_observer_tool_answer','ObserverToolAnswer','A new observation was reported by: Block1_Emergent_Groups_Telegram-CrowdTasker_Field ','Info','{"trialId": 13, "sessionId": 217, "answerId": 1242, "timeSendUTC": 1568282794, "timeWhen": 1568282796000, "observationTypeName": "Block1_Emergent_Groups_Telegram-CrowdTasker_Field ", "observervationTypeId": 1422, "observationTypeDescription": "Technology: The Telegram chatbot of CrowdTasker was technologically operational (i.e., volunteers could interact with it to create needs and comments and were notified about updates).", "description": "", "multiplicity": true, "questions": [{"id": 2915, "name": "Technology: The Telegram chatbot of CrowdTasker wa", "description": "-", "answer": "Strongly agree", "comment": "", "typeOfQuestion": "radiobutton"}]}','null');
insert into aar_service.record (id, clientId, sessionId, createDate, trialDate, topic, recordType, headline, msgType, recordJson, recordData) values (1246,'TB-Ost','null','2019-09-12 12:06:47.568','2019-09-12 12:06:47.568','system_observer_tool_answer','ObserverToolAnswer','A new observation was reported by: Block1_Emergent_Groups_Telegram-CrowdTasker_Field ','Info','{"trialId": 13, "sessionId": 217, "answerId": 1243, "timeSendUTC": 1568282805, "timeWhen": 1568282807000, "observationTypeName": "Block1_Emergent_Groups_Telegram-CrowdTasker_Field ", "observervationTypeId": 1423, "observationTypeDescription": "Interaction: Interaction with the chatbot sufficiently supported the volunteers in creating digital artefacts and receiving updates.", "description": "", "multiplicity": true, "questions": [{"id": 2914, "name": "Interaction: Interaction with the chatbot sufficie", "description": "-", "answer": "Agree", "comment": "", "typeOfQuestion": "radiobutton"}]}','null');
insert into aar_service.record (id, clientId, sessionId, createDate, trialDate, topic, recordType, headline, msgType, recordJson, recordData) values (1247,'TB-Ost','null','2019-09-12 12:06:55.682','2019-09-12 12:06:55.682','system_observer_tool_answer','ObserverToolAnswer','A new observation was reported by: Block1_Emergent_Groups_Telegram-CrowdTasker_Field ','Info','{"trialId": 13, "sessionId": 217, "answerId": 1244, "timeSendUTC": 1568282813, "timeWhen": 1568282815000, "observationTypeName": "Block1_Emergent_Groups_Telegram-CrowdTasker_Field ", "observervationTypeId": 1424, "observationTypeDescription": "Concept: Publishing needs and comments is sufficient for volunteers to organise intra-groups coordination (i.e., needs and comments are enough information for volunteers in order to coordinate their work between groups).", "description": "", "multiplicity": true, "questions": [{"id": 2913, "name": "Concept: Publishing needs and comments is sufficie", "description": "-", "answer": "Strongly agree", "comment": "", "typeOfQuestion": "radiobutton"}]}','null');
insert into aar_service.record (id, clientId, sessionId, createDate, trialDate, topic, recordType, headline, msgType, recordJson, recordData) values (1248,'TB-Ost','null','2019-09-12 12:07:04.566','2019-09-12 12:07:04.566','system_observer_tool_answer','ObserverToolAnswer','A new observation was reported by: Block1_Emergent_Groups_Telegram-CrowdTasker_Field ','Info','{"trialId": 13, "sessionId": 217, "answerId": 1245, "timeSendUTC": 1568282822, "timeWhen": 1568282824000, "observationTypeName": "Block1_Emergent_Groups_Telegram-CrowdTasker_Field ", "observervationTypeId": 1425, "observationTypeDescription": "Utility: The needs and comments published via the chatbot enabled volunteers to understand the goals and activity of other groups (including guidance by the crisis manager).", "description": "", "multiplicity": true, "questions": [{"id": 2912, "name": "Utility: The needs and comments published via the ", "description": "-", "answer": "Strongly agree", "comment": "", "typeOfQuestion": "radiobutton"}]}','null');
insert into aar_service.record (id, clientId, sessionId, createDate, trialDate, topic, recordType, headline, msgType, recordJson, recordData) values (1249,'TB-Ost','null','2019-09-12 12:07:19.128','2019-09-12 12:07:19.128','system_observer_tool_answer','ObserverToolAnswer','A new observation was reported by: Block1_Emergent_Groups_Telegram-CrowdTasker_Field ','Info','{"trialId": 13, "sessionId": 217, "answerId": 1246, "timeSendUTC": 1568282837, "timeWhen": 1568282839000, "observationTypeName": "Block1_Emergent_Groups_Telegram-CrowdTasker_Field ", "observervationTypeId": 1426, "observationTypeDescription": "Utility: If there was a liaison officer on site that provided a personal point of contact for volunteers, then the Telegram chatbot supporter his/her interaction with the volunteers.", "description": "", "multiplicity": true, "questions": [{"id": 2921, "name": "Utility: If there was a liaison officer on site th", "description": "-", "answer": "Strongly agree", "comment": "", "typeOfQuestion": "radiobutton"}]}','null');
insert into aar_service.record (id, clientId, sessionId, createDate, trialDate, topic, recordType, headline, msgType, recordJson, recordData) values (1250,'TB-Ost','null','2019-09-12 12:07:30.088','2019-09-12 12:07:30.088','system_observer_tool_answer','ObserverToolAnswer','A new observation was reported by: Block1_Emergent_Groups_Telegram-CrowdTasker_Field ','Info','{"trialId": 13, "sessionId": 217, "answerId": 1247, "timeSendUTC": 1568282848, "timeWhen": 1568282850000, "observationTypeName": "Block1_Emergent_Groups_Telegram-CrowdTasker_Field ", "observervationTypeId": 1429, "observationTypeDescription": "Do you observe  that the volunteers talk to each other and work as a Team?", "description": "", "multiplicity": true, "questions": [{"id": 2919, "name": "Do you observe  that the volunteers talk to each o", "description": "-", "answer": "Strongly agree", "comment": "", "typeOfQuestion": "radiobutton"}]}','null');
insert into aar_service.record (id, clientId, sessionId, createDate, trialDate, topic, recordType, headline, msgType, recordJson, recordData) values (1251,'TB-Ost','null','2019-09-12 12:11:26.254','2019-09-12 12:11:26.254','system_observer_tool_answer','ObserverToolAnswer','A new observation was reported by: Block1_Emergent_Groups_Telegram-CrowdTasker_Field ','Info','{"trialId": 13, "sessionId": 217, "answerId": 1249, "timeSendUTC": 1568283084, "timeWhen": 1568275467000, "observationTypeName": "Block1_Emergent_Groups_Telegram-CrowdTasker_Field ", "observervationTypeId": 1420, "observationTypeDescription": "How many years of professional experience do you have in crisis management? ", "description": "", "multiplicity": true, "questions": [{"id": 2920, "name": "How many years of professional experience do you h", "description": "-", "answer": "More than 15 years", "comment": "", "typeOfQuestion": "radiobutton"}]}','null');
insert into aar_service.record (id, clientId, sessionId, createDate, trialDate, topic, recordType, headline, msgType, recordJson, recordData) values (1326,'TB-GeoServer','null','2019-09-12 13:32:04.243','2019-09-12 13:32:04.243','system_logging','Log','--> addCallback: large_data_update','Info','{"id": "TB-GeoServer", "dateTimeSent": 1568287923168, "level": "INFO", "log": "--> addCallback: large_data_update"}','null');
insert into aar_service.record (id, clientId, sessionId, createDate, trialDate, topic, recordType, headline, msgType, recordJson, recordData) values (1371,'TB-GeoServer','null','2019-09-12 13:49:36.258','2019-09-12 13:49:36.258','map_layer_update','MapLayerUpdate','Flug2_20190911_094202_15cm_493500_526500, CREATE','Info','{"url": "http://192.168.178.93:8180/geoserver/driver/wms", "title": "Flug2_20190911_094202_15cm_493500_526500", "description": "47.538391,14.913631,47.524908,14.933579", "username": null, "password": null, "updateType": "CREATE", "layerType": "WMS"}','null');
insert into aar_service.record (id, clientId, sessionId, createDate, trialDate, topic, recordType, headline, msgType, recordJson, recordData) values (1252,'TB-Ost','null','2019-09-12 12:11:26.378','2019-09-12 12:11:26.378','system_observer_tool_answer','ObserverToolAnswer','A new observation was reported by: Block1_Emergent_Groups_Telegram-CrowdTasker_Field ','Info','{"trialId": 13, "sessionId": 217, "answerId": 1248, "timeSendUTC": 1568283084, "timeWhen": 1568275475000, "observationTypeName": "Block1_Emergent_Groups_Telegram-CrowdTasker_Field ", "observervationTypeId": 1420, "observationTypeDescription": "How many years of professional experience do you have in crisis management? ", "description": "", "multiplicity": true, "questions": [{"id": 2920, "name": "How many years of professional experience do you h", "description": "-", "answer": "More than 15 years", "comment": "", "typeOfQuestion": "radiobutton"}]}','null');
insert into aar_service.record (id, clientId, sessionId, createDate, trialDate, topic, recordType, headline, msgType, recordJson, recordData) values (1253,'TB-Ost','null','2019-09-12 12:11:26.511','2019-09-12 12:11:26.511','system_observer_tool_answer','ObserverToolAnswer','A new observation was reported by: Block1_Emergent_Groups_Telegram-CrowdTasker_Field ','Info','{"trialId": 13, "sessionId": 217, "answerId": 1250, "timeSendUTC": 1568283084, "timeWhen": 1568275504000, "observationTypeName": "Block1_Emergent_Groups_Telegram-CrowdTasker_Field ", "observervationTypeId": 1421, "observationTypeDescription": "How much would you agree with the statement that you have experience and knowledge regarding volunteer management?", "description": "", "multiplicity": true, "questions": [{"id": 2916, "name": "How much would you agree with the statement that y", "description": "-", "answer": "Neutral", "comment": "", "typeOfQuestion": "radiobutton"}]}','null');
insert into aar_service.record (id, clientId, sessionId, createDate, trialDate, topic, recordType, headline, msgType, recordJson, recordData) values (1254,'TB-Ost','null','2019-09-12 12:11:26.648','2019-09-12 12:11:26.648','system_observer_tool_answer','ObserverToolAnswer','A new observation was reported by: Block1_Emergent_Groups_Telegram-CrowdTasker_Field ','Info','{"trialId": 13, "sessionId": 217, "answerId": 1251, "timeSendUTC": 1568283084, "timeWhen": 1568278004000, "observationTypeName": "Block1_Emergent_Groups_Telegram-CrowdTasker_Field ", "observervationTypeId": 1424, "observationTypeDescription": "Concept: Publishing needs and comments is sufficient for volunteers to organise intra-groups coordination (i.e., needs and comments are enough information for volunteers in order to coordinate their work between groups).", "description": "", "multiplicity": true, "questions": [{"id": 2913, "name": "Concept: Publishing needs and comments is sufficie", "description": "-", "answer": "Disagree", "comment": "Group took the initiative to seek help and shelter which was offered by another group on the chat and accepted.", "typeOfQuestion": "radiobutton"}]}','null');
insert into aar_service.record (id, clientId, sessionId, createDate, trialDate, topic, recordType, headline, msgType, recordJson, recordData) values (1255,'TB-Ost','null','2019-09-12 12:11:26.777','2019-09-12 12:11:26.777','system_observer_tool_answer','ObserverToolAnswer','A new observation was reported by: Block1_Emergent_Groups_Telegram-CrowdTasker_Field ','Info','{"trialId": 13, "sessionId": 217, "answerId": 1252, "timeSendUTC": 1568283084, "timeWhen": 1568278086000, "observationTypeName": "Block1_Emergent_Groups_Telegram-CrowdTasker_Field ", "observervationTypeId": 1425, "observationTypeDescription": "Utility: The needs and comments published via the chatbot enabled volunteers to understand the goals and activity of other groups (including guidance by the crisis manager).", "description": "", "multiplicity": true, "questions": [{"id": 2912, "name": "Utility: The needs and comments published via the ", "description": "-", "answer": "Not applicable", "comment": "Yes sheltered and first aid was sought and provided ", "typeOfQuestion": "radiobutton"}]}','null');
insert into aar_service.record (id, clientId, sessionId, createDate, trialDate, topic, recordType, headline, msgType, recordJson, recordData) values (1256,'TB-Ost','null','2019-09-12 12:11:26.903','2019-09-12 12:11:26.903','system_observer_tool_answer','ObserverToolAnswer','A new observation was reported by: Block1_Emergent_Groups_Telegram-CrowdTasker_Field ','Info','{"trialId": 13, "sessionId": 217, "answerId": 1253, "timeSendUTC": 1568283084, "timeWhen": 1568278076000, "observationTypeName": "Block1_Emergent_Groups_Telegram-CrowdTasker_Field ", "observervationTypeId": 1425, "observationTypeDescription": "Utility: The needs and comments published via the chatbot enabled volunteers to understand the goals and activity of other groups (including guidance by the crisis manager).", "description": "", "multiplicity": true, "questions": [{"id": 2912, "name": "Utility: The needs and comments published via the ", "description": "-", "answer": "Not applicable", "comment": "Yes sheltered and first aid was sought and provided ", "typeOfQuestion": "radiobutton"}]}','null');
insert into aar_service.record (id, clientId, sessionId, createDate, trialDate, topic, recordType, headline, msgType, recordJson, recordData) values (1257,'TB-Ost','null','2019-09-12 12:11:27.029','2019-09-12 12:11:27.029','system_observer_tool_answer','ObserverToolAnswer','A new observation was reported by: Block1_Emergent_Groups_Telegram-CrowdTasker_Field ','Info','{"trialId": 13, "sessionId": 217, "answerId": 1254, "timeSendUTC": 1568283084, "timeWhen": 1568276586000, "observationTypeName": "Block1_Emergent_Groups_Telegram-CrowdTasker_Field ", "observervationTypeId": 1422, "observationTypeDescription": "Technology: The Telegram chatbot of CrowdTasker was technologically operational (i.e., volunteers could interact with it to create needs and comments and were notified about updates).", "description": "", "multiplicity": true, "questions": [{"id": 2915, "name": "Technology: The Telegram chatbot of CrowdTasker wa", "description": "-", "answer": "Strongly agree", "comment": "", "typeOfQuestion": "radiobutton"}]}','null');
insert into aar_service.record (id, clientId, sessionId, createDate, trialDate, topic, recordType, headline, msgType, recordJson, recordData) values (1258,'TB-Ost','null','2019-09-12 12:11:27.154','2019-09-12 12:11:27.154','system_observer_tool_answer','ObserverToolAnswer','A new observation was reported by: Block1_Emergent_Groups_Telegram-CrowdTasker_Field ','Info','{"trialId": 13, "sessionId": 217, "answerId": 1255, "timeSendUTC": 1568283084, "timeWhen": 1568277326000, "observationTypeName": "Block1_Emergent_Groups_Telegram-CrowdTasker_Field ", "observervationTypeId": 1423, "observationTypeDescription": "Interaction: Interaction with the chatbot sufficiently supported the volunteers in creating digital artefacts and receiving updates.", "description": "", "multiplicity": true, "questions": [{"id": 2914, "name": "Interaction: Interaction with the chatbot sufficie", "description": "-", "answer": "Strongly agree", "comment": "Good platform for sharing information limited use in terms of gps/dropping a location pin.good option of the app is the ability to include screenshots/photos ", "typeOfQuestion": "radiobutton"}]}','null');
insert into aar_service.record (id, clientId, sessionId, createDate, trialDate, topic, recordType, headline, msgType, recordJson, recordData) values (1259,'TB-Ost','null','2019-09-12 12:11:27.289','2019-09-12 12:11:27.289','system_observer_tool_answer','ObserverToolAnswer','A new observation was reported by: Block1_Emergent_Groups_Telegram-CrowdTasker_Field ','Info','{"trialId": 13, "sessionId": 217, "answerId": 1256, "timeSendUTC": 1568283084, "timeWhen": 1568276751000, "observationTypeName": "Block1_Emergent_Groups_Telegram-CrowdTasker_Field ", "observervationTypeId": 1422, "observationTypeDescription": "Technology: The Telegram chatbot of CrowdTasker was technologically operational (i.e., volunteers could interact with it to create needs and comments and were notified about updates).", "description": "", "multiplicity": true, "questions": [{"id": 2915, "name": "Technology: The Telegram chatbot of CrowdTasker wa", "description": "-", "answer": "Disagree", "comment": "Although messages were being passed due to the number of them to all groups it is difficult to identify which ones are for who, maybe highlighting messages somehow with colours would help. It is difficult to scroll through lots of messages looking for your group name.", "typeOfQuestion": "radiobutton"}]}','null');
insert into aar_service.record (id, clientId, sessionId, createDate, trialDate, topic, recordType, headline, msgType, recordJson, recordData) values (1327,'TB-GeoServer','null','2019-09-12 13:32:04.369','2019-09-12 13:32:04.369','system_logging','Log','New Generic Callback Consumer created for topic: large_data_update','Info','{"id": "TB-GeoServer", "dateTimeSent": 1568287923206, "level": "INFO", "log": "New Generic Callback Consumer created for topic: large_data_update"}','null');
insert into aar_service.record (id, clientId, sessionId, createDate, trialDate, topic, recordType, headline, msgType, recordJson, recordData) values (1372,'airborne','null','2019-09-12 13:50:41.836','2019-09-12 13:50:41.836','large_data_update','LargeDataUpdate','New LargeFile available: Bridge','Info','{"url": "ftp://f_argos:Vabene01@plapperkaefer/ftp/mosaike/Flug2_20190911_094202_15cm_493500_5266500.tif", "title": "Bridge", "description": "47.551888,14.913609,47.538404,14.933562", "dataType": "image_geotiff"}','null');
insert into aar_service.file (id, name, mimeType, url, record_id) values (116,'record/attachements/Flug2_20190911_094202_15cm_493500_5266500.tif','image_geotiff','ftp://f_argos:Vabene01@plapperkaefer/ftp/mosaike/Flug2_20190911_094202_15cm_493500_5266500.tif',1372);
insert into aar_service.record (id, clientId, sessionId, createDate, trialDate, topic, recordType, headline, msgType, recordJson, recordData) values (1260,'TB-Ost','null','2019-09-12 12:11:27.415','2019-09-12 12:11:27.415','system_observer_tool_answer','ObserverToolAnswer','A new observation was reported by: Block1_Emergent_Groups_Telegram-CrowdTasker_Field ','Info','{"trialId": 13, "sessionId": 217, "answerId": 1257, "timeSendUTC": 1568283084, "timeWhen": 1568278741000, "observationTypeName": "Block1_Emergent_Groups_Telegram-CrowdTasker_Field ", "observervationTypeId": 1427, "observationTypeDescription": "The volunteers know what to do when they get a task by crowdtasker.", "description": "", "multiplicity": true, "questions": [{"id": 2917, "name": "The volunteers know what to do when they get a tas", "description": "-", "answer": "[Agree]", "comment": "Hygiene kits were delivered.then two volunteers were despatched to collect beds following a request from CrowdTasker. ", "typeOfQuestion": "checkbox"}]}','null');
insert into aar_service.record (id, clientId, sessionId, createDate, trialDate, topic, recordType, headline, msgType, recordJson, recordData) values (1261,'TB-Ost','null','2019-09-12 12:11:27.541','2019-09-12 12:11:27.541','system_observer_tool_answer','ObserverToolAnswer','A new observation was reported by: Block1_Emergent_Groups_Telegram-CrowdTasker_Field ','Info','{"trialId": 13, "sessionId": 217, "answerId": 1258, "timeSendUTC": 1568283084, "timeWhen": 1568281024000, "observationTypeName": "Block1_Emergent_Groups_Telegram-CrowdTasker_Field ", "observervationTypeId": 1428, "observationTypeDescription": "The volunters were acting safely (being careful when crossing streets, taking photos from a safe distance).", "description": "", "multiplicity": true, "questions": [{"id": 2918, "name": "The volunters were acting safely (being careful wh", "description": "-", "answer": "[Agree]", "comment": "I travelled with some players to different locations and they acted very safely and properly. ", "typeOfQuestion": "checkbox"}]}','null');
insert into aar_service.record (id, clientId, sessionId, createDate, trialDate, topic, recordType, headline, msgType, recordJson, recordData) values (1262,'TB-Ost','null','2019-09-12 12:11:27.668','2019-09-12 12:11:27.668','system_observer_tool_answer','ObserverToolAnswer','A new observation was reported by: Block1_Emergent_Groups_Telegram-CrowdTasker_Field ','Info','{"trialId": 13, "sessionId": 217, "answerId": 1259, "timeSendUTC": 1568283084, "timeWhen": 1568280459000, "observationTypeName": "Block1_Emergent_Groups_Telegram-CrowdTasker_Field ", "observervationTypeId": 1427, "observationTypeDescription": "The volunteers know what to do when they get a task by crowdtasker.", "description": "", "multiplicity": true, "questions": [{"id": 2917, "name": "The volunteers know what to do when they get a tas", "description": "-", "answer": "[Agree]", "comment": "Hygiene kits were delivered.then two volunteers were despatched to collect beds following a request from CrowdTasker. However they could of made better useof the application by using it to find the equipment at the hospital!  Rather they chose to ask other people who were preparing for tomorrow''s exercise.  At the supermarket they made good use of the app to find out who to meet.", "typeOfQuestion": "checkbox"}]}','null');
insert into aar_service.record (id, clientId, sessionId, createDate, trialDate, topic, recordType, headline, msgType, recordJson, recordData) values (1263,'TB-Ost','null','2019-09-12 12:11:27.804','2019-09-12 12:11:27.804','system_observer_tool_answer','ObserverToolAnswer','A new observation was reported by: Block1_Emergent_Groups_Telegram-CrowdTasker_Field ','Info','{"trialId": 13, "sessionId": 217, "answerId": 1260, "timeSendUTC": 1568283084, "timeWhen": 1568281746000, "observationTypeName": "Block1_Emergent_Groups_Telegram-CrowdTasker_Field ", "observervationTypeId": 1429, "observationTypeDescription": "Do you observe  that the volunteers talk to each other and work as a Team?", "description": "", "multiplicity": true, "questions": [{"id": 2919, "name": "Do you observe  that the volunteers talk to each o", "description": "-", "answer": "Strongly agree", "comment": "Participants from two separate groups were brought together and they worked very well as a team (although in reality they already knew each other)", "typeOfQuestion": "radiobutton"}]}','null');
insert into aar_service.record (id, clientId, sessionId, createDate, trialDate, topic, recordType, headline, msgType, recordJson, recordData) values (1264,'TB-Ost','null','2019-09-12 12:25:12.017','2019-09-12 12:25:12.017','system_observer_tool_answer','ObserverToolAnswer','A new observation was reported by: Block1_Emergent_Groups_Telegram-CrowdTasker_Field ','Info','{"trialId": 13, "sessionId": 217, "answerId": 1261, "timeSendUTC": 1568283909, "timeWhen": 1568275035000, "observationTypeName": "Block1_Emergent_Groups_Telegram-CrowdTasker_Field ", "observervationTypeId": 1420, "observationTypeDescription": "How many years of professional experience do you have in crisis management? ", "description": "", "multiplicity": true, "questions": [{"id": 2920, "name": "How many years of professional experience do you h", "description": "-", "answer": "0 - 5 years", "comment": "", "typeOfQuestion": "radiobutton"}]}','null');
insert into aar_service.record (id, clientId, sessionId, createDate, trialDate, topic, recordType, headline, msgType, recordJson, recordData) values (1265,'TB-Ost','null','2019-09-12 12:25:12.143','2019-09-12 12:25:12.143','system_observer_tool_answer','ObserverToolAnswer','A new observation was reported by: Block1_Emergent_Groups_Telegram-CrowdTasker_Field ','Info','{"trialId": 13, "sessionId": 217, "answerId": 1262, "timeSendUTC": 1568283910, "timeWhen": 1568275048000, "observationTypeName": "Block1_Emergent_Groups_Telegram-CrowdTasker_Field ", "observervationTypeId": 1420, "observationTypeDescription": "How many years of professional experience do you have in crisis management? ", "description": "", "multiplicity": true, "questions": [{"id": 2920, "name": "How many years of professional experience do you h", "description": "-", "answer": "0 - 5 years", "comment": "", "typeOfQuestion": "radiobutton"}]}','null');
insert into aar_service.record (id, clientId, sessionId, createDate, trialDate, topic, recordType, headline, msgType, recordJson, recordData) values (1266,'TB-Ost','null','2019-09-12 12:25:12.277','2019-09-12 12:25:12.277','system_observer_tool_answer','ObserverToolAnswer','A new observation was reported by: Block1_Emergent_Groups_Telegram-CrowdTasker_Field ','Info','{"trialId": 13, "sessionId": 217, "answerId": 1263, "timeSendUTC": 1568283910, "timeWhen": 1568281085000, "observationTypeName": "Block1_Emergent_Groups_Telegram-CrowdTasker_Field ", "observervationTypeId": 1421, "observationTypeDescription": "How much would you agree with the statement that you have experience and knowledge regarding volunteer management?", "description": "", "multiplicity": true, "questions": [{"id": 2916, "name": "How much would you agree with the statement that y", "description": "-", "answer": "Disagree", "comment": "", "typeOfQuestion": "radiobutton"}]}','null');
insert into aar_service.record (id, clientId, sessionId, createDate, trialDate, topic, recordType, headline, msgType, recordJson, recordData) values (1267,'TB-Ost','null','2019-09-12 12:25:12.407','2019-09-12 12:25:12.407','system_observer_tool_answer','ObserverToolAnswer','A new observation was reported by: Block1_Emergent_Groups_Telegram-CrowdTasker_Field ','Info','{"trialId": 13, "sessionId": 217, "answerId": 1264, "timeSendUTC": 1568283910, "timeWhen": 1568275125000, "observationTypeName": "Block1_Emergent_Groups_Telegram-CrowdTasker_Field ", "observervationTypeId": 1420, "observationTypeDescription": "How many years of professional experience do you have in crisis management? ", "description": "", "multiplicity": true, "questions": [{"id": 2920, "name": "How many years of professional experience do you h", "description": "-", "answer": "6 - 10 years", "comment": "", "typeOfQuestion": "radiobutton"}]}','null');
insert into aar_service.record (id, clientId, sessionId, createDate, trialDate, topic, recordType, headline, msgType, recordJson, recordData) values (1268,'TB-Ost','null','2019-09-12 12:25:12.543','2019-09-12 12:25:12.543','system_observer_tool_answer','ObserverToolAnswer','A new observation was reported by: Block1_Emergent_Groups_Telegram-CrowdTasker_Field ','Info','{"trialId": 13, "sessionId": 217, "answerId": 1266, "timeSendUTC": 1568283910, "timeWhen": 1568276673000, "observationTypeName": "Block1_Emergent_Groups_Telegram-CrowdTasker_Field ", "observervationTypeId": 1421, "observationTypeDescription": "How much would you agree with the statement that you have experience and knowledge regarding volunteer management?", "description": "", "multiplicity": true, "questions": [{"id": 2916, "name": "How much would you agree with the statement that y", "description": "-", "answer": "Disagree", "comment": "", "typeOfQuestion": "radiobutton"}]}','null');
insert into aar_service.record (id, clientId, sessionId, createDate, trialDate, topic, recordType, headline, msgType, recordJson, recordData) values (1329,'TB-GeoServer','null','2019-09-12 13:32:04.636','2019-09-12 13:32:04.636','system_logging','Log','--> addCallback: standard_map_layer_update','Info','{"id": "TB-GeoServer", "dateTimeSent": 1568287923569, "level": "INFO", "log": "--> addCallback: standard_map_layer_update"}','null');
insert into aar_service.record (id, clientId, sessionId, createDate, trialDate, topic, recordType, headline, msgType, recordJson, recordData) values (1655,'TB-AARTool_FD','null','2019-09-13 08:44:09.308','2019-09-13 08:44:09.308','system_logging','Log','addCallback-->','Info','{"id": "TB-AARTool_FD", "dateTimeSent": 1568357039866, "level": "INFO", "log": "addCallback-->"}','null');
insert into aar_service.record (id, clientId, sessionId, createDate, trialDate, topic, recordType, headline, msgType, recordJson, recordData) values (1269,'TB-Ost','null','2019-09-12 12:25:12.67','2019-09-12 12:25:12.67','system_observer_tool_answer','ObserverToolAnswer','A new observation was reported by: Block1_Emergent_Groups_Telegram-CrowdTasker_Field ','Info','{"trialId": 13, "sessionId": 217, "answerId": 1265, "timeSendUTC": 1568283910, "timeWhen": 1568276676000, "observationTypeName": "Block1_Emergent_Groups_Telegram-CrowdTasker_Field ", "observervationTypeId": 1421, "observationTypeDescription": "How much would you agree with the statement that you have experience and knowledge regarding volunteer management?", "description": "", "multiplicity": true, "questions": [{"id": 2916, "name": "How much would you agree with the statement that y", "description": "-", "answer": "Disagree", "comment": "", "typeOfQuestion": "radiobutton"}]}','null');
insert into aar_service.record (id, clientId, sessionId, createDate, trialDate, topic, recordType, headline, msgType, recordJson, recordData) values (1270,'TB-Ost','null','2019-09-12 12:25:12.8','2019-09-12 12:25:12.8','system_observer_tool_answer','ObserverToolAnswer','A new observation was reported by: Block1_Emergent_Groups_Telegram-CrowdTasker_Field ','Info','{"trialId": 13, "sessionId": 217, "answerId": 1267, "timeSendUTC": 1568283910, "timeWhen": 1568281141000, "observationTypeName": "Block1_Emergent_Groups_Telegram-CrowdTasker_Field ", "observervationTypeId": 1422, "observationTypeDescription": "Technology: The Telegram chatbot of CrowdTasker was technologically operational (i.e., volunteers could interact with it to create needs and comments and were notified about updates).", "description": "", "multiplicity": true, "questions": [{"id": 2915, "name": "Technology: The Telegram chatbot of CrowdTasker wa", "description": "-", "answer": "Strongly agree", "comment": "", "typeOfQuestion": "radiobutton"}]}','null');
insert into aar_service.record (id, clientId, sessionId, createDate, trialDate, topic, recordType, headline, msgType, recordJson, recordData) values (1271,'TB-Ost','null','2019-09-12 12:25:12.936','2019-09-12 12:25:12.936','system_observer_tool_answer','ObserverToolAnswer','A new observation was reported by: Block1_Emergent_Groups_Telegram-CrowdTasker_Field ','Info','{"trialId": 13, "sessionId": 217, "answerId": 1268, "timeSendUTC": 1568283910, "timeWhen": 1568276686000, "observationTypeName": "Block1_Emergent_Groups_Telegram-CrowdTasker_Field ", "observervationTypeId": 1421, "observationTypeDescription": "How much would you agree with the statement that you have experience and knowledge regarding volunteer management?", "description": "", "multiplicity": true, "questions": [{"id": 2916, "name": "How much would you agree with the statement that y", "description": "-", "answer": "Disagree", "comment": "", "typeOfQuestion": "radiobutton"}]}','null');
insert into aar_service.record (id, clientId, sessionId, createDate, trialDate, topic, recordType, headline, msgType, recordJson, recordData) values (1272,'TB-Ost','null','2019-09-12 12:25:13.069','2019-09-12 12:25:13.069','system_observer_tool_answer','ObserverToolAnswer','A new observation was reported by: Block1_Emergent_Groups_Telegram-CrowdTasker_Field ','Info','{"trialId": 13, "sessionId": 217, "answerId": 1269, "timeSendUTC": 1568283910, "timeWhen": 1568281165000, "observationTypeName": "Block1_Emergent_Groups_Telegram-CrowdTasker_Field ", "observervationTypeId": 1423, "observationTypeDescription": "Interaction: Interaction with the chatbot sufficiently supported the volunteers in creating digital artefacts and receiving updates.", "description": "", "multiplicity": true, "questions": [{"id": 2914, "name": "Interaction: Interaction with the chatbot sufficie", "description": "-", "answer": "Agree", "comment": "", "typeOfQuestion": "radiobutton"}]}','null');
insert into aar_service.record (id, clientId, sessionId, createDate, trialDate, topic, recordType, headline, msgType, recordJson, recordData) values (1273,'TB-Ost','null','2019-09-12 12:29:57.082','2019-09-12 12:29:57.082','system_observer_tool_answer','ObserverToolAnswer','A new observation was reported by: Block1_Emergent_Groups_Telegram-CrowdTasker_Field ','Info','{"trialId": 13, "sessionId": 217, "answerId": 1270, "timeSendUTC": 1568284195, "timeWhen": 1568275111000, "observationTypeName": "Block1_Emergent_Groups_Telegram-CrowdTasker_Field ", "observervationTypeId": 1420, "observationTypeDescription": "How many years of professional experience do you have in crisis management? ", "description": "", "multiplicity": true, "questions": [{"id": 2920, "name": "How many years of professional experience do you h", "description": "-", "answer": "More than 15 years", "comment": "", "typeOfQuestion": "radiobutton"}]}','null');
insert into aar_service.record (id, clientId, sessionId, createDate, trialDate, topic, recordType, headline, msgType, recordJson, recordData) values (1274,'TB-Ost','null','2019-09-12 12:29:57.218','2019-09-12 12:29:57.218','system_observer_tool_answer','ObserverToolAnswer','A new observation was reported by: Block1_Emergent_Groups_Telegram-CrowdTasker_Field ','Info','{"trialId": 13, "sessionId": 217, "answerId": 1271, "timeSendUTC": 1568284195, "timeWhen": 1568278330000, "observationTypeName": "Block1_Emergent_Groups_Telegram-CrowdTasker_Field ", "observervationTypeId": 1422, "observationTypeDescription": "Technology: The Telegram chatbot of CrowdTasker was technologically operational (i.e., volunteers could interact with it to create needs and comments and were notified about updates).", "description": "", "multiplicity": true, "questions": [{"id": 2915, "name": "Technology: The Telegram chatbot of CrowdTasker wa", "description": "-", "answer": "Strongly agree", "comment": "", "typeOfQuestion": "radiobutton"}]}','null');
insert into aar_service.record (id, clientId, sessionId, createDate, trialDate, topic, recordType, headline, msgType, recordJson, recordData) values (1275,'TB-Ost','null','2019-09-12 12:29:57.348','2019-09-12 12:29:57.348','system_observer_tool_answer','ObserverToolAnswer','A new observation was reported by: Block1_Emergent_Groups_Telegram-CrowdTasker_Field ','Info','{"trialId": 13, "sessionId": 217, "answerId": 1273, "timeSendUTC": 1568284195, "timeWhen": 1568278352000, "observationTypeName": "Block1_Emergent_Groups_Telegram-CrowdTasker_Field ", "observervationTypeId": 1423, "observationTypeDescription": "Interaction: Interaction with the chatbot sufficiently supported the volunteers in creating digital artefacts and receiving updates.", "description": "", "multiplicity": true, "questions": [{"id": 2914, "name": "Interaction: Interaction with the chatbot sufficie", "description": "-", "answer": "Agree", "comment": "", "typeOfQuestion": "radiobutton"}]}','null');
insert into aar_service.record (id, clientId, sessionId, createDate, trialDate, topic, recordType, headline, msgType, recordJson, recordData) values (1276,'TB-Ost','null','2019-09-12 12:29:57.487','2019-09-12 12:29:57.487','system_observer_tool_answer','ObserverToolAnswer','A new observation was reported by: Block1_Emergent_Groups_Telegram-CrowdTasker_Field ','Info','{"trialId": 13, "sessionId": 217, "answerId": 1272, "timeSendUTC": 1568284195, "timeWhen": 1568275138000, "observationTypeName": "Block1_Emergent_Groups_Telegram-CrowdTasker_Field ", "observervationTypeId": 1421, "observationTypeDescription": "How much would you agree with the statement that you have experience and knowledge regarding volunteer management?", "description": "", "multiplicity": true, "questions": [{"id": 2916, "name": "How much would you agree with the statement that y", "description": "-", "answer": "Neutral", "comment": "", "typeOfQuestion": "radiobutton"}]}','null');
insert into aar_service.record (id, clientId, sessionId, createDate, trialDate, topic, recordType, headline, msgType, recordJson, recordData) values (1277,'TB-Ost','null','2019-09-12 12:29:57.615','2019-09-12 12:29:57.615','system_observer_tool_answer','ObserverToolAnswer','A new observation was reported by: Block1_Emergent_Groups_Telegram-CrowdTasker_Field ','Info','{"trialId": 13, "sessionId": 217, "answerId": 1274, "timeSendUTC": 1568284195, "timeWhen": 1568278542000, "observationTypeName": "Block1_Emergent_Groups_Telegram-CrowdTasker_Field ", "observervationTypeId": 1427, "observationTypeDescription": "The volunteers know what to do when they get a task by crowdtasker.", "description": "", "multiplicity": true, "questions": [{"id": 2917, "name": "The volunteers know what to do when they get a tas", "description": "-", "answer": "[Agree]", "comment": "", "typeOfQuestion": "checkbox"}]}','null');
insert into aar_service.record (id, clientId, sessionId, createDate, trialDate, topic, recordType, headline, msgType, recordJson, recordData) values (1278,'TB-Ost','null','2019-09-12 12:29:57.749','2019-09-12 12:29:57.749','system_observer_tool_answer','ObserverToolAnswer','A new observation was reported by: Block1_Emergent_Groups_Telegram-CrowdTasker_Field ','Info','{"trialId": 13, "sessionId": 217, "answerId": 1275, "timeSendUTC": 1568284195, "timeWhen": 1568278630000, "observationTypeName": "Block1_Emergent_Groups_Telegram-CrowdTasker_Field ", "observervationTypeId": 1429, "observationTypeDescription": "Do you observe  that the volunteers talk to each other and work as a Team?", "description": "", "multiplicity": true, "questions": [{"id": 2919, "name": "Do you observe  that the volunteers talk to each o", "description": "-", "answer": "Strongly agree", "comment": "", "typeOfQuestion": "radiobutton"}]}','null');
insert into aar_service.record (id, clientId, sessionId, createDate, trialDate, topic, recordType, headline, msgType, recordJson, recordData) values (1279,'TB-Ost','null','2019-09-12 12:29:57.876','2019-09-12 12:29:57.876','system_observer_tool_answer','ObserverToolAnswer','A new observation was reported by: Block1_Emergent_Groups_Telegram-CrowdTasker_Field ','Info','{"trialId": 13, "sessionId": 217, "answerId": 1276, "timeSendUTC": 1568284195, "timeWhen": 1568278522000, "observationTypeName": "Block1_Emergent_Groups_Telegram-CrowdTasker_Field ", "observervationTypeId": 1426, "observationTypeDescription": "Utility: If there was a liaison officer on site that provided a personal point of contact for volunteers, then the Telegram chatbot supporter his/her interaction with the volunteers.", "description": "", "multiplicity": true, "questions": [{"id": 2921, "name": "Utility: If there was a liaison officer on site th", "description": "-", "answer": "Not applicable", "comment": "", "typeOfQuestion": "radiobutton"}]}','null');
insert into aar_service.record (id, clientId, sessionId, createDate, trialDate, topic, recordType, headline, msgType, recordJson, recordData) values (1280,'TB-Ost','null','2019-09-12 12:29:58.01','2019-09-12 12:29:58.01','system_observer_tool_answer','ObserverToolAnswer','A new observation was reported by: Block1_Emergent_Groups_Telegram-CrowdTasker_Field ','Info','{"trialId": 13, "sessionId": 217, "answerId": 1277, "timeSendUTC": 1568284195, "timeWhen": 1568278572000, "observationTypeName": "Block1_Emergent_Groups_Telegram-CrowdTasker_Field ", "observervationTypeId": 1428, "observationTypeDescription": "The volunters were acting safely (being careful when crossing streets, taking photos from a safe distance).", "description": "", "multiplicity": true, "questions": [{"id": 2918, "name": "The volunters were acting safely (being careful wh", "description": "-", "answer": "[Agree]", "comment": "", "typeOfQuestion": "checkbox"}]}','null');
insert into aar_service.record (id, clientId, sessionId, createDate, trialDate, topic, recordType, headline, msgType, recordJson, recordData) values (1281,'TB-Ost','null','2019-09-12 12:29:58.138','2019-09-12 12:29:58.138','system_observer_tool_answer','ObserverToolAnswer','A new observation was reported by: Block1_Emergent_Groups_Telegram-CrowdTasker_Field ','Info','{"trialId": 13, "sessionId": 217, "answerId": 1278, "timeSendUTC": 1568284195, "timeWhen": 1568278397000, "observationTypeName": "Block1_Emergent_Groups_Telegram-CrowdTasker_Field ", "observervationTypeId": 1424, "observationTypeDescription": "Concept: Publishing needs and comments is sufficient for volunteers to organise intra-groups coordination (i.e., needs and comments are enough information for volunteers in order to coordinate their work between groups).", "description": "", "multiplicity": true, "questions": [{"id": 2913, "name": "Concept: Publishing needs and comments is sufficie", "description": "-", "answer": "Strongly agree", "comment": "", "typeOfQuestion": "radiobutton"}]}','null');
insert into aar_service.record (id, clientId, sessionId, createDate, trialDate, topic, recordType, headline, msgType, recordJson, recordData) values (1282,'TB-Ost','null','2019-09-12 12:29:58.263','2019-09-12 12:29:58.263','system_observer_tool_answer','ObserverToolAnswer','A new observation was reported by: Block1_Emergent_Groups_Telegram-CrowdTasker_Field ','Info','{"trialId": 13, "sessionId": 217, "answerId": 1279, "timeSendUTC": 1568284195, "timeWhen": 1568278421000, "observationTypeName": "Block1_Emergent_Groups_Telegram-CrowdTasker_Field ", "observervationTypeId": 1425, "observationTypeDescription": "Utility: The needs and comments published via the chatbot enabled volunteers to understand the goals and activity of other groups (including guidance by the crisis manager).", "description": "", "multiplicity": true, "questions": [{"id": 2912, "name": "Utility: The needs and comments published via the ", "description": "-", "answer": "Agree", "comment": "", "typeOfQuestion": "radiobutton"}]}','null');
insert into aar_service.record (id, clientId, sessionId, createDate, trialDate, topic, recordType, headline, msgType, recordJson, recordData) values (1283,'TB-Ost','null','2019-09-12 12:31:10.345','2019-09-12 12:31:10.345','system_observer_tool_answer','ObserverToolAnswer','A new observation was reported by: Block1_Emergent_Groups_Telegram-CrowdTasker_Field ','Info','{"trialId": 13, "sessionId": 217, "answerId": 1280, "timeSendUTC": 1568284268, "timeWhen": 1568284269000, "observationTypeName": "Block1_Emergent_Groups_Telegram-CrowdTasker_Field ", "observervationTypeId": 1429, "observationTypeDescription": "Do you observe  that the volunteers talk to each other and work as a Team?", "description": "", "multiplicity": true, "questions": [{"id": 2919, "name": "Do you observe  that the volunteers talk to each o", "description": "-", "answer": "Strongly agree", "comment": "", "typeOfQuestion": "radiobutton"}]}','null');
insert into aar_service.record (id, clientId, sessionId, createDate, trialDate, topic, recordType, headline, msgType, recordJson, recordData) values (1284,'TB-Ost','null','2019-09-12 12:37:16.398','2019-09-12 12:37:16.398','system_observer_tool_answer','ObserverToolAnswer','A new observation was reported by: Block1_Emergent_Groups_Telegram-CrowdTasker_Field ','Info','{"trialId": 13, "sessionId": 217, "answerId": 1281, "timeSendUTC": 1568284634, "timeWhen": 1568284637000, "observationTypeName": "Block1_Emergent_Groups_Telegram-CrowdTasker_Field ", "observervationTypeId": 1424, "observationTypeDescription": "Concept: Publishing needs and comments is sufficient for volunteers to organise intra-groups coordination (i.e., needs and comments are enough information for volunteers in order to coordinate their work between groups).", "description": "", "multiplicity": true, "questions": [{"id": 2913, "name": "Concept: Publishing needs and comments is sufficie", "description": "-", "answer": "Agree", "comment": "", "typeOfQuestion": "radiobutton"}]}','null');
insert into aar_service.record (id, clientId, sessionId, createDate, trialDate, topic, recordType, headline, msgType, recordJson, recordData) values (1285,'TB-Ost','null','2019-09-12 12:38:00.263','2019-09-12 12:38:00.263','system_observer_tool_answer','ObserverToolAnswer','A new observation was reported by: Block1_Emergent_Groups_Telegram-CrowdTasker_Field ','Info','{"trialId": 13, "sessionId": 217, "answerId": 1282, "timeSendUTC": 1568284678, "timeWhen": 1568284681000, "observationTypeName": "Block1_Emergent_Groups_Telegram-CrowdTasker_Field ", "observervationTypeId": 1425, "observationTypeDescription": "Utility: The needs and comments published via the chatbot enabled volunteers to understand the goals and activity of other groups (including guidance by the crisis manager).", "description": "", "multiplicity": true, "questions": [{"id": 2912, "name": "Utility: The needs and comments published via the ", "description": "-", "answer": "Agree", "comment": "", "typeOfQuestion": "radiobutton"}]}','null');
insert into aar_service.record (id, clientId, sessionId, createDate, trialDate, topic, recordType, headline, msgType, recordJson, recordData) values (1286,'TB-Ost','null','2019-09-12 12:40:51.977','2019-09-12 12:40:51.977','system_observer_tool_answer','ObserverToolAnswer','A new observation was reported by: Block1_Emergent_Groups_Telegram-CrowdTasker_Field ','Info','{"trialId": 13, "sessionId": 217, "answerId": 1283, "timeSendUTC": 1568284849, "timeWhen": 1568284850000, "observationTypeName": "Block1_Emergent_Groups_Telegram-CrowdTasker_Field ", "observervationTypeId": 1420, "observationTypeDescription": "How many years of professional experience do you have in crisis management? ", "description": "", "multiplicity": true, "questions": [{"id": 2920, "name": "How many years of professional experience do you h", "description": "-", "answer": "More than 15 years", "comment": "", "typeOfQuestion": "radiobutton"}]}','null');
insert into aar_service.record (id, clientId, sessionId, createDate, trialDate, topic, recordType, headline, msgType, recordJson, recordData) values (1287,'TB-Ost','null','2019-09-12 12:41:50.246','2019-09-12 12:41:50.246','system_observer_tool_answer','ObserverToolAnswer','A new observation was reported by: Block1_Emergent_Groups_Telegram-CrowdTasker_Field ','Info','{"trialId": 13, "sessionId": 217, "answerId": 1284, "timeSendUTC": 1568284908, "timeWhen": 1568284908000, "observationTypeName": "Block1_Emergent_Groups_Telegram-CrowdTasker_Field ", "observervationTypeId": 1421, "observationTypeDescription": "How much would you agree with the statement that you have experience and knowledge regarding volunteer management?", "description": "", "multiplicity": true, "questions": [{"id": 2916, "name": "How much would you agree with the statement that y", "description": "-", "answer": "Neutral", "comment": "", "typeOfQuestion": "radiobutton"}]}','null');
insert into aar_service.record (id, clientId, sessionId, createDate, trialDate, topic, recordType, headline, msgType, recordJson, recordData) values (1330,'TB-GeoServer','null','2019-09-12 13:32:04.762','2019-09-12 13:32:04.762','system_logging','Log','New Generic Callback Consumer created for topic: standard_map_layer_update','Info','{"id": "TB-GeoServer", "dateTimeSent": 1568287923594, "level": "INFO", "log": "New Generic Callback Consumer created for topic: standard_map_layer_update"}','null');
insert into aar_service.record (id, clientId, sessionId, createDate, trialDate, topic, recordType, headline, msgType, recordJson, recordData) values (1650,'TB-AARTool_FD','null','2019-09-13 08:44:08.699','2019-09-13 08:44:08.699','system_logging','Log','--> addCallback: crowd-tasker_info','Info','{"id": "TB-AARTool_FD", "dateTimeSent": 1568357039819, "level": "INFO", "log": "--> addCallback: crowd-tasker_info"}','null');
insert into aar_service.record (id, clientId, sessionId, createDate, trialDate, topic, recordType, headline, msgType, recordJson, recordData) values (1288,'TB-Ost','null','2019-09-12 12:42:43.693','2019-09-12 12:42:43.693','system_observer_tool_answer','ObserverToolAnswer','A new observation was reported by: Block1_Emergent_Groups_Telegram-CrowdTasker_Field ','Info','{"trialId": 13, "sessionId": 217, "answerId": 1285, "timeSendUTC": 1568284961, "timeWhen": 1568284965000, "observationTypeName": "Block1_Emergent_Groups_Telegram-CrowdTasker_Field ", "observervationTypeId": 1426, "observationTypeDescription": "Utility: If there was a liaison officer on site that provided a personal point of contact for volunteers, then the Telegram chatbot supporter his/her interaction with the volunteers.", "description": "", "multiplicity": true, "questions": [{"id": 2921, "name": "Utility: If there was a liaison officer on site th", "description": "-", "answer": "Not applicable", "comment": "There was no liaison Officer, or I didn t understand who was. I don''t really get the question.", "typeOfQuestion": "radiobutton"}]}','null');
insert into aar_service.record (id, clientId, sessionId, createDate, trialDate, topic, recordType, headline, msgType, recordJson, recordData) values (1289,'TB-Ost','null','2019-09-12 12:43:00.794','2019-09-12 12:43:00.794','system_observer_tool_answer','ObserverToolAnswer','A new observation was reported by: Block1_Emergent_Groups_Telegram-CrowdTasker_Field ','Info','{"trialId": 13, "sessionId": 217, "answerId": 1286, "timeSendUTC": 1568284978, "timeWhen": 1568284979000, "observationTypeName": "Block1_Emergent_Groups_Telegram-CrowdTasker_Field ", "observervationTypeId": 1422, "observationTypeDescription": "Technology: The Telegram chatbot of CrowdTasker was technologically operational (i.e., volunteers could interact with it to create needs and comments and were notified about updates).", "description": "", "multiplicity": true, "questions": [{"id": 2915, "name": "Technology: The Telegram chatbot of CrowdTasker wa", "description": "-", "answer": "Strongly disagree", "comment": "My team were able to send and receive messages throughout the whole scenario ", "typeOfQuestion": "radiobutton"}]}','null');
insert into aar_service.record (id, clientId, sessionId, createDate, trialDate, topic, recordType, headline, msgType, recordJson, recordData) values (1290,'TB-Ost','null','2019-09-12 12:43:40.279','2019-09-12 12:43:40.279','system_observer_tool_answer','ObserverToolAnswer','A new observation was reported by: Block1_Emergent_Groups_Telegram-CrowdTasker_Field ','Info','{"trialId": 13, "sessionId": 217, "answerId": 1287, "timeSendUTC": 1568285018, "timeWhen": 1568285021000, "observationTypeName": "Block1_Emergent_Groups_Telegram-CrowdTasker_Field ", "observervationTypeId": 1427, "observationTypeDescription": "The volunteers know what to do when they get a task by crowdtasker.", "description": "", "multiplicity": true, "questions": [{"id": 2917, "name": "The volunteers know what to do when they get a tas", "description": "-", "answer": "[Agree]", "comment": "It takes some time though", "typeOfQuestion": "checkbox"}]}','null');
insert into aar_service.record (id, clientId, sessionId, createDate, trialDate, topic, recordType, headline, msgType, recordJson, recordData) values (1291,'TB-Ost','null','2019-09-12 12:43:50.646','2019-09-12 12:43:50.646','system_observer_tool_answer','ObserverToolAnswer','A new observation was reported by: Block1_Emergent_Groups_Telegram-CrowdTasker_Field ','Info','{"trialId": 13, "sessionId": 217, "answerId": 1288, "timeSendUTC": 1568285028, "timeWhen": 1568285032000, "observationTypeName": "Block1_Emergent_Groups_Telegram-CrowdTasker_Field ", "observervationTypeId": 1428, "observationTypeDescription": "The volunters were acting safely (being careful when crossing streets, taking photos from a safe distance).", "description": "", "multiplicity": true, "questions": [{"id": 2918, "name": "The volunters were acting safely (being careful wh", "description": "-", "answer": "[Agree]", "comment": "", "typeOfQuestion": "checkbox"}]}','null');
insert into aar_service.record (id, clientId, sessionId, createDate, trialDate, topic, recordType, headline, msgType, recordJson, recordData) values (1292,'TB-Ost','null','2019-09-12 12:44:20.69','2019-09-12 12:44:20.69','system_observer_tool_answer','ObserverToolAnswer','A new observation was reported by: Block1_Emergent_Groups_Telegram-CrowdTasker_Field ','Info','{"trialId": 13, "sessionId": 217, "answerId": 1289, "timeSendUTC": 1568285058, "timeWhen": 1568285062000, "observationTypeName": "Block1_Emergent_Groups_Telegram-CrowdTasker_Field ", "observervationTypeId": 1429, "observationTypeDescription": "Do you observe  that the volunteers talk to each other and work as a Team?", "description": "", "multiplicity": true, "questions": [{"id": 2919, "name": "Do you observe  that the volunteers talk to each o", "description": "-", "answer": "Strongly agree", "comment": "", "typeOfQuestion": "radiobutton"}]}','null');
insert into aar_service.record (id, clientId, sessionId, createDate, trialDate, topic, recordType, headline, msgType, recordJson, recordData) values (1293,'TB-Ost','null','2019-09-12 12:45:16.375','2019-09-12 12:45:16.375','system_observer_tool_answer','ObserverToolAnswer','A new observation was reported by: Block1_Emergent_Groups_Telegram-CrowdTasker_Field ','Info','{"trialId": 13, "sessionId": 217, "answerId": 1290, "timeSendUTC": 1568285114, "timeWhen": 1568285114000, "observationTypeName": "Block1_Emergent_Groups_Telegram-CrowdTasker_Field ", "observervationTypeId": 1423, "observationTypeDescription": "Interaction: Interaction with the chatbot sufficiently supported the volunteers in creating digital artefacts and receiving updates.", "description": "", "multiplicity": true, "questions": [{"id": 2914, "name": "Interaction: Interaction with the chatbot sufficie", "description": "-", "answer": "Strongly disagree", "comment": "The team were able to exchange messages and even sent a screenshot to identify their location,it would be good if the app supported gps/location pin sharing", "typeOfQuestion": "radiobutton"}]}','null');
insert into aar_service.record (id, clientId, sessionId, createDate, trialDate, topic, recordType, headline, msgType, recordJson, recordData) values (1294,'TB-Ost','null','2019-09-12 12:48:09.641','2019-09-12 12:48:09.641','system_observer_tool_answer','ObserverToolAnswer','A new observation was reported by: Block1_Emergent_Groups_Telegram-CrowdTasker_Field ','Info','{"trialId": 13, "sessionId": 217, "answerId": 1291, "timeSendUTC": 1568285287, "timeWhen": 1568285291000, "observationTypeName": "Block1_Emergent_Groups_Telegram-CrowdTasker_Field ", "observervationTypeId": 1423, "observationTypeDescription": "Interaction: Interaction with the chatbot sufficiently supported the volunteers in creating digital artefacts and receiving updates.", "description": "", "multiplicity": true, "questions": [{"id": 2914, "name": "Interaction: Interaction with the chatbot sufficie", "description": "-", "answer": "Agree", "comment": "It was a bit complicated that all tasks were coming one after the other", "typeOfQuestion": "radiobutton"}]}','null');
insert into aar_service.record (id, clientId, sessionId, createDate, trialDate, topic, recordType, headline, msgType, recordJson, recordData) values (1295,'TB-Ost','null','2019-09-12 12:48:37.387','2019-09-12 12:48:37.387','system_observer_tool_answer','ObserverToolAnswer','A new observation was reported by: Block1_Emergent_Groups_Telegram-CrowdTasker_Field ','Info','{"trialId": 13, "sessionId": 217, "answerId": 1292, "timeSendUTC": 1568285315, "timeWhen": 1568285315000, "observationTypeName": "Block1_Emergent_Groups_Telegram-CrowdTasker_Field ", "observervationTypeId": 1424, "observationTypeDescription": "Concept: Publishing needs and comments is sufficient for volunteers to organise intra-groups coordination (i.e., needs and comments are enough information for volunteers in order to coordinate their work between groups).", "description": "", "multiplicity": true, "questions": [{"id": 2913, "name": "Concept: Publishing needs and comments is sufficie", "description": "-", "answer": "Not applicable", "comment": "This was demonstrated by our group moving to another location to receive rest/shelter/and first aid", "typeOfQuestion": "radiobutton"}]}','null');
insert into aar_service.record (id, clientId, sessionId, createDate, trialDate, topic, recordType, headline, msgType, recordJson, recordData) values (1296,'TB-Ost','null','2019-09-12 12:49:36.805','2019-09-12 12:49:36.805','system_observer_tool_answer','ObserverToolAnswer','A new observation was reported by: Block1_Emergent_Groups_Telegram-CrowdTasker_Field ','Info','{"trialId": 13, "sessionId": 217, "answerId": 1293, "timeSendUTC": 1568285374, "timeWhen": 1568285375000, "observationTypeName": "Block1_Emergent_Groups_Telegram-CrowdTasker_Field ", "observervationTypeId": 1425, "observationTypeDescription": "Utility: The needs and comments published via the chatbot enabled volunteers to understand the goals and activity of other groups (including guidance by the crisis manager).", "description": "", "multiplicity": true, "questions": [{"id": 2912, "name": "Utility: The needs and comments published via the ", "description": "-", "answer": "Strongly disagree", "comment": "Yes sheltered and first aid was sought and provided , and the group were able to interact with other teams to achieve goals", "typeOfQuestion": "radiobutton"}]}','null');
insert into aar_service.record (id, clientId, sessionId, createDate, trialDate, topic, recordType, headline, msgType, recordJson, recordData) values (1297,'TB-Ost','null','2019-09-12 12:49:47.327','2019-09-12 12:49:47.327','system_observer_tool_answer','ObserverToolAnswer','A new observation was reported by: Block1_Emergent_Groups_Telegram-CrowdTasker_Field ','Info','{"trialId": 13, "sessionId": 217, "answerId": 1294, "timeSendUTC": 1568285385, "timeWhen": 1568285385000, "observationTypeName": "Block1_Emergent_Groups_Telegram-CrowdTasker_Field ", "observervationTypeId": 1426, "observationTypeDescription": "Utility: If there was a liaison officer on site that provided a personal point of contact for volunteers, then the Telegram chatbot supporter his/her interaction with the volunteers.", "description": "", "multiplicity": true, "questions": [{"id": 2921, "name": "Utility: If there was a liaison officer on site th", "description": "-", "answer": "Not applicable", "comment": "", "typeOfQuestion": "radiobutton"}]}','null');
insert into aar_service.record (id, clientId, sessionId, createDate, trialDate, topic, recordType, headline, msgType, recordJson, recordData) values (1298,'TB-Ost','null','2019-09-12 12:51:04.122','2019-09-12 12:51:04.122','system_observer_tool_answer','ObserverToolAnswer','A new observation was reported by: Block1_Emergent_Groups_Telegram-CrowdTasker_Field ','Info','{"trialId": 13, "sessionId": 217, "answerId": 1295, "timeSendUTC": 1568285462, "timeWhen": 1568285462000, "observationTypeName": "Block1_Emergent_Groups_Telegram-CrowdTasker_Field ", "observervationTypeId": 1427, "observationTypeDescription": "The volunteers know what to do when they get a task by crowdtasker.", "description": "", "multiplicity": true, "questions": [{"id": 2917, "name": "The volunteers know what to do when they get a tas", "description": "-", "answer": "[Agree]", "comment": "At times the teams could have made better use of the app by asking questions of who they needed to meet at separatelocations,for example at the hospital and spar", "typeOfQuestion": "checkbox"}]}','null');
insert into aar_service.record (id, clientId, sessionId, createDate, trialDate, topic, recordType, headline, msgType, recordJson, recordData) values (1299,'TB-Ost','null','2019-09-12 12:51:16.088','2019-09-12 12:51:16.088','system_observer_tool_answer','ObserverToolAnswer','A new observation was reported by: Block1_Emergent_Groups_Telegram-CrowdTasker_Field ','Info','{"trialId": 13, "sessionId": 217, "answerId": 1296, "timeSendUTC": 1568285474, "timeWhen": 1568285474000, "observationTypeName": "Block1_Emergent_Groups_Telegram-CrowdTasker_Field ", "observervationTypeId": 1428, "observationTypeDescription": "The volunters were acting safely (being careful when crossing streets, taking photos from a safe distance).", "description": "", "multiplicity": true, "questions": [{"id": 2918, "name": "The volunters were acting safely (being careful wh", "description": "-", "answer": "[Agree]", "comment": "I travelled with some players to different locations and they acted very safely and properly. ", "typeOfQuestion": "checkbox"}]}','null');
insert into aar_service.record (id, clientId, sessionId, createDate, trialDate, topic, recordType, headline, msgType, recordJson, recordData) values (1300,'TB-Ost','null','2019-09-12 12:51:29.172','2019-09-12 12:51:29.172','system_observer_tool_answer','ObserverToolAnswer','A new observation was reported by: Block1_Emergent_Groups_Telegram-CrowdTasker_Field ','Info','{"trialId": 13, "sessionId": 217, "answerId": 1297, "timeSendUTC": 1568285487, "timeWhen": 1568285487000, "observationTypeName": "Block1_Emergent_Groups_Telegram-CrowdTasker_Field ", "observervationTypeId": 1429, "observationTypeDescription": "Do you observe  that the volunteers talk to each other and work as a Team?", "description": "", "multiplicity": true, "questions": [{"id": 2919, "name": "Do you observe  that the volunteers talk to each o", "description": "-", "answer": "Strongly agree", "comment": "Participants from two separate groups were brought together and they worked very well as a team (although in reality they already knew each other)", "typeOfQuestion": "radiobutton"}]}','null');
insert into aar_service.record (id, clientId, sessionId, createDate, trialDate, topic, recordType, headline, msgType, recordJson, recordData) values (1301,'TB-TrialMgmt','null','2019-09-12 12:54:27.12','2019-09-12 12:54:27.12','system_tm_session_mgmt','SessionMgmt','ce7f1abe-dc2b-48a0-a1ff-85bf16b68a09, STOP','Info','{"trialId": "e040fdc7-72d1-4e4a-b8f1-dff598ca476f", "trialName": "Trial 3: The Austrian Trial", "scenarioId": "9e0c6a38-443c-4b29-904d-b9e03a03034e", "scenarioName": "Block 1 - Emergent groups", "sessionId": "ce7f1abe-dc2b-48a0-a1ff-85bf16b68a09", "sessionName": "New session", "sessionState": "STOP", "comment": null}','null');
insert into aar_service.record (id, clientId, sessionId, createDate, trialDate, topic, recordType, headline, msgType, recordJson, recordData) values (1302,'TB-Ost','null','2019-09-12 12:56:34.534','2019-09-12 12:56:34.534','system_observer_tool_answer','ObserverToolAnswer','A new observation was reported by: Block2_Situation_Assessment-viewTerra_Observer','Info','{"trialId": 13, "sessionId": 217, "answerId": 1298, "timeSendUTC": 1568285792, "timeWhen": 1568285795000, "observationTypeName": "Block2_Situation_Assessment-viewTerra_Observer", "observervationTypeId": 1481, "observationTypeDescription": "How many years of professional experience do you have in crisis management? ", "description": "", "multiplicity": true, "questions": [{"id": 3163, "name": "How many years of professional experience do you h", "description": "-", "answer": "More than 15 years", "comment": "", "typeOfQuestion": "radiobutton"}]}','null');
insert into aar_service.record (id, clientId, sessionId, createDate, trialDate, topic, recordType, headline, msgType, recordJson, recordData) values (1303,'TB-Ost','null','2019-09-12 12:56:49.159','2019-09-12 12:56:49.159','system_observer_tool_answer','ObserverToolAnswer','A new observation was reported by: Block2_Situation_Assessment-DLR_Observer','Info','{"trialId": 13, "sessionId": 217, "answerId": 1299, "timeSendUTC": 1568285807, "timeWhen": 1568285809000, "observationTypeName": "Block2_Situation_Assessment-DLR_Observer", "observervationTypeId": 1455, "observationTypeDescription": "How many years of professional experience do you have in crisis management? ", "description": "", "multiplicity": true, "questions": [{"id": 3040, "name": "How many years of professional experience do you h", "description": "-", "answer": "0 - 5 years", "comment": "", "typeOfQuestion": "radiobutton"}]}','null');
insert into aar_service.record (id, clientId, sessionId, createDate, trialDate, topic, recordType, headline, msgType, recordJson, recordData) values (1304,'TB-Ost','null','2019-09-12 12:57:06.194','2019-09-12 12:57:06.194','system_observer_tool_answer','ObserverToolAnswer','A new observation was reported by: Block2_Situation_Assessment-DLR_Observer','Info','{"trialId": 13, "sessionId": 217, "answerId": 1300, "timeSendUTC": 1568285824, "timeWhen": 1568285824000, "observationTypeName": "Block2_Situation_Assessment-DLR_Observer", "observervationTypeId": 1455, "observationTypeDescription": "How many years of professional experience do you have in crisis management? ", "description": "", "multiplicity": true, "questions": [{"id": 3040, "name": "How many years of professional experience do you h", "description": "-", "answer": "6 - 10 years", "comment": "", "typeOfQuestion": "radiobutton"}]}','null');
insert into aar_service.record (id, clientId, sessionId, createDate, trialDate, topic, recordType, headline, msgType, recordJson, recordData) values (1305,'TB-Ost','null','2019-09-12 12:57:14.813','2019-09-12 12:57:14.813','system_observer_tool_answer','ObserverToolAnswer','A new observation was reported by: Block2_Situation_Assessment-DLR_Observer','Info','{"trialId": 13, "sessionId": 217, "answerId": 1301, "timeSendUTC": 1568285832, "timeWhen": 1568285833000, "observationTypeName": "Block2_Situation_Assessment-DLR_Observer", "observervationTypeId": 1456, "observationTypeDescription": "How much would you agree with the statement that you have experience and knowledge regarding situation assessment?", "description": "", "multiplicity": true, "questions": [{"id": 3039, "name": "How much would you agree with the statement that y", "description": "-", "answer": "Agree", "comment": "", "typeOfQuestion": "radiobutton"}]}','null');
insert into aar_service.record (id, clientId, sessionId, createDate, trialDate, topic, recordType, headline, msgType, recordJson, recordData) values (1306,'TB-Ost','null','2019-09-12 12:57:31.158','2019-09-12 12:57:31.158','system_observer_tool_answer','ObserverToolAnswer','A new observation was reported by: Block2_Situation_Assessment-DLR_Observer','Info','{"trialId": 13, "sessionId": 217, "answerId": 1302, "timeSendUTC": 1568285849, "timeWhen": 1568285851000, "observationTypeName": "Block2_Situation_Assessment-DLR_Observer", "observervationTypeId": 1456, "observationTypeDescription": "How much would you agree with the statement that you have experience and knowledge regarding situation assessment?", "description": "", "multiplicity": true, "questions": [{"id": 3039, "name": "How much would you agree with the statement that y", "description": "-", "answer": "Agree", "comment": "I have experience in earthquake damage assessment", "typeOfQuestion": "radiobutton"}]}','null');
insert into aar_service.record (id, clientId, sessionId, createDate, trialDate, topic, recordType, headline, msgType, recordJson, recordData) values (1331,'TB-GeoServer','null','2019-09-12 13:32:04.888','2019-09-12 13:32:04.888','system_logging','Log','addCallback-->','Info','{"id": "TB-GeoServer", "dateTimeSent": 1568287923601, "level": "INFO", "log": "addCallback-->"}','null');
insert into aar_service.record (id, clientId, sessionId, createDate, trialDate, topic, recordType, headline, msgType, recordJson, recordData) values (1307,'TB-Ost','null','2019-09-12 12:57:46.108','2019-09-12 12:57:46.108','system_observer_tool_answer','ObserverToolAnswer','A new observation was reported by: Block2_Situation_Assessment-viewTerra_Observer','Info','{"trialId": 13, "sessionId": 217, "answerId": 1303, "timeSendUTC": 1568285864, "timeWhen": 1568285865000, "observationTypeName": "Block2_Situation_Assessment-viewTerra_Observer", "observervationTypeId": 1482, "observationTypeDescription": "How much would you agree with the statement that you have experience and knowledge regarding situation assessment?", "description": "", "multiplicity": true, "questions": [{"id": 3162, "name": "How much would you agree with the statement that y", "description": "-", "answer": "Agree", "comment": "Senior fire officer and trainer in civil protection. ", "typeOfQuestion": "radiobutton"}]}','null');
insert into aar_service.record (id, clientId, sessionId, createDate, trialDate, topic, recordType, headline, msgType, recordJson, recordData) values (1308,'TB-Ost','null','2019-09-12 12:58:04.022','2019-09-12 12:58:04.022','system_observer_tool_answer','ObserverToolAnswer','A new observation was reported by: Block2_Situation_Assessment-viewTerra_Observer','Info','{"trialId": 13, "sessionId": 217, "answerId": 1304, "timeSendUTC": 1568285881, "timeWhen": 1568285883000, "observationTypeName": "Block2_Situation_Assessment-viewTerra_Observer", "observervationTypeId": 1481, "observationTypeDescription": "How many years of professional experience do you have in crisis management? ", "description": "", "multiplicity": true, "questions": [{"id": 3163, "name": "How many years of professional experience do you h", "description": "-", "answer": "0 - 5 years", "comment": "", "typeOfQuestion": "radiobutton"}]}','null');
insert into aar_service.record (id, clientId, sessionId, createDate, trialDate, topic, recordType, headline, msgType, recordJson, recordData) values (1309,'TB-Ost','null','2019-09-12 12:58:37.578','2019-09-12 12:58:37.578','system_observer_tool_answer','ObserverToolAnswer','A new observation was reported by: Block2_Situation_Assessment-viewTerra_Observer','Info','{"trialId": 13, "sessionId": 217, "answerId": 1305, "timeSendUTC": 1568285915, "timeWhen": 1568285917000, "observationTypeName": "Block2_Situation_Assessment-viewTerra_Observer", "observervationTypeId": 1482, "observationTypeDescription": "How much would you agree with the statement that you have experience and knowledge regarding situation assessment?", "description": "", "multiplicity": true, "questions": [{"id": 3162, "name": "How much would you agree with the statement that y", "description": "-", "answer": "Agree", "comment": "Member of civil protection mechanism", "typeOfQuestion": "radiobutton"}]}','null');
insert into aar_service.record (id, clientId, sessionId, createDate, trialDate, topic, recordType, headline, msgType, recordJson, recordData) values (1310,'TB-TrialMgmt','null','2019-09-12 12:59:05.529','2019-09-12 12:59:05.529','system_tm_session_mgmt','SessionMgmt','85f47d97-3d6e-4d2c-898b-d36690722723, START','Info','{"trialId": "e040fdc7-72d1-4e4a-b8f1-dff598ca476f", "trialName": "Trial 3: The Austrian Trial", "scenarioId": "8357677b-d2d7-438d-913d-314d907ace00", "scenarioName": "Block 2 - Situation Assessment", "sessionId": "85f47d97-3d6e-4d2c-898b-d36690722723", "sessionName": "New session", "sessionState": "START", "comment": null}','null');
insert into aar_service.record (id, clientId, sessionId, createDate, trialDate, topic, recordType, headline, msgType, recordJson, recordData) values (1311,'TB-TrialMgmt','null','2019-09-12 12:59:07.326','2019-09-12 12:59:07.326','system_tm_phase_message','PhaseMessage','INCIDENT, state: true','Info','{"id": "93ccd16a-c0fa-4ba7-ae1b-3f735701e7ff", "phase": "INCIDENT", "isStarting": true, "alternativeName": null}','null');
insert into aar_service.record (id, clientId, sessionId, createDate, trialDate, topic, recordType, headline, msgType, recordJson, recordData) values (1312,'airborne','null','2019-09-12 13:28:58.917','2019-09-12 13:28:58.917','large_data_update','LargeDataUpdate','New LargeFile available: Train_Station','Info','{"url": "ftp://f_argos:Vabene01@plapperkaefer/ftp/mosaike/Flug2_20190911_093944_15cm_498000_5256000.tif", "title": "Train_Station", "description": "47.457439,14.973466,47.443945,14.993368", "dataType": "image_geotiff"}','null');
insert into aar_service.file (id, name, mimeType, url, record_id) values (100,'record/attachements/Flug2_20190911_093944_15cm_498000_5256000.tif','image_geotiff','ftp://f_argos:Vabene01@plapperkaefer/ftp/mosaike/Flug2_20190911_093944_15cm_498000_5256000.tif',1312);
insert into aar_service.record (id, clientId, sessionId, createDate, trialDate, topic, recordType, headline, msgType, recordJson, recordData) values (1313,'TB-GeoServer','null','2019-09-12 13:29:07.573','2019-09-12 13:29:07.573','map_layer_update','MapLayerUpdate','Flug2_20190911_093944_15cm_498000_525600, CREATE','Info','{"url": "http://192.168.178.31:8180/geoserver/driver/wms", "title": "Flug2_20190911_093944_15cm_498000_525600", "description": "47.457439,14.973466,47.443945,14.993368", "username": null, "password": null, "updateType": "CREATE", "layerType": "WMS"}','null');
insert into aar_service.record (id, clientId, sessionId, createDate, trialDate, topic, recordType, headline, msgType, recordJson, recordData) values (1314,'TB-TrialMgmt','null','2019-09-12 13:30:19.778','2019-09-12 13:30:19.778','system_tm_role_player','RolePlayerMessage','Get familiar with the area.','Info','{"id": "5326f188-26b3-41ca-b54d-ba8c65c78355", "type": "ACTION", "title": "", "headline": "Get familiar with the area.", "description": "Of Eisenerz and its surroundings.", "rolePlayerName": "ARC - EXCON", "participantNames": null, "comment": ""}','null');
insert into aar_service.record (id, clientId, sessionId, createDate, trialDate, topic, recordType, headline, msgType, recordJson, recordData) values (1315,'TB-TrialMgmt','null','2019-09-12 13:30:26.777','2019-09-12 13:30:26.777','system_tm_role_player','RolePlayerMessage','No info about responders.','Info','{"id": "a7c8da82-0937-4d4d-9f70-239ecfb5068e", "type": "CALL", "title": "", "headline": "No info about responders.", "description": "There is no information about responders on the areas (e.g firefighters, RC).", "rolePlayerName": "ARC - EXCON", "participantNames": null, "comment": ""}','null');
insert into aar_service.record (id, clientId, sessionId, createDate, trialDate, topic, recordType, headline, msgType, recordJson, recordData) values (1316,'airborne','null','2019-09-12 13:30:28.071','2019-09-12 13:30:28.071','large_data_update','LargeDataUpdate','New LargeFile available: Train_Station','Info','{"url": "ftp://f_argos:Vabene01@plapperkaefer/ftp/mosaike/Flug2_20190911_093944_15cm_499500_5256000.tif", "title": "Train_Station", "description": "47.457442,14.993366,47.443944,15.013264", "dataType": "image_geotiff"}','null');
insert into aar_service.file (id, name, mimeType, url, record_id) values (101,'record/attachements/Flug2_20190911_093944_15cm_499500_5256000.tif','image_geotiff','ftp://f_argos:Vabene01@plapperkaefer/ftp/mosaike/Flug2_20190911_093944_15cm_499500_5256000.tif',1316);
insert into aar_service.record (id, clientId, sessionId, createDate, trialDate, topic, recordType, headline, msgType, recordJson, recordData) values (1317,'TB-GeoServer','null','2019-09-12 13:30:38.462','2019-09-12 13:30:38.462','map_layer_update','MapLayerUpdate','Flug2_20190911_093944_15cm_499500_525600, CREATE','Info','{"url": "http://192.168.178.31:8180/geoserver/driver/wms", "title": "Flug2_20190911_093944_15cm_499500_525600", "description": "47.457442,14.993366,47.443944,15.013264", "username": null, "password": null, "updateType": "CREATE", "layerType": "WMS"}','null');
insert into aar_service.record (id, clientId, sessionId, createDate, trialDate, topic, recordType, headline, msgType, recordJson, recordData) values (1318,'TB-GeoServer','null','2019-09-12 13:30:52.971','2019-09-12 13:30:52.971','system_logging','Log','The Adaptor received a message to join the topic: large_data_update','Info','{"id": "TB-GeoServer", "dateTimeSent": 1568287852345, "level": "INFO", "log": "The Adaptor received a message to join the topic: large_data_update"}','null');
insert into aar_service.record (id, clientId, sessionId, createDate, trialDate, topic, recordType, headline, msgType, recordJson, recordData) values (1319,'TB-GeoServer','null','2019-09-12 13:30:53.095','2019-09-12 13:30:53.095','system_logging','Log','New Generic Callback Consumer created for topic: large_data_update','Info','{"id": "TB-GeoServer", "dateTimeSent": 1568287852405, "level": "INFO", "log": "New Generic Callback Consumer created for topic: large_data_update"}','null');
insert into aar_service.record (id, clientId, sessionId, createDate, trialDate, topic, recordType, headline, msgType, recordJson, recordData) values (1320,'airborne','null','2019-09-12 13:31:12.686','2019-09-12 13:31:12.686','large_data_update','LargeDataUpdate','New LargeFile available: Train_Station','Info','{"url": "ftp://f_argos:Vabene01@plapperkaefer/ftp/mosaike/Flug2_20190911_093953_15cm_498000_5257500.tif", "title": "Train_Station", "description": "47.470936,14.973459,47.457442,14.993366", "dataType": "image_geotiff"}','null');
insert into aar_service.file (id, name, mimeType, url, record_id) values (102,'record/attachements/Flug2_20190911_093953_15cm_498000_5257500.tif','image_geotiff','ftp://f_argos:Vabene01@plapperkaefer/ftp/mosaike/Flug2_20190911_093953_15cm_498000_5257500.tif',1320);
insert into aar_service.record (id, clientId, sessionId, createDate, trialDate, topic, recordType, headline, msgType, recordJson, recordData) values (1321,'TB-GeoServer','null','2019-09-12 13:31:21.68','2019-09-12 13:31:21.68','map_layer_update','MapLayerUpdate','Flug2_20190911_093953_15cm_498000_525750, CREATE','Info','{"url": "http://192.168.178.31:8180/geoserver/driver/wms", "title": "Flug2_20190911_093953_15cm_498000_525750", "description": "47.470936,14.973459,47.457442,14.993366", "username": null, "password": null, "updateType": "CREATE", "layerType": "WMS"}','null');
insert into aar_service.record (id, clientId, sessionId, createDate, trialDate, topic, recordType, headline, msgType, recordJson, recordData) values (1322,'TB-GeoServer','null','2019-09-12 13:32:03.729','2019-09-12 13:32:03.729','system_logging','Log','New Generic Callback Consumer created for topic: system_topic_access_invite','Info','{"id": "TB-GeoServer", "dateTimeSent": 1568287923089, "level": "INFO", "log": "New Generic Callback Consumer created for topic: system_topic_access_invite"}','null');
insert into aar_service.record (id, clientId, sessionId, createDate, trialDate, topic, recordType, headline, msgType, recordJson, recordData) values (1323,'TB-GeoServer','null','2019-09-12 13:32:03.855','2019-09-12 13:32:03.855','system_logging','Log','New Generic Callback Consumer created for topic: system_timing_control','Info','{"id": "TB-GeoServer", "dateTimeSent": 1568287923139, "level": "INFO", "log": "New Generic Callback Consumer created for topic: system_timing_control"}','null');
insert into aar_service.record (id, clientId, sessionId, createDate, trialDate, topic, recordType, headline, msgType, recordJson, recordData) values (1324,'TB-GeoServer','null','2019-09-12 13:32:03.989','2019-09-12 13:32:03.989','system_logging','Log','initCoreTopics -->','Info','{"id": "TB-GeoServer", "dateTimeSent": 1568287923147, "level": "INFO", "log": "initCoreTopics -->"}','null');
insert into aar_service.record (id, clientId, sessionId, createDate, trialDate, topic, recordType, headline, msgType, recordJson, recordData) values (1328,'TB-GeoServer','null','2019-09-12 13:32:04.499','2019-09-12 13:32:04.499','system_logging','Log','addCallback-->','Info','{"id": "TB-GeoServer", "dateTimeSent": 1568287923212, "level": "INFO", "log": "addCallback-->"}','null');
insert into aar_service.record (id, clientId, sessionId, createDate, trialDate, topic, recordType, headline, msgType, recordJson, recordData) values (1334,'TB-Ost','null','2019-09-12 13:33:00.997','2019-09-12 13:33:00.997','system_observer_tool_answer','ObserverToolAnswer','A new observation was reported by: Block2_Situation_Assessment-viewTerra_Observer','Info','{"trialId": 13, "sessionId": 217, "answerId": 1306, "timeSendUTC": 1568287978, "timeWhen": 1568287980000, "observationTypeName": "Block2_Situation_Assessment-viewTerra_Observer", "observervationTypeId": 1483, "observationTypeDescription": "Was vieWTerra Evolution able to display the Airborne dataset (2D Imagery) without difficulties?", "description": "", "multiplicity": true, "questions": [{"id": 3161, "name": "Was vieWTerra Evolution able to display the Airbor", "description": "-", "answer": "Strongly agree", "comment": "", "typeOfQuestion": "radiobutton"}]}','null');
insert into aar_service.record (id, clientId, sessionId, createDate, trialDate, topic, recordType, headline, msgType, recordJson, recordData) values (1335,'TB-Ost','null','2019-09-12 13:33:17.193','2019-09-12 13:33:17.193','system_observer_tool_answer','ObserverToolAnswer','A new observation was reported by: Block2_Situation_Assessment-viewTerra_Observer','Info','{"trialId": 13, "sessionId": 217, "answerId": 1307, "timeSendUTC": 1568287995, "timeWhen": 1568287996000, "observationTypeName": "Block2_Situation_Assessment-viewTerra_Observer", "observervationTypeId": 1484, "observationTypeDescription": "WasvieWTerraEvolution allowing navigation through the 3D landscape after incorporation of the Airborne 2D Imagery dataset?", "description": "", "multiplicity": true, "questions": [{"id": 3160, "name": "WasvieWTerraEvolution allowing navigation throug", "description": "-", "answer": "Strongly agree", "comment": "", "typeOfQuestion": "radiobutton"}]}','null');
insert into aar_service.record (id, clientId, sessionId, createDate, trialDate, topic, recordType, headline, msgType, recordJson, recordData) values (1336,'airborne','null','2019-09-12 13:33:28.569','2019-09-12 13:33:28.569','large_data_update','LargeDataUpdate','New LargeFile available: Train_Station','Info','{"url": "ftp://f_argos:Vabene01@plapperkaefer/ftp/mosaike/Flug2_20190911_094017_15cm_498000_5259000.tif", "title": "Train_Station", "description": "47.484433,14.973452,47.470939,14.993365", "dataType": "image_geotiff"}','null');
insert into aar_service.file (id, name, mimeType, url, record_id) values (104,'record/attachements/Flug2_20190911_094017_15cm_498000_5259000.tif','image_geotiff','ftp://f_argos:Vabene01@plapperkaefer/ftp/mosaike/Flug2_20190911_094017_15cm_498000_5259000.tif',1336);
insert into aar_service.record (id, clientId, sessionId, createDate, trialDate, topic, recordType, headline, msgType, recordJson, recordData) values (1337,'TB-GeoServer','null','2019-09-12 13:33:39.101','2019-09-12 13:33:39.101','map_layer_update','MapLayerUpdate','Flug2_20190911_094017_15cm_498000_525900, CREATE','Info','{"url": "http://192.168.178.31:8180/geoserver/driver/wms", "title": "Flug2_20190911_094017_15cm_498000_525900", "description": "47.484433,14.973452,47.470939,14.993365", "username": null, "password": null, "updateType": "CREATE", "layerType": "WMS"}','null');
insert into aar_service.record (id, clientId, sessionId, createDate, trialDate, topic, recordType, headline, msgType, recordJson, recordData) values (1338,'airborne','null','2019-09-12 13:34:20.27','2019-09-12 13:34:20.27','large_data_update','LargeDataUpdate','New LargeFile available: Train_Station','Info','{"url": "ftp://f_argos:Vabene01@plapperkaefer/ftp/mosaike/Flug2_20190912_085050_15cm_499500_5259000.tif", "title": "Train_Station", "description": "47.484436,14.993363,47.470938,15.013271", "dataType": "image_geotiff"}','null');
insert into aar_service.file (id, name, mimeType, url, record_id) values (105,'record/attachements/Flug2_20190912_085050_15cm_499500_5259000.tif','image_geotiff','ftp://f_argos:Vabene01@plapperkaefer/ftp/mosaike/Flug2_20190912_085050_15cm_499500_5259000.tif',1338);
insert into aar_service.record (id, clientId, sessionId, createDate, trialDate, topic, recordType, headline, msgType, recordJson, recordData) values (1339,'TB-GeoServer','null','2019-09-12 13:34:23.269','2019-09-12 13:34:23.269','map_layer_update','MapLayerUpdate','Flug2_20190912_085050_15cm_499500_525900, CREATE','Info','{"url": "http://192.168.178.31:8180/geoserver/driver/wms", "title": "Flug2_20190912_085050_15cm_499500_525900", "description": "47.484436,14.993363,47.470938,15.013271", "username": null, "password": null, "updateType": "CREATE", "layerType": "WMS"}','null');
insert into aar_service.record (id, clientId, sessionId, createDate, trialDate, topic, recordType, headline, msgType, recordJson, recordData) values (1340,'airborne','null','2019-09-12 13:35:44.451','2019-09-12 13:35:44.451','large_data_update','LargeDataUpdate','New LargeFile available: Bridge','Info','{"url": "ftp://f_argos:Vabene01@plapperkaefer/ftp/mosaike/Flug2_20190911_094050_15cm_498000_5262000.tif", "title": "Bridge", "description": "47.511427,14.973439,47.497933,14.993361", "dataType": "image_geotiff"}','null');
insert into aar_service.file (id, name, mimeType, url, record_id) values (106,'record/attachements/Flug2_20190911_094050_15cm_498000_5262000.tif','image_geotiff','ftp://f_argos:Vabene01@plapperkaefer/ftp/mosaike/Flug2_20190911_094050_15cm_498000_5262000.tif',1340);
insert into aar_service.record (id, clientId, sessionId, createDate, trialDate, topic, recordType, headline, msgType, recordJson, recordData) values (1341,'TB-GeoServer','null','2019-09-12 13:36:00.977','2019-09-12 13:36:00.977','map_layer_update','MapLayerUpdate','Flug2_20190911_094050_15cm_498000_526200, CREATE','Info','{"url": "http://192.168.178.93:8180/geoserver/driver/wms", "title": "Flug2_20190911_094050_15cm_498000_526200", "description": "47.511427,14.973439,47.497933,14.993361", "username": null, "password": null, "updateType": "CREATE", "layerType": "WMS"}','null');
insert into aar_service.record (id, clientId, sessionId, createDate, trialDate, topic, recordType, headline, msgType, recordJson, recordData) values (1342,'TB-Ost','null','2019-09-12 13:36:16.25','2019-09-12 13:36:16.25','system_observer_tool_answer','ObserverToolAnswer','A new observation was reported by: Block2_Situation_Assessment-viewTerra_Observer','Info','{"trialId": 13, "sessionId": 217, "answerId": 1308, "timeSendUTC": 1568288174, "timeWhen": 1568288175000, "observationTypeName": "Block2_Situation_Assessment-viewTerra_Observer", "observervationTypeId": 1485, "observationTypeDescription": "Was the vieWTerra Evolution operator able to display Airborne dataset without lags and distortions? ", "description": "", "multiplicity": true, "questions": [{"id": 3155, "name": "Was the vieWTerra Evolution operator able to displ", "description": "-", "answer": "Agree", "comment": "", "typeOfQuestion": "radiobutton"}]}','null');
insert into aar_service.record (id, clientId, sessionId, createDate, trialDate, topic, recordType, headline, msgType, recordJson, recordData) values (1343,'airborne','null','2019-09-12 13:36:30.086','2019-09-12 13:36:30.086','large_data_update','LargeDataUpdate','New LargeFile available: Bridge','Info','{"url": "ftp://f_argos:Vabene01@plapperkaefer/ftp/mosaike/Flug2_20190911_094053_15cm_499500_5262000.tif", "title": "Bridge", "description": "47.511430,14.993360,47.497932,15.013277", "dataType": "image_geotiff"}','null');
insert into aar_service.file (id, name, mimeType, url, record_id) values (107,'record/attachements/Flug2_20190911_094053_15cm_499500_5262000.tif','image_geotiff','ftp://f_argos:Vabene01@plapperkaefer/ftp/mosaike/Flug2_20190911_094053_15cm_499500_5262000.tif',1343);
insert into aar_service.record (id, clientId, sessionId, createDate, trialDate, topic, recordType, headline, msgType, recordJson, recordData) values (1344,'TB-GeoServer','null','2019-09-12 13:36:37.657','2019-09-12 13:36:37.657','map_layer_update','MapLayerUpdate','Flug2_20190911_094053_15cm_499500_526200, CREATE','Info','{"url": "http://192.168.178.93:8180/geoserver/driver/wms", "title": "Flug2_20190911_094053_15cm_499500_526200", "description": "47.511430,14.993360,47.497932,15.013277", "username": null, "password": null, "updateType": "CREATE", "layerType": "WMS"}','null');
insert into aar_service.record (id, clientId, sessionId, createDate, trialDate, topic, recordType, headline, msgType, recordJson, recordData) values (1345,'airborne','null','2019-09-12 13:37:18.741','2019-09-12 13:37:18.741','large_data_update','LargeDataUpdate','New LargeFile available: Bridge','Info','{"url": "ftp://f_argos:Vabene01@plapperkaefer/ftp/mosaike/Flug2_20190911_094059_15cm_498000_5263500.tif", "title": "Bridge", "description": "47.524924,14.973432,47.511430,14.993360", "dataType": "image_geotiff"}','null');
insert into aar_service.file (id, name, mimeType, url, record_id) values (108,'record/attachements/Flug2_20190911_094059_15cm_498000_5263500.tif','image_geotiff','ftp://f_argos:Vabene01@plapperkaefer/ftp/mosaike/Flug2_20190911_094059_15cm_498000_5263500.tif',1345);
insert into aar_service.record (id, clientId, sessionId, createDate, trialDate, topic, recordType, headline, msgType, recordJson, recordData) values (1346,'TB-TrialMgmt','null','2019-09-12 13:37:18.869','2019-09-12 13:37:18.869','system_tm_role_player','RolePlayerMessage','Identify potential damages on the main road B115.','Info','{"id": "73fa0795-c0b1-4e0b-acb9-fa4141aefd5e", "type": "ACTION", "title": "", "headline": "Identify potential damages on the main road B115.", "description": "", "rolePlayerName": "ARC - EXCON", "participantNames": null, "comment": ""}','null');
insert into aar_service.record (id, clientId, sessionId, createDate, trialDate, topic, recordType, headline, msgType, recordJson, recordData) values (1347,'airborne','null','2019-09-12 13:37:23.808','2019-09-12 13:37:23.808','large_data_update','LargeDataUpdate','New LargeFile available: Bridge','Info','{"url": "ftp://f_argos:Vabene01@plapperkaefer/ftp/mosaike/Flug2_20190911_094111_15cm_496500_5262000.tif", "title": "Bridge", "description": "47.511420,14.953517,47.497930,14.973445", "dataType": "image_geotiff"}','null');
insert into aar_service.file (id, name, mimeType, url, record_id) values (109,'record/attachements/Flug2_20190911_094111_15cm_496500_5262000.tif','image_geotiff','ftp://f_argos:Vabene01@plapperkaefer/ftp/mosaike/Flug2_20190911_094111_15cm_496500_5262000.tif',1347);
insert into aar_service.record (id, clientId, sessionId, createDate, trialDate, topic, recordType, headline, msgType, recordJson, recordData) values (1348,'TB-GeoServer','null','2019-09-12 13:37:24.884','2019-09-12 13:37:24.884','map_layer_update','MapLayerUpdate','Flug2_20190911_094111_15cm_496500_526200, CREATE','Info','{"url": "http://192.168.178.31:8180/geoserver/driver/wms", "title": "Flug2_20190911_094111_15cm_496500_526200", "description": "47.511420,14.953517,47.497930,14.973445", "username": null, "password": null, "updateType": "CREATE", "layerType": "WMS"}','null');
insert into aar_service.record (id, clientId, sessionId, createDate, trialDate, topic, recordType, headline, msgType, recordJson, recordData) values (1349,'TB-GeoServer','null','2019-09-12 13:37:32.199','2019-09-12 13:37:32.199','map_layer_update','MapLayerUpdate','Flug2_20190911_094059_15cm_498000_526350, CREATE','Info','{"url": "http://192.168.178.93:8180/geoserver/driver/wms", "title": "Flug2_20190911_094059_15cm_498000_526350", "description": "47.524924,14.973432,47.511430,14.993360", "username": null, "password": null, "updateType": "CREATE", "layerType": "WMS"}','null');
insert into aar_service.record (id, clientId, sessionId, createDate, trialDate, topic, recordType, headline, msgType, recordJson, recordData) values (1350,'TB-TrialMgmt','null','2019-09-12 13:37:41.82','2019-09-12 13:37:41.82','system_tm_role_player','RolePlayerMessage','Identify potential damaged/collapsed buildings.','Info','{"id": "d96bb525-6d78-45e4-a43f-b800ab5377ab", "type": "ACTION", "title": "", "headline": "Identify potential damaged/collapsed buildings.", "description": "In Eisenerz.", "rolePlayerName": "ARC - EXCON", "participantNames": null, "comment": ""}','null');
insert into aar_service.record (id, clientId, sessionId, createDate, trialDate, topic, recordType, headline, msgType, recordJson, recordData) values (1353,'TB-Ost','null','2019-09-12 13:40:07.682','2019-09-12 13:40:07.682','system_observer_tool_answer','ObserverToolAnswer','A new observation was reported by: Block2_Situation_Assessment-viewTerra_Observer','Info','{"trialId": 13, "sessionId": 217, "answerId": 1309, "timeSendUTC": 1568288405, "timeWhen": 1568288407000, "observationTypeName": "Block2_Situation_Assessment-viewTerra_Observer", "observervationTypeId": 1488, "observationTypeDescription": "The S2-S3 uses other sources of visualisation (e.g google maps, paper maps, etc\u2026) for comparison with the viewterra.", "description": "", "multiplicity": true, "questions": [{"id": 3158, "name": "The S2-S3 uses other sources of visualisation (e.g", "description": "-", "answer": "[Agree]", "comment": "Used google maps for orientation ", "typeOfQuestion": "checkbox"}]}','null');
insert into aar_service.record (id, clientId, sessionId, createDate, trialDate, topic, recordType, headline, msgType, recordJson, recordData) values (1354,'airborne','null','2019-09-12 13:40:16.192','2019-09-12 13:40:16.192','large_data_update','LargeDataUpdate','New LargeFile available: Bridge','Info','{"url": "ftp://f_argos:Vabene01@plapperkaefer/ftp/mosaike/Flug2_20190911_094117_15cm_498000_5265000.tif", "title": "Bridge", "description": "47.538421,14.973425,47.524927,14.993358", "dataType": "image_geotiff"}','null');
insert into aar_service.file (id, name, mimeType, url, record_id) values (111,'record/attachements/Flug2_20190911_094117_15cm_498000_5265000.tif','image_geotiff','ftp://f_argos:Vabene01@plapperkaefer/ftp/mosaike/Flug2_20190911_094117_15cm_498000_5265000.tif',1354);
insert into aar_service.record (id, clientId, sessionId, createDate, trialDate, topic, recordType, headline, msgType, recordJson, recordData) values (1355,'TB-GeoServer','null','2019-09-12 13:40:16.532','2019-09-12 13:40:16.532','map_layer_update','MapLayerUpdate','Flug2_20190911_094117_15cm_498000_526500, CREATE','Info','{"url": "http://192.168.178.93:8180/geoserver/driver/wms", "title": "Flug2_20190911_094117_15cm_498000_526500", "description": "47.538421,14.973425,47.524927,14.993358", "username": null, "password": null, "updateType": "CREATE", "layerType": "WMS"}','null');
insert into aar_service.record (id, clientId, sessionId, createDate, trialDate, topic, recordType, headline, msgType, recordJson, recordData) values (1356,'airborne','null','2019-09-12 13:42:08.75','2019-09-12 13:42:08.75','large_data_update','LargeDataUpdate','New LargeFile available: Bridge','Info','{"url": "ftp://f_argos:Vabene01@plapperkaefer/ftp/mosaike/Flug2_20190911_094120_15cm_496500_5265000.tif", "title": "Bridge", "description": "47.538414,14.953494,47.524924,14.973432", "dataType": "image_geotiff"}','null');
insert into aar_service.file (id, name, mimeType, url, record_id) values (112,'record/attachements/Flug2_20190911_094120_15cm_496500_5265000.tif','image_geotiff','ftp://f_argos:Vabene01@plapperkaefer/ftp/mosaike/Flug2_20190911_094120_15cm_496500_5265000.tif',1356);
insert into aar_service.record (id, clientId, sessionId, createDate, trialDate, topic, recordType, headline, msgType, recordJson, recordData) values (1357,'TB-GeoServer','null','2019-09-12 13:42:15.625','2019-09-12 13:42:15.625','map_layer_update','MapLayerUpdate','Flug2_20190911_094120_15cm_496500_526500, CREATE','Info','{"url": "http://192.168.178.93:8180/geoserver/driver/wms", "title": "Flug2_20190911_094120_15cm_496500_526500", "description": "47.538414,14.953494,47.524924,14.973432", "username": null, "password": null, "updateType": "CREATE", "layerType": "WMS"}','null');
insert into aar_service.record (id, clientId, sessionId, createDate, trialDate, topic, recordType, headline, msgType, recordJson, recordData) values (1358,'airborne','null','2019-09-12 13:43:53.188','2019-09-12 13:43:53.188','large_data_update','LargeDataUpdate','New LargeFile available: Bridge','Info','{"url": "ftp://f_argos:Vabene01@plapperkaefer/ftp/mosaike/Flug2_20190911_094135_15cm_495000_5263500.tif", "title": "Bridge", "description": "47.524908,14.933579,47.511420,14.953517", "dataType": "image_geotiff"}','null');
insert into aar_service.file (id, name, mimeType, url, record_id) values (113,'record/attachements/Flug2_20190911_094135_15cm_495000_5263500.tif','image_geotiff','ftp://f_argos:Vabene01@plapperkaefer/ftp/mosaike/Flug2_20190911_094135_15cm_495000_5263500.tif',1358);
insert into aar_service.record (id, clientId, sessionId, createDate, trialDate, topic, recordType, headline, msgType, recordJson, recordData) values (1359,'TB-GeoServer','null','2019-09-12 13:43:57.354','2019-09-12 13:43:57.354','map_layer_update','MapLayerUpdate','Flug2_20190911_094135_15cm_495000_526350, CREATE','Info','{"url": "http://192.168.178.31:8180/geoserver/driver/wms", "title": "Flug2_20190911_094135_15cm_495000_526350", "description": "47.524908,14.933579,47.511420,14.953517", "username": null, "password": null, "updateType": "CREATE", "layerType": "WMS"}','null');
insert into aar_service.record (id, clientId, sessionId, createDate, trialDate, topic, recordType, headline, msgType, recordJson, recordData) values (1360,'TB-TrialMgmt','null','2019-09-12 13:44:05.888','2019-09-12 13:44:05.888','system_tm_role_player','RolePlayerMessage','Report collapsed buildings in Krumpentaler Strasse.','Info','{"id": "9500eec7-4bb4-4973-b2d0-5499df9627b2", "type": "CALL", "title": "", "headline": "Report collapsed buildings in Krumpentaler Strasse.", "description": "", "rolePlayerName": "ARC - EXCON", "participantNames": null, "comment": ""}','null');
insert into aar_service.record (id, clientId, sessionId, createDate, trialDate, topic, recordType, headline, msgType, recordJson, recordData) values (1361,'TB-TrialMgmt','null','2019-09-12 13:44:09.886','2019-09-12 13:44:09.886','system_tm_role_player','RolePlayerMessage','Report collapsed buildings at the region of Prblich.','Info','{"id": "739e9524-1b61-490a-ad4a-a0aedc1dd2ef", "type": "CALL", "title": "", "headline": "Report collapsed buildings at the region of Prblich.", "description": "", "rolePlayerName": "ARC - EXCON", "participantNames": null, "comment": ""}','null');
insert into aar_service.record (id, clientId, sessionId, createDate, trialDate, topic, recordType, headline, msgType, recordJson, recordData) values (1362,'TB-TrialMgmt','null','2019-09-12 13:44:13.889','2019-09-12 13:44:13.889','system_tm_role_player','RolePlayerMessage','Report damaged buildings in Radmeistrasse.','Info','{"id": "f4548836-7202-4a35-ab3f-c799eaba1451", "type": "CALL", "title": "", "headline": "Report damaged buildings in Radmeistrasse.", "description": "", "rolePlayerName": "ARC - EXCON", "participantNames": null, "comment": ""}','null');
insert into aar_service.record (id, clientId, sessionId, createDate, trialDate, topic, recordType, headline, msgType, recordJson, recordData) values (1363,'TB-TrialMgmt','null','2019-09-12 13:44:17.886','2019-09-12 13:44:17.886','system_tm_role_player','RolePlayerMessage','Report potential damages in hospital & gas station','Info','{"id": "24cf5580-9998-4479-ae9d-c15b3d5baa7b", "type": "CALL", "title": "", "headline": "Report potential damages in hospital & gas station", "description": "Hospital (Hans-von-der-Sann-Strasse) and the Gas station close to Fichtenstrasse.", "rolePlayerName": "ARC - EXCON", "participantNames": null, "comment": ""}','null');
insert into aar_service.record (id, clientId, sessionId, createDate, trialDate, topic, recordType, headline, msgType, recordJson, recordData) values (1364,'TB-TrialMgmt','null','2019-09-12 13:44:23.888','2019-09-12 13:44:23.888','system_tm_role_player','RolePlayerMessage','Report of damages in the bridge.','Info','{"id": "62c9751b-5397-4b0a-aa3e-bc084382b2e6", "type": "CALL", "title": "", "headline": "Report of damages in the bridge.", "description": "Between Eisenerz and Prblich.", "rolePlayerName": "ARC - EXCON", "participantNames": null, "comment": ""}','null');
insert into aar_service.record (id, clientId, sessionId, createDate, trialDate, topic, recordType, headline, msgType, recordJson, recordData) values (1365,'TB-TrialMgmt','null','2019-09-12 13:45:33.899','2019-09-12 13:45:33.899','system_tm_role_player','RolePlayerMessage','Collapsed bridge','Info','{"id": "3f62a69a-45d1-4961-94da-aa944f4ce557", "type": "CALL", "title": "", "headline": "Collapsed bridge", "description": "Report a collapsed Bridge over the B115 road around Vordenberger Bach, the incoming units cant arrive soon. Their arrival is expected at 16:00.", "rolePlayerName": "ARC - EXCON", "participantNames": null, "comment": ""}','null');
insert into aar_service.record (id, clientId, sessionId, createDate, trialDate, topic, recordType, headline, msgType, recordJson, recordData) values (1366,'TB-TrialMgmt','null','2019-09-12 13:45:46.905','2019-09-12 13:45:46.905','system_tm_role_player','RolePlayerMessage','Collapsed buildings','Info','{"id": "e0a2fb82-6413-41d9-bb53-3300ff1baf35", "type": "CALL", "title": "", "headline": "Collapsed buildings", "description": "Last reports inform collapsed buildings in Vordenberg and Surroundings of Eisenerz.", "rolePlayerName": "ARC - EXCON", "participantNames": null, "comment": ""}','null');
insert into aar_service.record (id, clientId, sessionId, createDate, trialDate, topic, recordType, headline, msgType, recordJson, recordData) values (1367,'TB-Ost','null','2019-09-12 13:46:07.913','2019-09-12 13:46:07.913','system_observer_tool_answer','ObserverToolAnswer','A new observation was reported by: Block2_Situation_Assessment-viewTerra_Observer','Info','{"trialId": 13, "sessionId": 217, "answerId": 1310, "timeSendUTC": 1568288765, "timeWhen": 1568288767000, "observationTypeName": "Block2_Situation_Assessment-viewTerra_Observer", "observervationTypeId": 1490, "observationTypeDescription": "Can you observe, the S2 is using the information received by the viewterra.", "description": "", "multiplicity": true, "questions": [{"id": 3156, "name": "Can you observe, the S2 is using the information r", "description": "-", "answer": "[Agree]", "comment": "He was discussing infrastructure (gas stations etc)", "typeOfQuestion": "checkbox"}]}','null');
insert into aar_service.record (id, clientId, sessionId, createDate, trialDate, topic, recordType, headline, msgType, recordJson, recordData) values (1368,'airborne','null','2019-09-12 13:47:06.864','2019-09-12 13:47:06.864','large_data_update','LargeDataUpdate','New LargeFile available: Bridge','Info','{"url": "ftp://f_argos:Vabene01@plapperkaefer/ftp/mosaike/Flug2_20190911_094135_15cm_495000_5265000.tif", "title": "Bridge", "description": "47.538404,14.933562,47.524917,14.953506", "dataType": "image_geotiff"}','null');
insert into aar_service.file (id, name, mimeType, url, record_id) values (114,'record/attachements/Flug2_20190911_094135_15cm_495000_5265000.tif','image_geotiff','ftp://f_argos:Vabene01@plapperkaefer/ftp/mosaike/Flug2_20190911_094135_15cm_495000_5265000.tif',1368);
insert into aar_service.record (id, clientId, sessionId, createDate, trialDate, topic, recordType, headline, msgType, recordJson, recordData) values (1369,'TB-GeoServer','null','2019-09-12 13:47:18.005','2019-09-12 13:47:18.005','map_layer_update','MapLayerUpdate','Flug2_20190911_094135_15cm_495000_526500, CREATE','Info','{"url": "http://192.168.178.31:8180/geoserver/driver/wms", "title": "Flug2_20190911_094135_15cm_495000_526500", "description": "47.538404,14.933562,47.524917,14.953506", "username": null, "password": null, "updateType": "CREATE", "layerType": "WMS"}','null');
insert into aar_service.record (id, clientId, sessionId, createDate, trialDate, topic, recordType, headline, msgType, recordJson, recordData) values (1653,'TB-AARTool_FD','null','2019-09-13 08:44:09.074','2019-09-13 08:44:09.074','system_logging','Log','--> addCallback: map_layer_update','Info','{"id": "TB-AARTool_FD", "dateTimeSent": 1568357039850, "level": "INFO", "log": "--> addCallback: map_layer_update"}','null');
insert into aar_service.record (id, clientId, sessionId, createDate, trialDate, topic, recordType, headline, msgType, recordJson, recordData) values (1373,'TB-GeoServer','null','2019-09-12 13:50:46.405','2019-09-12 13:50:46.405','map_layer_update','MapLayerUpdate','Flug2_20190911_094202_15cm_493500_526650, CREATE','Info','{"url": "http://192.168.178.93:8180/geoserver/driver/wms", "title": "Flug2_20190911_094202_15cm_493500_526650", "description": "47.551888,14.913609,47.538404,14.933562", "username": null, "password": null, "updateType": "CREATE", "layerType": "WMS"}','null');
insert into aar_service.record (id, clientId, sessionId, createDate, trialDate, topic, recordType, headline, msgType, recordJson, recordData) values (1374,'airborne','null','2019-09-12 13:52:56.69','2019-09-12 13:52:56.69','large_data_update','LargeDataUpdate','New LargeFile available: Training_Center','Info','{"url": "ftp://f_argos:Vabene01@plapperkaefer/ftp/mosaike/Flug2_20190911_095421_15cm_490500_5265000.tif", "title": "Training_Center", "description": "47.538354,14.873769,47.524877,14.893727", "dataType": "image_geotiff"}','null');
insert into aar_service.file (id, name, mimeType, url, record_id) values (117,'record/attachements/Flug2_20190911_095421_15cm_490500_5265000.tif','image_geotiff','ftp://f_argos:Vabene01@plapperkaefer/ftp/mosaike/Flug2_20190911_095421_15cm_490500_5265000.tif',1374);
insert into aar_service.record (id, clientId, sessionId, createDate, trialDate, topic, recordType, headline, msgType, recordJson, recordData) values (1375,'TB-GeoServer','null','2019-09-12 13:53:12.378','2019-09-12 13:53:12.378','map_layer_update','MapLayerUpdate','Flug2_20190911_095421_15cm_490500_526500, CREATE','Info','{"url": "http://192.168.178.31:8180/geoserver/driver/wms", "title": "Flug2_20190911_095421_15cm_490500_526500", "description": "47.538354,14.873769,47.524877,14.893727", "username": null, "password": null, "updateType": "CREATE", "layerType": "WMS"}','null');
insert into aar_service.record (id, clientId, sessionId, createDate, trialDate, topic, recordType, headline, msgType, recordJson, recordData) values (1376,'TB-Ost','null','2019-09-12 13:54:07.236','2019-09-12 13:54:07.236','system_observer_tool_answer','ObserverToolAnswer','A new observation was reported by: Block2_Situation_Assessment-viewTerra_Observer','Info','{"trialId": 13, "sessionId": 217, "answerId": 1311, "timeSendUTC": 1568289245, "timeWhen": 1568289246000, "observationTypeName": "Block2_Situation_Assessment-viewTerra_Observer", "observervationTypeId": 1487, "observationTypeDescription": "The S2-S3 creates a report for the EL (head of operations)), based on the information provided by Viewterra.", "description": "", "multiplicity": true, "questions": [{"id": 3164, "name": "The S2-S3 creates a report for the EL (head of ope", "description": "-", "answer": "[Not applicable]", "comment": "They discussed the information all together ", "typeOfQuestion": "checkbox"}]}','null');
insert into aar_service.record (id, clientId, sessionId, createDate, trialDate, topic, recordType, headline, msgType, recordJson, recordData) values (1377,'airborne','null','2019-09-12 13:55:02.448','2019-09-12 13:55:02.448','large_data_update','LargeDataUpdate','New LargeFile available: Training_Center','Info','{"url": "ftp://f_argos:Vabene01@plapperkaefer/ftp/mosaike/Flug2_20190911_095424_15cm_492000_5265000.tif", "title": "Training_Center", "description": "47.538374,14.893700,47.524894,14.913653", "dataType": "image_geotiff"}','null');
insert into aar_service.file (id, name, mimeType, url, record_id) values (118,'record/attachements/Flug2_20190911_095424_15cm_492000_5265000.tif','image_geotiff','ftp://f_argos:Vabene01@plapperkaefer/ftp/mosaike/Flug2_20190911_095424_15cm_492000_5265000.tif',1377);
insert into aar_service.record (id, clientId, sessionId, createDate, trialDate, topic, recordType, headline, msgType, recordJson, recordData) values (1378,'TB-GeoServer','null','2019-09-12 13:55:17.45','2019-09-12 13:55:17.45','map_layer_update','MapLayerUpdate','Flug2_20190911_095424_15cm_492000_526500, CREATE','Info','{"url": "http://192.168.178.93:8180/geoserver/driver/wms", "title": "Flug2_20190911_095424_15cm_492000_526500", "description": "47.538374,14.893700,47.524894,14.913653", "username": null, "password": null, "updateType": "CREATE", "layerType": "WMS"}','null');
insert into aar_service.record (id, clientId, sessionId, createDate, trialDate, topic, recordType, headline, msgType, recordJson, recordData) values (1379,'airborne','null','2019-09-12 13:56:45.863','2019-09-12 13:56:45.863','large_data_update','LargeDataUpdate','New LargeFile available: Training_Center','Info','{"url": "ftp://f_argos:Vabene01@plapperkaefer/ftp/mosaike/Flug2_20190911_095445_15cm_490500_5266500.tif", "title": "Training_Center", "description": "47.551851,14.873736,47.538374,14.893700", "dataType": "image_geotiff"}','null');
insert into aar_service.file (id, name, mimeType, url, record_id) values (119,'record/attachements/Flug2_20190911_095445_15cm_490500_5266500.tif','image_geotiff','ftp://f_argos:Vabene01@plapperkaefer/ftp/mosaike/Flug2_20190911_095445_15cm_490500_5266500.tif',1379);
insert into aar_service.record (id, clientId, sessionId, createDate, trialDate, topic, recordType, headline, msgType, recordJson, recordData) values (1380,'TB-GeoServer','null','2019-09-12 13:57:08.468','2019-09-12 13:57:08.468','map_layer_update','MapLayerUpdate','Flug2_20190911_095445_15cm_490500_526650, CREATE','Info','{"url": "http://192.168.178.31:8180/geoserver/driver/wms", "title": "Flug2_20190911_095445_15cm_490500_526650", "description": "47.551851,14.873736,47.538374,14.893700", "username": null, "password": null, "updateType": "CREATE", "layerType": "WMS"}','null');
insert into aar_service.record (id, clientId, sessionId, createDate, trialDate, topic, recordType, headline, msgType, recordJson, recordData) values (1381,'TB-Ost','null','2019-09-12 13:59:39.753','2019-09-12 13:59:39.753','system_observer_tool_answer','ObserverToolAnswer','A new observation was reported by: Block2_Situation_Assessment-DLR_Observer','Info','{"trialId": 13, "sessionId": 217, "answerId": 1312, "timeSendUTC": 1568289577, "timeWhen": 1568289579000, "observationTypeName": "Block2_Situation_Assessment-DLR_Observer", "observervationTypeId": 1460, "observationTypeDescription": "Can you observe, the S2-S3 is using the information received by the DLR.", "description": "", "multiplicity": true, "questions": [{"id": 3042, "name": "Can you observe, the S2-S3 is using the informatio", "description": "-", "answer": "[Agree]", "comment": "", "typeOfQuestion": "checkbox"}]}','null');
insert into aar_service.record (id, clientId, sessionId, createDate, trialDate, topic, recordType, headline, msgType, recordJson, recordData) values (1382,'airborne','null','2019-09-12 14:00:18.807','2019-09-12 14:00:18.807','large_data_update','LargeDataUpdate','New LargeFile available: Training_Center','Info','{"url": "ftp://f_argos:Vabene01@plapperkaefer/ftp/mosaike/Flug2_20190911_095448_15cm_492000_5266500.tif", "title": "Training_Center", "description": "47.551871,14.893672,47.538391,14.913631", "dataType": "image_geotiff"}','null');
insert into aar_service.file (id, name, mimeType, url, record_id) values (120,'record/attachements/Flug2_20190911_095448_15cm_492000_5266500.tif','image_geotiff','ftp://f_argos:Vabene01@plapperkaefer/ftp/mosaike/Flug2_20190911_095448_15cm_492000_5266500.tif',1382);
insert into aar_service.record (id, clientId, sessionId, createDate, trialDate, topic, recordType, headline, msgType, recordJson, recordData) values (1383,'TB-GeoServer','null','2019-09-12 14:00:24.09','2019-09-12 14:00:24.09','map_layer_update','MapLayerUpdate','Flug2_20190911_095448_15cm_492000_526650, CREATE','Info','{"url": "http://192.168.178.93:8180/geoserver/driver/wms", "title": "Flug2_20190911_095448_15cm_492000_526650", "description": "47.551871,14.893672,47.538391,14.913631", "username": null, "password": null, "updateType": "CREATE", "layerType": "WMS"}','null');
insert into aar_service.record (id, clientId, sessionId, createDate, trialDate, topic, recordType, headline, msgType, recordJson, recordData) values (1384,'TB-Ost','null','2019-09-12 14:00:54.163','2019-09-12 14:00:54.163','system_observer_tool_answer','ObserverToolAnswer','A new observation was reported by: Block2_Situation_Assessment-DLR_Observer','Info','{"trialId": 13, "sessionId": 217, "answerId": 1313, "timeSendUTC": 1568289652, "timeWhen": 1568289653000, "observationTypeName": "Block2_Situation_Assessment-DLR_Observer", "observervationTypeId": 1459, "observationTypeDescription": "The S2-S3 requests aditional maps to the DLR operator.", "description": "", "multiplicity": true, "questions": [{"id": 3037, "name": "The S2-S3 requests aditional maps to the DLR opera", "description": "-", "answer": "[Agree]", "comment": "The plane was sent back again for higher resolution and for larger area", "typeOfQuestion": "checkbox"}]}','null');
insert into aar_service.record (id, clientId, sessionId, createDate, trialDate, topic, recordType, headline, msgType, recordJson, recordData) values (1385,'airborne','null','2019-09-12 14:02:21.515','2019-09-12 14:02:21.515','large_data_update','LargeDataUpdate','New LargeFile available: Training_Center','Info','{"url": "ftp://f_argos:Vabene01@plapperkaefer/ftp/mosaike/Flug2_20190911_095451_15cm_489000_5266500.tif", "title": "Training_Center", "description": "47.551827,14.853800,47.538354,14.873769", "dataType": "image_geotiff"}','null');
insert into aar_service.file (id, name, mimeType, url, record_id) values (121,'record/attachements/Flug2_20190911_095451_15cm_489000_5266500.tif','image_geotiff','ftp://f_argos:Vabene01@plapperkaefer/ftp/mosaike/Flug2_20190911_095451_15cm_489000_5266500.tif',1385);
insert into aar_service.record (id, clientId, sessionId, createDate, trialDate, topic, recordType, headline, msgType, recordJson, recordData) values (1386,'TB-GeoServer','null','2019-09-12 14:02:25.082','2019-09-12 14:02:25.082','map_layer_update','MapLayerUpdate','Flug2_20190911_095451_15cm_489000_526650, CREATE','Info','{"url": "http://192.168.178.31:8180/geoserver/driver/wms", "title": "Flug2_20190911_095451_15cm_489000_526650", "description": "47.551827,14.853800,47.538354,14.873769", "username": null, "password": null, "updateType": "CREATE", "layerType": "WMS"}','null');
insert into aar_service.record (id, clientId, sessionId, createDate, trialDate, topic, recordType, headline, msgType, recordJson, recordData) values (1387,'airborne','null','2019-09-12 14:02:36.734','2019-09-12 14:02:36.734','large_data_update','LargeDataUpdate','New LargeFile available: Training_Center','Info','{"url": "ftp://f_argos:Vabene01@plapperkaefer/ftp/mosaike/Flug2_20190911_095503_15cm_490500_5268000.tif", "title": "Training_Center", "description": "47.565348,14.873704,47.551871,14.893672", "dataType": "image_geotiff"}','null');
insert into aar_service.file (id, name, mimeType, url, record_id) values (122,'record/attachements/Flug2_20190911_095503_15cm_490500_5268000.tif','image_geotiff','ftp://f_argos:Vabene01@plapperkaefer/ftp/mosaike/Flug2_20190911_095503_15cm_490500_5268000.tif',1387);
insert into aar_service.record (id, clientId, sessionId, createDate, trialDate, topic, recordType, headline, msgType, recordJson, recordData) values (1388,'airborne','null','2019-09-12 14:02:36.86','2019-09-12 14:02:36.86','large_data_update','LargeDataUpdate','New LargeFile available: Training_Center','Info','{"url": "ftp://f_argos:Vabene01@plapperkaefer/ftp/mosaike/Flug2_20190911_095515_15cm_489000_5268000.tif", "title": "Training_Center", "description": "47.565324,14.853762,47.551851,14.873736", "dataType": "image_geotiff"}','null');
insert into aar_service.file (id, name, mimeType, url, record_id) values (123,'record/attachements/Flug2_20190911_095515_15cm_489000_5268000.tif','image_geotiff','ftp://f_argos:Vabene01@plapperkaefer/ftp/mosaike/Flug2_20190911_095515_15cm_489000_5268000.tif',1388);
insert into aar_service.record (id, clientId, sessionId, createDate, trialDate, topic, recordType, headline, msgType, recordJson, recordData) values (1389,'TB-GeoServer','null','2019-09-12 14:02:42.253','2019-09-12 14:02:42.253','map_layer_update','MapLayerUpdate','Flug2_20190911_095515_15cm_489000_526800, CREATE','Info','{"url": "http://192.168.178.93:8180/geoserver/driver/wms", "title": "Flug2_20190911_095515_15cm_489000_526800", "description": "47.565324,14.853762,47.551851,14.873736", "username": null, "password": null, "updateType": "CREATE", "layerType": "WMS"}','null');
insert into aar_service.record (id, clientId, sessionId, createDate, trialDate, topic, recordType, headline, msgType, recordJson, recordData) values (1390,'TB-GeoServer','null','2019-09-12 14:03:00.714','2019-09-12 14:03:00.714','map_layer_update','MapLayerUpdate','Flug2_20190911_095503_15cm_490500_526800, CREATE','Info','{"url": "http://192.168.178.31:8180/geoserver/driver/wms", "title": "Flug2_20190911_095503_15cm_490500_526800", "description": "47.565348,14.873704,47.551871,14.893672", "username": null, "password": null, "updateType": "CREATE", "layerType": "WMS"}','null');
insert into aar_service.record (id, clientId, sessionId, createDate, trialDate, topic, recordType, headline, msgType, recordJson, recordData) values (1391,'TB-Ost','null','2019-09-12 14:03:19.098','2019-09-12 14:03:19.098','system_observer_tool_answer','ObserverToolAnswer','A new observation was reported by: Block2_Situation_Assessment-DLR_Observer','Info','{"trialId": 13, "sessionId": 217, "answerId": 1314, "timeSendUTC": 1568289796, "timeWhen": 1568289797000, "observationTypeName": "Block2_Situation_Assessment-DLR_Observer", "observervationTypeId": 1457, "observationTypeDescription": "The S2 - S3 creates a report for the EL (head of operations) (head of operations, based on the information provided by DLR.", "description": "", "multiplicity": true, "questions": [{"id": 3038, "name": "The S2 - S3 creates a report for the EL (head of o", "description": "-", "answer": "[Agree]", "comment": "", "typeOfQuestion": "checkbox"}]}','null');
insert into aar_service.record (id, clientId, sessionId, createDate, trialDate, topic, recordType, headline, msgType, recordJson, recordData) values (1392,'TB-Ost','null','2019-09-12 14:04:46.512','2019-09-12 14:04:46.512','system_observer_tool_answer','ObserverToolAnswer','A new observation was reported by: Block2_Situation_Assessment-DLR_Observer','Info','{"trialId": 13, "sessionId": 217, "answerId": 1315, "timeSendUTC": 1568289884, "timeWhen": 1568289885000, "observationTypeName": "Block2_Situation_Assessment-DLR_Observer", "observervationTypeId": 1459, "observationTypeDescription": "The S2-S3 requests aditional maps to the DLR operator.", "description": "", "multiplicity": true, "questions": [{"id": 3037, "name": "The S2-S3 requests aditional maps to the DLR opera", "description": "-", "answer": "[Agree]", "comment": "Map of the whole region", "typeOfQuestion": "checkbox"}]}','null');
insert into aar_service.record (id, clientId, sessionId, createDate, trialDate, topic, recordType, headline, msgType, recordJson, recordData) values (1393,'TB-Ost','null','2019-09-12 14:05:23.892','2019-09-12 14:05:23.892','system_observer_tool_answer','ObserverToolAnswer','A new observation was reported by: Block2_Situation_Assessment-DLR_Observer','Info','{"trialId": 13, "sessionId": 217, "answerId": 1316, "timeSendUTC": 1568289921, "timeWhen": 1568289922000, "observationTypeName": "Block2_Situation_Assessment-DLR_Observer", "observervationTypeId": 1460, "observationTypeDescription": "Can you observe, the S2-S3 is using the information received by the DLR.", "description": "", "multiplicity": true, "questions": [{"id": 3042, "name": "Can you observe, the S2-S3 is using the informatio", "description": "-", "answer": "[Agree]", "comment": "Information is used nearly during the whole exercise", "typeOfQuestion": "checkbox"}]}','null');
insert into aar_service.record (id, clientId, sessionId, createDate, trialDate, topic, recordType, headline, msgType, recordJson, recordData) values (1394,'TB-Ost','null','2019-09-12 14:08:33.684','2019-09-12 14:08:33.684','system_observer_tool_answer','ObserverToolAnswer','A new observation was reported by: Block2_Situation_Assessment-DLR_Observer','Info','{"trialId": 13, "sessionId": 217, "answerId": 1317, "timeSendUTC": 1568290111, "timeWhen": 1568290112000, "observationTypeName": "Block2_Situation_Assessment-DLR_Observer", "observervationTypeId": 1461, "observationTypeDescription": "The commander could easily identify affected objects in the imagery.", "description": "", "multiplicity": true, "questions": [{"id": 3043, "name": "The commander could easily identify affected objec", "description": "-", "answer": "Disagree", "comment": "It was hard for the commander to see differences compared to previous pictures.", "typeOfQuestion": "radiobutton"}]}','null');
insert into aar_service.record (id, clientId, sessionId, createDate, trialDate, topic, recordType, headline, msgType, recordJson, recordData) values (1395,'TB-TrialMgmt','null','2019-09-12 14:11:59.305','2019-09-12 14:11:59.305','system_tm_role_player','RolePlayerMessage','Identify buildings in Vordenberg.','Info','{"id": "bcaace7c-0279-4539-8b30-4a3e9825b423", "type": "ACTION", "title": "", "headline": "Identify buildings in Vordenberg.", "description": "Identify potentially damaged/collapsed buildings (Vordenberg).", "rolePlayerName": "ARC - EXCON", "participantNames": null, "comment": ""}','null');
insert into aar_service.record (id, clientId, sessionId, createDate, trialDate, topic, recordType, headline, msgType, recordJson, recordData) values (1396,'TB-TrialMgmt','null','2019-09-12 14:12:04.303','2019-09-12 14:12:04.303','system_tm_role_player','RolePlayerMessage','Identify buildings in Prblich.','Info','{"id": "ce2cb770-53bc-476b-9c2e-09c13804e68d", "type": "ACTION", "title": "", "headline": "Identify buildings in Prblich.", "description": "Identify potentially damaged/collapsed buildings in Prblich.", "rolePlayerName": "ARC - EXCON", "participantNames": null, "comment": ""}','null');
insert into aar_service.record (id, clientId, sessionId, createDate, trialDate, topic, recordType, headline, msgType, recordJson, recordData) values (1397,'TB-TrialMgmt','null','2019-09-12 14:12:30.3','2019-09-12 14:12:30.3','system_tm_role_player','RolePlayerMessage','Identify important infrastructure area of Eisenerz','Info','{"id": "0969c279-71d1-4d05-8f25-64b112caf13f", "type": "ACTION", "title": "", "headline": "Identify important infrastructure area of Eisenerz", "description": "E.g Hospital, Gas stations, factories, fire stations,\u2026", "rolePlayerName": "ARC - EXCON", "participantNames": null, "comment": ""}','null');
insert into aar_service.record (id, clientId, sessionId, createDate, trialDate, topic, recordType, headline, msgType, recordJson, recordData) values (1398,'TB-Ost','null','2019-09-12 14:15:27.793','2019-09-12 14:15:27.793','system_observer_tool_answer','ObserverToolAnswer','A new observation was reported by: Block2_Situation_Assessment-viewTerra_Observer','Info','{"trialId": 13, "sessionId": 217, "answerId": 1318, "timeSendUTC": 1568290525, "timeWhen": 1568290527000, "observationTypeName": "Block2_Situation_Assessment-viewTerra_Observer", "observervationTypeId": 1486, "observationTypeDescription": "Was the commander able to assess the situation without any misunderstandings?", "description": "", "multiplicity": true, "questions": [{"id": 3159, "name": "Was the commander able to assess the situation wit", "description": "-", "answer": "Disagree", "comment": "Several discussions about Buildings and their state", "typeOfQuestion": "radiobutton"}]}','null');
insert into aar_service.record (id, clientId, sessionId, createDate, trialDate, topic, recordType, headline, msgType, recordJson, recordData) values (1399,'TB-Ost','null','2019-09-12 14:15:48.784','2019-09-12 14:15:48.784','system_observer_tool_answer','ObserverToolAnswer','A new observation was reported by: Block2_Situation_Assessment-DLR_Observer','Info','{"trialId": 13, "sessionId": 217, "answerId": 1319, "timeSendUTC": 1568290546, "timeWhen": 1568290547000, "observationTypeName": "Block2_Situation_Assessment-DLR_Observer", "observervationTypeId": 1456, "observationTypeDescription": "How much would you agree with the statement that you have experience and knowledge regarding situation assessment?", "description": "", "multiplicity": true, "questions": [{"id": 3039, "name": "How much would you agree with the statement that y", "description": "-", "answer": "Agree", "comment": "", "typeOfQuestion": "radiobutton"}]}','null');
insert into aar_service.record (id, clientId, sessionId, createDate, trialDate, topic, recordType, headline, msgType, recordJson, recordData) values (1400,'TB-Ost','null','2019-09-12 14:15:56.914','2019-09-12 14:15:56.914','system_observer_tool_answer','ObserverToolAnswer','A new observation was reported by: Block2_Situation_Assessment-DLR_Observer','Info','{"trialId": 13, "sessionId": 217, "answerId": 1320, "timeSendUTC": 1568290554, "timeWhen": 1568290555000, "observationTypeName": "Block2_Situation_Assessment-DLR_Observer", "observervationTypeId": 1455, "observationTypeDescription": "How many years of professional experience do you have in crisis management? ", "description": "", "multiplicity": true, "questions": [{"id": 3040, "name": "How many years of professional experience do you h", "description": "-", "answer": "6 - 10 years", "comment": "", "typeOfQuestion": "radiobutton"}]}','null');
insert into aar_service.record (id, clientId, sessionId, createDate, trialDate, topic, recordType, headline, msgType, recordJson, recordData) values (1401,'TB-Ost','null','2019-09-12 14:28:50.423','2019-09-12 14:28:50.423','system_observer_tool_answer','ObserverToolAnswer','A new observation was reported by: Block2_Situation_Assessment-viewTerra_Observer','Info','{"trialId": 13, "sessionId": 217, "answerId": 1321, "timeSendUTC": 1568291328, "timeWhen": 1568291331000, "observationTypeName": "Block2_Situation_Assessment-viewTerra_Observer", "observervationTypeId": 1483, "observationTypeDescription": "Was vieWTerra Evolution able to display the Airborne dataset (2D Imagery) without difficulties?", "description": "", "multiplicity": true, "questions": [{"id": 3161, "name": "Was vieWTerra Evolution able to display the Airbor", "description": "-", "answer": "Strongly agree", "comment": "Worked without any difficulties and rather fast. ", "typeOfQuestion": "radiobutton"}]}','null');
insert into aar_service.record (id, clientId, sessionId, createDate, trialDate, topic, recordType, headline, msgType, recordJson, recordData) values (1402,'TB-Ost','null','2019-09-12 14:29:34.725','2019-09-12 14:29:34.725','system_observer_tool_answer','ObserverToolAnswer','A new observation was reported by: Block2_Situation_Assessment-viewTerra_Observer','Info','{"trialId": 13, "sessionId": 217, "answerId": 1322, "timeSendUTC": 1568291372, "timeWhen": 1568291374000, "observationTypeName": "Block2_Situation_Assessment-viewTerra_Observer", "observervationTypeId": 1489, "observationTypeDescription": "The S2-S3 uses other sources of information (e.g databases, internet,\u2026) for getting aditional information i.e: non visual information like population density, distance, resources allocation, etc.", "description": "", "multiplicity": true, "questions": [{"id": 3157, "name": "The S2-S3 uses other sources of information (e.g d", "description": "-", "answer": "[Agree]", "comment": "Critical infrastructure was searched on Google maps and put to view terra manually", "typeOfQuestion": "checkbox"}]}','null');
insert into aar_service.record (id, clientId, sessionId, createDate, trialDate, topic, recordType, headline, msgType, recordJson, recordData) values (1403,'TB-Ost','null','2019-09-12 14:31:14.249','2019-09-12 14:31:14.249','system_observer_tool_answer','ObserverToolAnswer','A new observation was reported by: Block2_Situation_Assessment-viewTerra_Observer','Info','{"trialId": 13, "sessionId": 217, "answerId": 1323, "timeSendUTC": 1568291472, "timeWhen": 1568291475000, "observationTypeName": "Block2_Situation_Assessment-viewTerra_Observer", "observervationTypeId": 1484, "observationTypeDescription": "WasvieWTerraEvolution allowing navigation through the 3D landscape after incorporation of the Airborne 2D Imagery dataset?", "description": "", "multiplicity": true, "questions": [{"id": 3160, "name": "WasvieWTerraEvolution allowing navigation throug", "description": "-", "answer": "Strongly agree", "comment": "Absolutely no problem. ", "typeOfQuestion": "radiobutton"}]}','null');
insert into aar_service.record (id, clientId, sessionId, createDate, trialDate, topic, recordType, headline, msgType, recordJson, recordData) values (1404,'TB-Ost','null','2019-09-12 14:31:27.634','2019-09-12 14:31:27.634','system_observer_tool_answer','ObserverToolAnswer','A new observation was reported by: Block2_Situation_Assessment-DLR_Observer','Info','{"trialId": 13, "sessionId": 217, "answerId": 1324, "timeSendUTC": 1568291485, "timeWhen": 1568291486000, "observationTypeName": "Block2_Situation_Assessment-DLR_Observer", "observervationTypeId": 1458, "observationTypeDescription": "The S2-S3 uses other sources of visualisation (e.g google maps, paper maps, etc\u2026) for comparison with the DLR maps.", "description": "", "multiplicity": true, "questions": [{"id": 3041, "name": "The S2-S3 uses other sources of visualisation (e.g", "description": "-", "answer": "[Agree]", "comment": "Maps from tourist info on the wall", "typeOfQuestion": "checkbox"}]}','null');
insert into aar_service.record (id, clientId, sessionId, createDate, trialDate, topic, recordType, headline, msgType, recordJson, recordData) values (1405,'TB-Ost','null','2019-09-12 14:32:02.89','2019-09-12 14:32:02.89','system_observer_tool_answer','ObserverToolAnswer','A new observation was reported by: Block2_Situation_Assessment-DLR_Observer','Info','{"trialId": 13, "sessionId": 217, "answerId": 1325, "timeSendUTC": 1568291520, "timeWhen": 1568291523000, "observationTypeName": "Block2_Situation_Assessment-DLR_Observer", "observervationTypeId": 1457, "observationTypeDescription": "The S2 - S3 creates a report for the EL (head of operations) (head of operations, based on the information provided by DLR.", "description": "", "multiplicity": true, "questions": [{"id": 3038, "name": "The S2 - S3 creates a report for the EL (head of o", "description": "-", "answer": "[Not applicable]", "comment": "I didn''t understand at which point this happened if so", "typeOfQuestion": "checkbox"}]}','null');
insert into aar_service.record (id, clientId, sessionId, createDate, trialDate, topic, recordType, headline, msgType, recordJson, recordData) values (1406,'TB-Ost','null','2019-09-12 14:32:04.002','2019-09-12 14:32:04.002','system_observer_tool_answer','ObserverToolAnswer','A new observation was reported by: Block2_Situation_Assessment-viewTerra_Observer','Info','{"trialId": 13, "sessionId": 217, "answerId": 1326, "timeSendUTC": 1568291521, "timeWhen": 1568291524000, "observationTypeName": "Block2_Situation_Assessment-viewTerra_Observer", "observervationTypeId": 1485, "observationTypeDescription": "Was the vieWTerra Evolution operator able to display Airborne dataset without lags and distortions? ", "description": "", "multiplicity": true, "questions": [{"id": 3155, "name": "Was the vieWTerra Evolution operator able to displ", "description": "-", "answer": "Strongly agree", "comment": "No problems observed. ", "typeOfQuestion": "radiobutton"}]}','null');
insert into aar_service.record (id, clientId, sessionId, createDate, trialDate, topic, recordType, headline, msgType, recordJson, recordData) values (1407,'TB-Ost','null','2019-09-12 14:32:18.112','2019-09-12 14:32:18.112','system_observer_tool_answer','ObserverToolAnswer','A new observation was reported by: Block2_Situation_Assessment-DLR_Observer','Info','{"trialId": 13, "sessionId": 217, "answerId": 1327, "timeSendUTC": 1568291535, "timeWhen": 1568291538000, "observationTypeName": "Block2_Situation_Assessment-DLR_Observer", "observervationTypeId": 1458, "observationTypeDescription": "The S2-S3 uses other sources of visualisation (e.g google maps, paper maps, etc\u2026) for comparison with the DLR maps.", "description": "", "multiplicity": true, "questions": [{"id": 3041, "name": "The S2-S3 uses other sources of visualisation (e.g", "description": "-", "answer": "[Agree]", "comment": "Yes they did", "typeOfQuestion": "checkbox"}]}','null');
insert into aar_service.record (id, clientId, sessionId, createDate, trialDate, topic, recordType, headline, msgType, recordJson, recordData) values (1408,'TB-Ost','null','2019-09-12 14:32:39.378','2019-09-12 14:32:39.378','system_observer_tool_answer','ObserverToolAnswer','A new observation was reported by: Block2_Situation_Assessment-DLR_Observer','Info','{"trialId": 13, "sessionId": 217, "answerId": 1328, "timeSendUTC": 1568291557, "timeWhen": 1568291557000, "observationTypeName": "Block2_Situation_Assessment-DLR_Observer", "observervationTypeId": 1457, "observationTypeDescription": "The S2 - S3 creates a report for the EL (head of operations) (head of operations, based on the information provided by DLR.", "description": "", "multiplicity": true, "questions": [{"id": 3038, "name": "The S2 - S3 creates a report for the EL (head of o", "description": "-", "answer": "[Not applicable]", "comment": "It was not 100% clear, because s2, s3 and head of operations worked really close together nearly the whole time", "typeOfQuestion": "checkbox"}]}','null');
insert into aar_service.record (id, clientId, sessionId, createDate, trialDate, topic, recordType, headline, msgType, recordJson, recordData) values (1409,'TB-Ost','null','2019-09-12 14:33:40.407','2019-09-12 14:33:40.407','system_observer_tool_answer','ObserverToolAnswer','A new observation was reported by: Block2_Situation_Assessment-DLR_Practitioner','Info','{"trialId": 13, "sessionId": 217, "answerId": 1329, "timeSendUTC": 1568291618, "timeWhen": 1568291619000, "observationTypeName": "Block2_Situation_Assessment-DLR_Practitioner", "observervationTypeId": 1462, "observationTypeDescription": "Question set", "description": "", "multiplicity": true, "questions": [{"id": 3063, "name": "Usability: The solution supports me with additiona", "description": "Please rate the following as compared to your daily work routine.", "answer": "Agree", "comment": "", "typeOfQuestion": "radiobutton"}, {"id": 3064, "name": "Usability: It would be easy to integrate this solu", "description": "Please rate the following as compared to your daily work routine.", "answer": "Neutral", "comment": "", "typeOfQuestion": "radiobutton"}, {"id": 3065, "name": "The imagery that was shared was of sufficent quali", "description": "-", "answer": "Agree", "comment": "", "typeOfQuestion": "radiobutton"}, {"id": 3066, "name": "Usability: The solution supports more detailed inf", "description": "Please rate the following as compared to your daily work routine.", "answer": "Agree", "comment": "", "typeOfQuestion": "radiobutton"}, {"id": 3067, "name": "The time of requesting the Airborne imagery worked", "description": "-", "answer": "Agree", "comment": "", "typeOfQuestion": "radiobutton"}, {"id": 3068, "name": "The time of receiving the Airborne imagery worked ", "description": "-", "answer": "Agree", "comment": "", "typeOfQuestion": "radiobutton"}, {"id": 3069, "name": "The quality of the Airborne imagery in the DLR-sof", "description": "-", "answer": "Neutral", "comment": "", "typeOfQuestion": "radiobutton"}, {"id": 3070, "name": "A link to the Airborne imagery could be shared wit", "description": "-", "answer": "Strongly agree", "comment": "", "typeOfQuestion": "radiobutton"}, {"id": 3071, "name": "I could assess the situation easily based on the p", "description": "-", "answer": "Agree", "comment": "", "typeOfQuestion": "radiobutton"}, {"id": 3072, "name": "The information provided by DLR was helpful for fu", "description": "-", "answer": "Neutral", "comment": "", "typeOfQuestion": "radiobutton"}, {"id": 3073, "name": "The information received by the DLR was sufficient", "description": "-", "answer": "Agree", "comment": "", "typeOfQuestion": "radiobutton"}, {"id": 3074, "name": "Efficiency: I would be able to complete my tasks m", "description": "Please rate the following as compared to your daily work routine.", "answer": "Neutral", "comment": "", "typeOfQuestion": "radiobutton"}, {"id": 3075, "name": "The information provided by the DLR was usefull fo", "description": "-", "answer": "Agree", "comment": "", "typeOfQuestion": "radiobutton"}, {"id": 3076, "name": "The information received by the DLR was accurate.", "description": "-", "answer": "Agree", "comment": "", "typeOfQuestion": "radiobutton"}, {"id": 3077, "name": "Effectiveness: I would be able to manage my tasks ", "description": "Please rate the following as compared to your daily work routine.", "answer": "Agree", "comment": "", "typeOfQuestion": "radiobutton"}, {"id": 3078, "name": "Effectiveness: I would be able to complete my task", "description": "Please rate the following as compared to your daily work routine.", "answer": "Disagree", "comment": "", "typeOfQuestion": "radiobutton"}, {"id": 3079, "name": "Efficiency: I would be able to complete my tasks f", "description": "Please rate the following as compared to your daily work routine.", "answer": "Disagree", "comment": "", "typeOfQuestion": "radiobutton"}, {"id": 3080, "name": "Reviewing the maps of the DLR took me a lot of tim", "description": "-", "answer": "Agree", "comment": "", "typeOfQuestion": "radiobutton"}, {"id": 3081, "name": "Satisfaction: Overall, I am satisfied with the use", "description": "Please rate the following as compared to your daily work routine.", "answer": "Agree", "comment": "", "typeOfQuestion": "radiobutton"}]}','null');
insert into aar_service.record (id, clientId, sessionId, createDate, trialDate, topic, recordType, headline, msgType, recordJson, recordData) values (1410,'TB-Ost','null','2019-09-12 14:34:39.23','2019-09-12 14:34:39.23','system_observer_tool_answer','ObserverToolAnswer','A new observation was reported by: Block2_Situation_Assessment-DLR_Observer','Info','{"trialId": 13, "sessionId": 217, "answerId": 1330, "timeSendUTC": 1568291677, "timeWhen": 1568291679000, "observationTypeName": "Block2_Situation_Assessment-DLR_Observer", "observervationTypeId": 1461, "observationTypeDescription": "The commander could easily identify affected objects in the imagery.", "description": "", "multiplicity": true, "questions": [{"id": 3043, "name": "The commander could easily identify affected objec", "description": "-", "answer": "Neutral", "comment": "The commander identified objects in viewTerra, he first got an overview from DLR images", "typeOfQuestion": "radiobutton"}]}','null');
insert into aar_service.record (id, clientId, sessionId, createDate, trialDate, topic, recordType, headline, msgType, recordJson, recordData) values (1411,'TB-Ost','null','2019-09-12 14:34:40.902','2019-09-12 14:34:40.902','system_observer_tool_answer','ObserverToolAnswer','A new observation was reported by: Block2_Situation_Assessment-DLR_Practitioner','Info','{"trialId": 13, "sessionId": 217, "answerId": 1331, "timeSendUTC": 1568291678, "timeWhen": 1568291680000, "observationTypeName": "Block2_Situation_Assessment-DLR_Practitioner", "observervationTypeId": 1462, "observationTypeDescription": "Question set", "description": "", "multiplicity": true, "questions": [{"id": 3063, "name": "Usability: The solution supports me with additiona", "description": "Please rate the following as compared to your daily work routine.", "answer": "Strongly agree", "comment": "", "typeOfQuestion": "radiobutton"}, {"id": 3064, "name": "Usability: It would be easy to integrate this solu", "description": "Please rate the following as compared to your daily work routine.", "answer": "Agree", "comment": "", "typeOfQuestion": "radiobutton"}, {"id": 3065, "name": "The imagery that was shared was of sufficent quali", "description": "-", "answer": "Strongly agree", "comment": "", "typeOfQuestion": "radiobutton"}, {"id": 3066, "name": "Usability: The solution supports more detailed inf", "description": "Please rate the following as compared to your daily work routine.", "answer": "Strongly agree", "comment": "", "typeOfQuestion": "radiobutton"}, {"id": 3067, "name": "The time of requesting the Airborne imagery worked", "description": "-", "answer": "Not applicable", "comment": "Assumed times due to non flyable weather", "typeOfQuestion": "radiobutton"}, {"id": 3068, "name": "The time of receiving the Airborne imagery worked ", "description": "-", "answer": "Not applicable", "comment": "Assumed times due to non flyable weather", "typeOfQuestion": "radiobutton"}, {"id": 3069, "name": "The quality of the Airborne imagery in the DLR-sof", "description": "-", "answer": "Strongly agree", "comment": "Very great resolution", "typeOfQuestion": "radiobutton"}, {"id": 3070, "name": "A link to the Airborne imagery could be shared wit", "description": "-", "answer": "Strongly agree", "comment": "", "typeOfQuestion": "radiobutton"}, {"id": 3071, "name": "I could assess the situation easily based on the p", "description": "-", "answer": "Agree", "comment": "I cannot look under roofs of course...on site survey needed", "typeOfQuestion": "radiobutton"}, {"id": 3072, "name": "The information provided by DLR was helpful for fu", "description": "-", "answer": "Strongly agree", "comment": "", "typeOfQuestion": "radiobutton"}, {"id": 3073, "name": "The information received by the DLR was sufficient", "description": "-", "answer": "Strongly agree", "comment": "", "typeOfQuestion": "radiobutton"}, {"id": 3074, "name": "Efficiency: I would be able to complete my tasks m", "description": "Please rate the following as compared to your daily work routine.", "answer": "Neutral", "comment": "", "typeOfQuestion": "radiobutton"}, {"id": 3075, "name": "The information provided by the DLR was usefull fo", "description": "-", "answer": "Strongly agree", "comment": "", "typeOfQuestion": "radiobutton"}, {"id": 3076, "name": "The information received by the DLR was accurate.", "description": "-", "answer": "Not applicable", "comment": "Cannot verify", "typeOfQuestion": "radiobutton"}, {"id": 3077, "name": "Effectiveness: I would be able to manage my tasks ", "description": "Please rate the following as compared to your daily work routine.", "answer": "Agree", "comment": "", "typeOfQuestion": "radiobutton"}, {"id": 3078, "name": "Effectiveness: I would be able to complete my task", "description": "Please rate the following as compared to your daily work routine.", "answer": "Strongly agree", "comment": "", "typeOfQuestion": "radiobutton"}, {"id": 3079, "name": "Efficiency: I would be able to complete my tasks f", "description": "Please rate the following as compared to your daily work routine.", "answer": "Agree", "comment": "", "typeOfQuestion": "radiobutton"}, {"id": 3080, "name": "Reviewing the maps of the DLR took me a lot of tim", "description": "-", "answer": "Agree", "comment": "Depending on the area and the aim", "typeOfQuestion": "radiobutton"}, {"id": 3081, "name": "Satisfaction: Overall, I am satisfied with the use", "description": "Please rate the following as compared to your daily work routine.", "answer": "Strongly agree", "comment": "", "typeOfQuestion": "radiobutton"}]}','null');
insert into aar_service.record (id, clientId, sessionId, createDate, trialDate, topic, recordType, headline, msgType, recordJson, recordData) values (1412,'TB-Ost','null','2019-09-12 14:35:16.568','2019-09-12 14:35:16.568','system_observer_tool_answer','ObserverToolAnswer','A new observation was reported by: Block2_Situation_Assessment-viewTerra_Observer','Info','{"trialId": 13, "sessionId": 217, "answerId": 1332, "timeSendUTC": 1568291714, "timeWhen": 1568291717000, "observationTypeName": "Block2_Situation_Assessment-viewTerra_Observer", "observervationTypeId": 1486, "observationTypeDescription": "Was the commander able to assess the situation without any misunderstandings?", "description": "", "multiplicity": true, "questions": [{"id": 3159, "name": "Was the commander able to assess the situation wit", "description": "-", "answer": "Agree", "comment": "Sometimes the commanders found it difficult to interpret the images. Moreover, they missed the option to identify heavily affected areas (many destroyed buildings) in an overview. ", "typeOfQuestion": "radiobutton"}]}','null');
insert into aar_service.record (id, clientId, sessionId, createDate, trialDate, topic, recordType, headline, msgType, recordJson, recordData) values (1413,'TB-Ost','null','2019-09-12 14:35:57.415','2019-09-12 14:35:57.415','system_observer_tool_answer','ObserverToolAnswer','A new observation was reported by: Block2_Situation_Assessment-viewTerra_Observer','Info','{"trialId": 13, "sessionId": 217, "answerId": 1333, "timeSendUTC": 1568291755, "timeWhen": 1568291758000, "observationTypeName": "Block2_Situation_Assessment-viewTerra_Observer", "observervationTypeId": 1487, "observationTypeDescription": "The S2-S3 creates a report for the EL (head of operations)), based on the information provided by Viewterra.", "description": "", "multiplicity": true, "questions": [{"id": 3164, "name": "The S2-S3 creates a report for the EL (head of ope", "description": "-", "answer": "[Not applicable]", "comment": "The command unit worked as a team. ", "typeOfQuestion": "checkbox"}]}','null');
insert into aar_service.record (id, clientId, sessionId, createDate, trialDate, topic, recordType, headline, msgType, recordJson, recordData) values (1414,'TB-Ost','null','2019-09-12 14:36:48.216','2019-09-12 14:36:48.216','system_observer_tool_answer','ObserverToolAnswer','A new observation was reported by: Block2_Situation_Assessment-viewTerra_Observer','Info','{"trialId": 13, "sessionId": 217, "answerId": 1334, "timeSendUTC": 1568291806, "timeWhen": 1568291809000, "observationTypeName": "Block2_Situation_Assessment-viewTerra_Observer", "observervationTypeId": 1488, "observationTypeDescription": "The S2-S3 uses other sources of visualisation (e.g google maps, paper maps, etc\u2026) for comparison with the viewterra.", "description": "", "multiplicity": true, "questions": [{"id": 3158, "name": "The S2-S3 uses other sources of visualisation (e.g", "description": "-", "answer": "[Agree]", "comment": "Paper maps with sticky notes and needles were used. ", "typeOfQuestion": "checkbox"}]}','null');
insert into aar_service.record (id, clientId, sessionId, createDate, trialDate, topic, recordType, headline, msgType, recordJson, recordData) values (1415,'TB-Ost','null','2019-09-12 14:37:11.574','2019-09-12 14:37:11.574','system_observer_tool_answer','ObserverToolAnswer','A new observation was reported by: Block2_Situation_Assessment-viewTerra_Practitioner','Info','{"trialId": 13, "sessionId": 217, "answerId": 1335, "timeSendUTC": 1568291829, "timeWhen": 1568291831000, "observationTypeName": "Block2_Situation_Assessment-viewTerra_Practitioner", "observervationTypeId": 1491, "observationTypeDescription": "Question set", "description": "", "multiplicity": true, "questions": [{"id": 3215, "name": "The 3d  model representation  by Viewterra was acc", "description": "-", "answer": "Agree", "comment": "", "typeOfQuestion": "radiobutton"}, {"id": 3216, "name": "The combination of 3d maps with georeferenced phot", "description": "-", "answer": "Agree", "comment": "", "typeOfQuestion": "radiobutton"}, {"id": 3217, "name": "Usability: The solution supports more detailed inf", "description": "Please rate the following as compared to your daily work routine.", "answer": "Agree", "comment": "", "typeOfQuestion": "radiobutton"}, {"id": 3218, "name": "Usability: The solution supports me with additiona", "description": "Please rate the following as compared to your daily work routine.", "answer": "Agree", "comment": "", "typeOfQuestion": "radiobutton"}, {"id": 3219, "name": "Usability: It would be easy to integrate this solu", "description": "Please rate the following as compared to your daily work routine.", "answer": "Agree", "comment": "", "typeOfQuestion": "radiobutton"}, {"id": 3220, "name": "Satisfaction: Overall, I am satisfied with the use", "description": "Please rate the following as compared to your daily work routine.", "answer": "Agree", "comment": "", "typeOfQuestion": "radiobutton"}, {"id": 3221, "name": "Efficiency: I would be able to complete my tasks m", "description": "Please rate the following as compared to your daily work routine.", "answer": "Neutral", "comment": "", "typeOfQuestion": "radiobutton"}, {"id": 3222, "name": "Efficiency: I would be able to complete my tasks f", "description": "Please rate the following as compared to your daily work routine.", "answer": "Disagree", "comment": "", "typeOfQuestion": "radiobutton"}, {"id": 3223, "name": "Within the Viewterra there was a lot of repetitive", "description": "-", "answer": "Neutral", "comment": "", "typeOfQuestion": "radiobutton"}, {"id": 3224, "name": "Effectiveness: I would be able to manage my tasks ", "description": "Please rate the following as compared to your daily work routine.", "answer": "Neutral", "comment": "", "typeOfQuestion": "radiobutton"}, {"id": 3225, "name": "Was vieWTerra Evolution able to display the Airbor", "description": "-", "answer": "Agree", "comment": "", "typeOfQuestion": "radiobutton"}, {"id": 3226, "name": "Reviewing the 3d model of Viewterra took me a lot ", "description": "-", "answer": "Disagree", "comment": "", "typeOfQuestion": "radiobutton"}, {"id": 3227, "name": "Understanding the 3d model of Viewterra took me a ", "description": "-", "answer": "Not applicable", "comment": "", "typeOfQuestion": "radiobutton"}, {"id": 3228, "name": "The information received by the Viewterra was suff", "description": "-", "answer": "Agree", "comment": "", "typeOfQuestion": "radiobutton"}, {"id": 3229, "name": "The information provided by Viewterra was helpful ", "description": "-", "answer": "Neutral", "comment": "", "typeOfQuestion": "radiobutton"}, {"id": 3230, "name": "Was vieWTerra Evolution able to provide measuring ", "description": "-", "answer": "Neutral", "comment": "", "typeOfQuestion": "radiobutton"}, {"id": 3231, "name": "Was the vieWTerra Evolution able to provide comple", "description": "-", "answer": "Agree", "comment": "", "typeOfQuestion": "radiobutton"}, {"id": 3232, "name": "Were you able to intuitively orient yourself (with", "description": "-", "answer": "Agree", "comment": "", "typeOfQuestion": "radiobutton"}, {"id": 3233, "name": "Effectiveness: I would be able to complete my task", "description": "Please rate the following as compared to your daily work routine.", "answer": "Neutral", "comment": "", "typeOfQuestion": "radiobutton"}]}','null');
insert into aar_service.record (id, clientId, sessionId, createDate, trialDate, topic, recordType, headline, msgType, recordJson, recordData) values (1416,'TB-Ost','null','2019-09-12 14:37:14.602','2019-09-12 14:37:14.602','system_observer_tool_answer','ObserverToolAnswer','A new observation was reported by: Block2_Situation_Assessment-viewTerra_Observer','Info','{"trialId": 13, "sessionId": 217, "answerId": 1336, "timeSendUTC": 1568291832, "timeWhen": 1568291835000, "observationTypeName": "Block2_Situation_Assessment-viewTerra_Observer", "observervationTypeId": 1489, "observationTypeDescription": "The S2-S3 uses other sources of information (e.g databases, internet,\u2026) for getting aditional information i.e: non visual information like population density, distance, resources allocation, etc.", "description": "", "multiplicity": true, "questions": [{"id": 3157, "name": "The S2-S3 uses other sources of information (e.g d", "description": "-", "answer": "[Not applicable]", "comment": "Not as far as I could see. ", "typeOfQuestion": "checkbox"}]}','null');
insert into aar_service.record (id, clientId, sessionId, createDate, trialDate, topic, recordType, headline, msgType, recordJson, recordData) values (1417,'TB-Ost','null','2019-09-12 14:37:55.469','2019-09-12 14:37:55.469','system_observer_tool_answer','ObserverToolAnswer','A new observation was reported by: Block2_Situation_Assessment-viewTerra_Observer','Info','{"trialId": 13, "sessionId": 217, "answerId": 1337, "timeSendUTC": 1568291873, "timeWhen": 1568291876000, "observationTypeName": "Block2_Situation_Assessment-viewTerra_Observer", "observervationTypeId": 1490, "observationTypeDescription": "Can you observe, the S2 is using the information received by the viewterra.", "description": "", "multiplicity": true, "questions": [{"id": 3156, "name": "Can you observe, the S2 is using the information r", "description": "-", "answer": "[Agree]", "comment": "This was a major source of information. ", "typeOfQuestion": "checkbox"}]}','null');
insert into aar_service.record (id, clientId, sessionId, createDate, trialDate, topic, recordType, headline, msgType, recordJson, recordData) values (1426,'TB-Ost','null','2019-09-12 15:22:06.321','2019-09-12 15:22:06.321','system_observer_tool_answer','ObserverToolAnswer','A new observation was reported by: Block3_Confirmation-viewTerra_Observer','Info','{"trialId": 13, "sessionId": 217, "answerId": 1345, "timeSendUTC": 1568294524, "timeWhen": 1568294525000, "observationTypeName": "Block3_Confirmation-viewTerra_Observer", "observervationTypeId": 1511, "observationTypeDescription": "How much would you agree with the statement that you have experience and knowledge regarding situation assessment?", "description": "", "multiplicity": true, "questions": [{"id": 3147, "name": "How much would you agree with the statement that y", "description": "-", "answer": "Agree", "comment": "", "typeOfQuestion": "radiobutton"}]}','null');
insert into aar_service.record (id, clientId, sessionId, createDate, trialDate, topic, recordType, headline, msgType, recordJson, recordData) values (1637,'TB-AARTool_FD','null','2019-09-13 08:44:07.074','2019-09-13 08:44:07.074','system_logging','Log','New Generic Callback Consumer created for topic: system_tm_role_player','Info','{"id": "TB-AARTool_FD", "dateTimeSent": 1568357039632, "level": "INFO", "log": "New Generic Callback Consumer created for topic: system_tm_role_player"}','null');
insert into aar_service.record (id, clientId, sessionId, createDate, trialDate, topic, recordType, headline, msgType, recordJson, recordData) values (1418,'TB-Ost','null','2019-09-12 14:38:51.066','2019-09-12 14:38:51.066','system_observer_tool_answer','ObserverToolAnswer','A new observation was reported by: Block2_Situation_Assessment-viewTerra_Practitioner','Info','{"trialId": 13, "sessionId": 217, "answerId": 1338, "timeSendUTC": 1568291928, "timeWhen": 1568291930000, "observationTypeName": "Block2_Situation_Assessment-viewTerra_Practitioner", "observervationTypeId": 1491, "observationTypeDescription": "Question set", "description": "", "multiplicity": true, "questions": [{"id": 3215, "name": "The 3d  model representation  by Viewterra was acc", "description": "-", "answer": "Not applicable", "comment": "Cannot verify that", "typeOfQuestion": "radiobutton"}, {"id": 3216, "name": "The combination of 3d maps with georeferenced phot", "description": "-", "answer": "Strongly agree", "comment": "", "typeOfQuestion": "radiobutton"}, {"id": 3217, "name": "Usability: The solution supports more detailed inf", "description": "Please rate the following as compared to your daily work routine.", "answer": "Neutral", "comment": "", "typeOfQuestion": "radiobutton"}, {"id": 3218, "name": "Usability: The solution supports me with additiona", "description": "Please rate the following as compared to your daily work routine.", "answer": "Neutral", "comment": "", "typeOfQuestion": "radiobutton"}, {"id": 3219, "name": "Usability: It would be easy to integrate this solu", "description": "Please rate the following as compared to your daily work routine.", "answer": "Agree", "comment": "", "typeOfQuestion": "radiobutton"}, {"id": 3220, "name": "Satisfaction: Overall, I am satisfied with the use", "description": "Please rate the following as compared to your daily work routine.", "answer": "Agree", "comment": "", "typeOfQuestion": "radiobutton"}, {"id": 3221, "name": "Efficiency: I would be able to complete my tasks m", "description": "Please rate the following as compared to your daily work routine.", "answer": "Strongly agree", "comment": "", "typeOfQuestion": "radiobutton"}, {"id": 3222, "name": "Efficiency: I would be able to complete my tasks f", "description": "Please rate the following as compared to your daily work routine.", "answer": "Strongly agree", "comment": "", "typeOfQuestion": "radiobutton"}, {"id": 3223, "name": "Within the Viewterra there was a lot of repetitive", "description": "-", "answer": "Disagree", "comment": "", "typeOfQuestion": "radiobutton"}, {"id": 3224, "name": "Effectiveness: I would be able to manage my tasks ", "description": "Please rate the following as compared to your daily work routine.", "answer": "Agree", "comment": "", "typeOfQuestion": "radiobutton"}, {"id": 3225, "name": "Was vieWTerra Evolution able to display the Airbor", "description": "-", "answer": "Strongly agree", "comment": "", "typeOfQuestion": "radiobutton"}, {"id": 3226, "name": "Reviewing the 3d model of Viewterra took me a lot ", "description": "-", "answer": "Neutral", "comment": "", "typeOfQuestion": "radiobutton"}, {"id": 3227, "name": "Understanding the 3d model of Viewterra took me a ", "description": "-", "answer": "Disagree", "comment": "", "typeOfQuestion": "radiobutton"}, {"id": 3228, "name": "The information received by the Viewterra was suff", "description": "-", "answer": "Agree", "comment": "", "typeOfQuestion": "radiobutton"}, {"id": 3229, "name": "The information provided by Viewterra was helpful ", "description": "-", "answer": "Agree", "comment": "It solves the need for various maps in various details", "typeOfQuestion": "radiobutton"}, {"id": 3230, "name": "Was vieWTerra Evolution able to provide measuring ", "description": "-", "answer": "Not applicable", "comment": "Not tested", "typeOfQuestion": "radiobutton"}, {"id": 3231, "name": "Was the vieWTerra Evolution able to provide comple", "description": "-", "answer": "Strongly agree", "comment": "", "typeOfQuestion": "radiobutton"}, {"id": 3232, "name": "Were you able to intuitively orient yourself (with", "description": "-", "answer": "Not applicable", "comment": "Not used it personally (operator did)", "typeOfQuestion": "radiobutton"}, {"id": 3233, "name": "Effectiveness: I would be able to complete my task", "description": "Please rate the following as compared to your daily work routine.", "answer": "Strongly agree", "comment": "", "typeOfQuestion": "radiobutton"}]}','null');
insert into aar_service.record (id, clientId, sessionId, createDate, trialDate, topic, recordType, headline, msgType, recordJson, recordData) values (1419,'TB-Ost','null','2019-09-12 14:39:39.451','2019-09-12 14:39:39.451','system_observer_tool_answer','ObserverToolAnswer','A new observation was reported by: Block2_Situation_Assessment-viewTerra_Observer','Info','{"trialId": 13, "sessionId": 217, "answerId": 1339, "timeSendUTC": 1568291977, "timeWhen": 1568291980000, "observationTypeName": "Block2_Situation_Assessment-viewTerra_Observer", "observervationTypeId": 1489, "observationTypeDescription": "The S2-S3 uses other sources of information (e.g databases, internet,\u2026) for getting aditional information i.e: non visual information like population density, distance, resources allocation, etc.", "description": "", "multiplicity": true, "questions": [{"id": 3157, "name": "The S2-S3 uses other sources of information (e.g d", "description": "-", "answer": "[Agree]", "comment": "Paper images provided by exercise control. ", "typeOfQuestion": "checkbox"}]}','null');
insert into aar_service.record (id, clientId, sessionId, createDate, trialDate, topic, recordType, headline, msgType, recordJson, recordData) values (1420,'TB-Ost','null','2019-09-12 14:41:04.608','2019-09-12 14:41:04.608','system_observer_tool_answer','ObserverToolAnswer','A new observation was reported by: Block2_Situation_Assessment-viewTerra_Observer','Info','{"trialId": 13, "sessionId": 217, "answerId": 1340, "timeSendUTC": 1568292062, "timeWhen": 1568292065000, "observationTypeName": "Block2_Situation_Assessment-viewTerra_Observer", "observervationTypeId": 1489, "observationTypeDescription": "The S2-S3 uses other sources of information (e.g databases, internet,\u2026) for getting aditional information i.e: non visual information like population density, distance, resources allocation, etc.", "description": "", "multiplicity": true, "questions": [{"id": 3157, "name": "The S2-S3 uses other sources of information (e.g d", "description": "-", "answer": "[Agree]", "comment": "Paper images provided by exercise control. ", "typeOfQuestion": "checkbox"}]}','null');
insert into aar_service.record (id, clientId, sessionId, createDate, trialDate, topic, recordType, headline, msgType, recordJson, recordData) values (1421,'TB-Ost','null','2019-09-12 14:42:50.601','2019-09-12 14:42:50.601','system_observer_tool_answer','ObserverToolAnswer','A new observation was reported by: Block2_Situation_Assessment-DLR_Practitioner','Info','{"trialId": 13, "sessionId": 217, "answerId": 1341, "timeSendUTC": 1568292168, "timeWhen": 1568292169000, "observationTypeName": "Block2_Situation_Assessment-DLR_Practitioner", "observervationTypeId": 1462, "observationTypeDescription": "Question set", "description": "", "multiplicity": true, "questions": [{"id": 3063, "name": "Usability: The solution supports me with additiona", "description": "Please rate the following as compared to your daily work routine.", "answer": "Agree", "comment": "", "typeOfQuestion": "radiobutton"}, {"id": 3064, "name": "Usability: It would be easy to integrate this solu", "description": "Please rate the following as compared to your daily work routine.", "answer": "Neutral", "comment": "", "typeOfQuestion": "radiobutton"}, {"id": 3065, "name": "The imagery that was shared was of sufficent quali", "description": "-", "answer": "Strongly agree", "comment": "", "typeOfQuestion": "radiobutton"}, {"id": 3066, "name": "Usability: The solution supports more detailed inf", "description": "Please rate the following as compared to your daily work routine.", "answer": "Agree", "comment": "", "typeOfQuestion": "radiobutton"}, {"id": 3067, "name": "The time of requesting the Airborne imagery worked", "description": "-", "answer": "Strongly agree", "comment": "", "typeOfQuestion": "radiobutton"}, {"id": 3068, "name": "The time of receiving the Airborne imagery worked ", "description": "-", "answer": "Strongly agree", "comment": "", "typeOfQuestion": "radiobutton"}, {"id": 3069, "name": "The quality of the Airborne imagery in the DLR-sof", "description": "-", "answer": "Strongly agree", "comment": "", "typeOfQuestion": "radiobutton"}, {"id": 3070, "name": "A link to the Airborne imagery could be shared wit", "description": "-", "answer": "Agree", "comment": "", "typeOfQuestion": "radiobutton"}, {"id": 3071, "name": "I could assess the situation easily based on the p", "description": "-", "answer": "Agree", "comment": "", "typeOfQuestion": "radiobutton"}, {"id": 3072, "name": "The information provided by DLR was helpful for fu", "description": "-", "answer": "Agree", "comment": "", "typeOfQuestion": "radiobutton"}, {"id": 3073, "name": "The information received by the DLR was sufficient", "description": "-", "answer": "Neutral", "comment": "Analyse of the pictures would be great ", "typeOfQuestion": "radiobutton"}, {"id": 3074, "name": "Efficiency: I would be able to complete my tasks m", "description": "Please rate the following as compared to your daily work routine.", "answer": "Agree", "comment": "", "typeOfQuestion": "radiobutton"}, {"id": 3075, "name": "The information provided by the DLR was usefull fo", "description": "-", "answer": "Agree", "comment": "", "typeOfQuestion": "radiobutton"}, {"id": 3076, "name": "The information received by the DLR was accurate.", "description": "-", "answer": "Strongly agree", "comment": "", "typeOfQuestion": "radiobutton"}, {"id": 3077, "name": "Effectiveness: I would be able to manage my tasks ", "description": "Please rate the following as compared to your daily work routine.", "answer": "Not applicable", "comment": "", "typeOfQuestion": "radiobutton"}, {"id": 3078, "name": "Effectiveness: I would be able to complete my task", "description": "Please rate the following as compared to your daily work routine.", "answer": "Agree", "comment": "", "typeOfQuestion": "radiobutton"}, {"id": 3079, "name": "Efficiency: I would be able to complete my tasks f", "description": "Please rate the following as compared to your daily work routine.", "answer": "Agree", "comment": "", "typeOfQuestion": "radiobutton"}, {"id": 3080, "name": "Reviewing the maps of the DLR took me a lot of tim", "description": "-", "answer": "Disagree", "comment": "", "typeOfQuestion": "radiobutton"}, {"id": 3081, "name": "Satisfaction: Overall, I am satisfied with the use", "description": "Please rate the following as compared to your daily work routine.", "answer": "Agree", "comment": "", "typeOfQuestion": "radiobutton"}]}','null');
insert into aar_service.record (id, clientId, sessionId, createDate, trialDate, topic, recordType, headline, msgType, recordJson, recordData) values (1422,'TB-Ost','null','2019-09-12 14:45:54.92','2019-09-12 14:45:54.92','system_observer_tool_answer','ObserverToolAnswer','A new observation was reported by: Block2_Situation_Assessment-viewTerra_Practitioner','Info','{"trialId": 13, "sessionId": 217, "answerId": 1342, "timeSendUTC": 1568292352, "timeWhen": 1568292354000, "observationTypeName": "Block2_Situation_Assessment-viewTerra_Practitioner", "observervationTypeId": 1491, "observationTypeDescription": "Question set", "description": "", "multiplicity": true, "questions": [{"id": 3215, "name": "The 3d  model representation  by Viewterra was acc", "description": "-", "answer": "Agree", "comment": "", "typeOfQuestion": "radiobutton"}, {"id": 3216, "name": "The combination of 3d maps with georeferenced phot", "description": "-", "answer": "Agree", "comment": "", "typeOfQuestion": "radiobutton"}, {"id": 3217, "name": "Usability: The solution supports more detailed inf", "description": "Please rate the following as compared to your daily work routine.", "answer": "Agree", "comment": "", "typeOfQuestion": "radiobutton"}, {"id": 3218, "name": "Usability: The solution supports me with additiona", "description": "Please rate the following as compared to your daily work routine.", "answer": "Agree", "comment": "", "typeOfQuestion": "radiobutton"}, {"id": 3219, "name": "Usability: It would be easy to integrate this solu", "description": "Please rate the following as compared to your daily work routine.", "answer": "Neutral", "comment": "", "typeOfQuestion": "radiobutton"}, {"id": 3220, "name": "Satisfaction: Overall, I am satisfied with the use", "description": "Please rate the following as compared to your daily work routine.", "answer": "Disagree", "comment": "", "typeOfQuestion": "radiobutton"}, {"id": 3221, "name": "Efficiency: I would be able to complete my tasks m", "description": "Please rate the following as compared to your daily work routine.", "answer": "Neutral", "comment": "", "typeOfQuestion": "radiobutton"}, {"id": 3222, "name": "Efficiency: I would be able to complete my tasks f", "description": "Please rate the following as compared to your daily work routine.", "answer": "Neutral", "comment": "", "typeOfQuestion": "radiobutton"}, {"id": 3223, "name": "Within the Viewterra there was a lot of repetitive", "description": "-", "answer": "Not applicable", "comment": "", "typeOfQuestion": "radiobutton"}, {"id": 3224, "name": "Effectiveness: I would be able to manage my tasks ", "description": "Please rate the following as compared to your daily work routine.", "answer": "Neutral", "comment": "", "typeOfQuestion": "radiobutton"}, {"id": 3225, "name": "Was vieWTerra Evolution able to display the Airbor", "description": "-", "answer": "Neutral", "comment": "", "typeOfQuestion": "radiobutton"}, {"id": 3226, "name": "Reviewing the 3d model of Viewterra took me a lot ", "description": "-", "answer": "Agree", "comment": "", "typeOfQuestion": "radiobutton"}, {"id": 3227, "name": "Understanding the 3d model of Viewterra took me a ", "description": "-", "answer": "Agree", "comment": "", "typeOfQuestion": "radiobutton"}, {"id": 3228, "name": "The information received by the Viewterra was suff", "description": "-", "answer": "Agree", "comment": "", "typeOfQuestion": "radiobutton"}, {"id": 3229, "name": "The information provided by Viewterra was helpful ", "description": "-", "answer": "Neutral", "comment": "", "typeOfQuestion": "radiobutton"}, {"id": 3230, "name": "Was vieWTerra Evolution able to provide measuring ", "description": "-", "answer": "Not applicable", "comment": "", "typeOfQuestion": "radiobutton"}, {"id": 3231, "name": "Was the vieWTerra Evolution able to provide comple", "description": "-", "answer": "Agree", "comment": "", "typeOfQuestion": "radiobutton"}, {"id": 3232, "name": "Were you able to intuitively orient yourself (with", "description": "-", "answer": "Strongly disagree", "comment": "", "typeOfQuestion": "radiobutton"}, {"id": 3233, "name": "Effectiveness: I would be able to complete my task", "description": "Please rate the following as compared to your daily work routine.", "answer": "Neutral", "comment": "", "typeOfQuestion": "radiobutton"}]}','null');
insert into aar_service.record (id, clientId, sessionId, createDate, trialDate, topic, recordType, headline, msgType, recordJson, recordData) values (1423,'TB-TrialMgmt','null','2019-09-12 14:53:27.414','2019-09-12 14:53:27.414','system_tm_session_mgmt','SessionMgmt','85f47d97-3d6e-4d2c-898b-d36690722723, STOP','Info','{"trialId": "e040fdc7-72d1-4e4a-b8f1-dff598ca476f", "trialName": "Trial 3: The Austrian Trial", "scenarioId": "8357677b-d2d7-438d-913d-314d907ace00", "scenarioName": "Block 2 - Situation Assessment", "sessionId": "85f47d97-3d6e-4d2c-898b-d36690722723", "sessionName": "New session", "sessionState": "STOP", "comment": null}','null');
insert into aar_service.record (id, clientId, sessionId, createDate, trialDate, topic, recordType, headline, msgType, recordJson, recordData) values (1424,'TB-Ost','null','2019-09-12 15:04:30.639','2019-09-12 15:04:30.639','system_observer_tool_answer','ObserverToolAnswer','A new observation was reported by: Block3_Confirmation-CrowdTasker_Field observer','Info','{"trialId": 13, "sessionId": 220, "answerId": 1343, "timeSendUTC": 1568293468, "timeWhen": 1568293470000, "observationTypeName": "Block3_Confirmation-CrowdTasker_Field observer", "observervationTypeId": 1544, "observationTypeDescription": "How many years of professional experience do you have in crisis management? ", "description": "", "multiplicity": true, "questions": [{"id": 2904, "name": "How many years of professional experience do you h", "description": "-", "answer": "More than 15 years", "comment": "", "typeOfQuestion": "radiobutton"}]}','null');
insert into aar_service.record (id, clientId, sessionId, createDate, trialDate, topic, recordType, headline, msgType, recordJson, recordData) values (1425,'TB-Ost','null','2019-09-12 15:21:51.331','2019-09-12 15:21:51.331','system_observer_tool_answer','ObserverToolAnswer','A new observation was reported by: Block3_Confirmation-viewTerra_Observer','Info','{"trialId": 13, "sessionId": 217, "answerId": 1344, "timeSendUTC": 1568294509, "timeWhen": 1568294510000, "observationTypeName": "Block3_Confirmation-viewTerra_Observer", "observervationTypeId": 1510, "observationTypeDescription": "How many years of professional experience do you have in crisis management? ", "description": "", "multiplicity": true, "questions": [{"id": 3149, "name": "How many years of professional experience do you h", "description": "-", "answer": "0 - 5 years", "comment": "", "typeOfQuestion": "radiobutton"}]}','null');
insert into aar_service.record (id, clientId, sessionId, createDate, trialDate, topic, recordType, headline, msgType, recordJson, recordData) values (1638,'TB-AARTool_FD','null','2019-09-13 08:44:07.199','2019-09-13 08:44:07.199','system_logging','Log','addCallback-->','Info','{"id": "TB-AARTool_FD", "dateTimeSent": 1568357039647, "level": "INFO", "log": "addCallback-->"}','null');
insert into aar_service.record (id, clientId, sessionId, createDate, trialDate, topic, recordType, headline, msgType, recordJson, recordData) values (1427,'TB-Ost','null','2019-09-12 15:22:11.011','2019-09-12 15:22:11.011','system_observer_tool_answer','ObserverToolAnswer','A new observation was reported by: Block3_Confirmation-CrowdTasker_Observer','Info','{"trialId": 13, "sessionId": 217, "answerId": 1346, "timeSendUTC": 1568294528, "timeWhen": 1568294530000, "observationTypeName": "Block3_Confirmation-CrowdTasker_Observer", "observervationTypeId": 1536, "observationTypeDescription": "How many years of professional experience do you have in crisis management? ", "description": "", "multiplicity": true, "questions": [{"id": 2937, "name": "How many years of professional experience do you h", "description": "-", "answer": "More than 15 years", "comment": "", "typeOfQuestion": "radiobutton"}]}','null');
insert into aar_service.record (id, clientId, sessionId, createDate, trialDate, topic, recordType, headline, msgType, recordJson, recordData) values (1428,'TB-Ost','null','2019-09-12 15:22:22.63','2019-09-12 15:22:22.63','system_observer_tool_answer','ObserverToolAnswer','A new observation was reported by: Block3_Confirmation-CrowdTasker_Observer','Info','{"trialId": 13, "sessionId": 217, "answerId": 1347, "timeSendUTC": 1568294540, "timeWhen": 1568294542000, "observationTypeName": "Block3_Confirmation-CrowdTasker_Observer", "observervationTypeId": 1537, "observationTypeDescription": "How much would you agree with the statement that you have experience and knowledge regarding volunteer management?", "description": "", "multiplicity": true, "questions": [{"id": 2936, "name": "How much would you agree with the statement that y", "description": "-", "answer": "Agree", "comment": "", "typeOfQuestion": "radiobutton"}]}','null');
insert into aar_service.record (id, clientId, sessionId, createDate, trialDate, topic, recordType, headline, msgType, recordJson, recordData) values (1429,'TB-Ost','null','2019-09-12 15:22:33.525','2019-09-12 15:22:33.525','system_observer_tool_answer','ObserverToolAnswer','A new observation was reported by: Block3_Confirmation-CrowdTasker_Observer','Info','{"trialId": 13, "sessionId": 217, "answerId": 1348, "timeSendUTC": 1568294551, "timeWhen": 1568294553000, "observationTypeName": "Block3_Confirmation-CrowdTasker_Observer", "observervationTypeId": 1536, "observationTypeDescription": "How many years of professional experience do you have in crisis management? ", "description": "", "multiplicity": true, "questions": [{"id": 2937, "name": "How many years of professional experience do you h", "description": "-", "answer": "6 - 10 years", "comment": "", "typeOfQuestion": "radiobutton"}]}','null');
insert into aar_service.record (id, clientId, sessionId, createDate, trialDate, topic, recordType, headline, msgType, recordJson, recordData) values (1430,'TB-Ost','null','2019-09-12 15:22:44.68','2019-09-12 15:22:44.68','system_observer_tool_answer','ObserverToolAnswer','A new observation was reported by: Block3_Confirmation-CrowdTasker_Observer','Info','{"trialId": 13, "sessionId": 217, "answerId": 1349, "timeSendUTC": 1568294562, "timeWhen": 1568294564000, "observationTypeName": "Block3_Confirmation-CrowdTasker_Observer", "observervationTypeId": 1537, "observationTypeDescription": "How much would you agree with the statement that you have experience and knowledge regarding volunteer management?", "description": "", "multiplicity": true, "questions": [{"id": 2936, "name": "How much would you agree with the statement that y", "description": "-", "answer": "Strongly agree", "comment": "", "typeOfQuestion": "radiobutton"}]}','null');
insert into aar_service.record (id, clientId, sessionId, createDate, trialDate, topic, recordType, headline, msgType, recordJson, recordData) values (1431,'TB-TrialMgmt','null','2019-09-12 15:24:55.671','2019-09-12 15:24:55.671','system_tm_session_mgmt','SessionMgmt','239f0f8d-d531-44df-91e8-7499c2b3d4c3, START','Info','{"trialId": "e040fdc7-72d1-4e4a-b8f1-dff598ca476f", "trialName": "Trial 3: The Austrian Trial", "scenarioId": "5e00c00c-b9d0-486c-9015-0ac14d69b4d8", "scenarioName": "Block 3 - Confirmation", "sessionId": "239f0f8d-d531-44df-91e8-7499c2b3d4c3", "sessionName": "New session", "sessionState": "START", "comment": null}','null');
insert into aar_service.record (id, clientId, sessionId, createDate, trialDate, topic, recordType, headline, msgType, recordJson, recordData) values (1432,'TB-Ost','null','2019-09-12 15:26:07.717','2019-09-12 15:26:07.718','system_observer_tool_answer','ObserverToolAnswer','A new observation was reported by: Block3_Confirmation-viewTerra_Observer','Info','{"trialId": 13, "sessionId": 217, "answerId": 1350, "timeSendUTC": 1568294765, "timeWhen": 1568294768000, "observationTypeName": "Block3_Confirmation-viewTerra_Observer", "observervationTypeId": 1510, "observationTypeDescription": "How many years of professional experience do you have in crisis management? ", "description": "", "multiplicity": true, "questions": [{"id": 3149, "name": "How many years of professional experience do you h", "description": "-", "answer": "More than 15 years", "comment": "", "typeOfQuestion": "radiobutton"}]}','null');
insert into aar_service.record (id, clientId, sessionId, createDate, trialDate, topic, recordType, headline, msgType, recordJson, recordData) values (1433,'TB-Ost','null','2019-09-12 15:26:20.559','2019-09-12 15:26:20.559','system_observer_tool_answer','ObserverToolAnswer','A new observation was reported by: Block3_Confirmation-viewTerra_Observer','Info','{"trialId": 13, "sessionId": 217, "answerId": 1351, "timeSendUTC": 1568294778, "timeWhen": 1568294781000, "observationTypeName": "Block3_Confirmation-viewTerra_Observer", "observervationTypeId": 1511, "observationTypeDescription": "How much would you agree with the statement that you have experience and knowledge regarding situation assessment?", "description": "", "multiplicity": true, "questions": [{"id": 3147, "name": "How much would you agree with the statement that y", "description": "-", "answer": "Neutral", "comment": "", "typeOfQuestion": "radiobutton"}]}','null');
insert into aar_service.record (id, clientId, sessionId, createDate, trialDate, topic, recordType, headline, msgType, recordJson, recordData) values (1434,'TB-TrialMgmt','null','2019-09-12 15:28:55.802','2019-09-12 15:28:55.802','system_tm_phase_message','PhaseMessage','INCIDENT, state: true','Info','{"id": "b42eb462-a980-42ff-84af-24102dc4d051", "phase": "INCIDENT", "isStarting": true, "alternativeName": null}','null');
insert into aar_service.record (id, clientId, sessionId, createDate, trialDate, topic, recordType, headline, msgType, recordJson, recordData) values (1435,'TB-TrialMgmt','null','2019-09-12 15:34:26.874','2019-09-12 15:34:26.874','system_tm_role_player','RolePlayerMessage','Activate remote volunteers in the area.','Info','{"id": "9a5ed496-3db9-4d39-879e-6b436ef4747a", "type": "ACTION", "title": "", "headline": "Activate remote volunteers in the area.", "description": "", "rolePlayerName": "ARC - EXCON", "participantNames": null, "comment": ""}','null');
insert into aar_service.record (id, clientId, sessionId, createDate, trialDate, topic, recordType, headline, msgType, recordJson, recordData) values (1436,'TB-TrialMgmt','null','2019-09-12 15:34:33.878','2019-09-12 15:34:33.878','system_tm_role_player','RolePlayerMessage','No local teams for confirming status of buildings.','Info','{"id": "1285d87c-8f8f-47ac-b97a-6414e8da9518", "type": "CALL", "title": "", "headline": "No local teams for confirming status of buildings.", "description": "", "rolePlayerName": "ARC - EXCON", "participantNames": null, "comment": ""}','null');
insert into aar_service.record (id, clientId, sessionId, createDate, trialDate, topic, recordType, headline, msgType, recordJson, recordData) values (1437,'TB-TrialMgmt','null','2019-09-12 15:34:38.878','2019-09-12 15:34:38.878','system_tm_role_player','RolePlayerMessage','Digital Volunteers nearby the affected area.','Info','{"id": "624a705c-a5c3-4949-b63d-b47d145a7eba", "type": "CALL", "title": "", "headline": "Digital Volunteers nearby the affected area.", "description": "", "rolePlayerName": "ARC - EXCON", "participantNames": null, "comment": ""}','null');
insert into aar_service.record (id, clientId, sessionId, createDate, trialDate, topic, recordType, headline, msgType, recordJson, recordData) values (1438,'TB-Ost','null','2019-09-12 15:45:10.634','2019-09-12 15:45:10.634','system_observer_tool_answer','ObserverToolAnswer','A new observation was reported by: Block3_Confirmation-CrowdTasker_Observer','Info','{"trialId": 13, "sessionId": 217, "answerId": 1352, "timeSendUTC": 1568295908, "timeWhen": 1568295910000, "observationTypeName": "Block3_Confirmation-CrowdTasker_Observer", "observervationTypeId": 1538, "observationTypeDescription": "The commander can appropriately formulate requests for volunteers through CrowdTasker (i.e., the workflow support everything that the commander wants to do with regards to volunteers).", "description": "", "multiplicity": true, "questions": [{"id": 2931, "name": "The commander can appropriately formulate requests", "description": "-", "answer": "Agree", "comment": "", "typeOfQuestion": "radiobutton"}]}','null');
insert into aar_service.record (id, clientId, sessionId, createDate, trialDate, topic, recordType, headline, msgType, recordJson, recordData) values (1461,'TB-TrialMgmt','null','2019-09-12 16:25:29.552','2019-09-12 16:25:29.552','system_tm_role_player','RolePlayerMessage','Call f. resident: collapsed buildings in Mnzboden.','Info','{"id": "8333b447-2a96-4183-9e65-3d19182c5036", "type": "CALL", "title": "", "headline": "Call f. resident: collapsed buildings in Mnzboden.", "description": "Call from a resident informing collapsed buildings in Mnzboden.", "rolePlayerName": "ARC - EXCON", "participantNames": null, "comment": ""}','null');
insert into aar_service.record (id, clientId, sessionId, createDate, trialDate, topic, recordType, headline, msgType, recordJson, recordData) values (1685,'TB-AARTool_FD','null','2019-09-13 08:47:27.701','2019-09-13 08:47:27.701','system_logging','Log','--> addCallback: system_tm_role_player','Info','{"id": "TB-AARTool_FD", "dateTimeSent": 1568357231816, "level": "INFO", "log": "--> addCallback: system_tm_role_player"}','null');
insert into aar_service.record (id, clientId, sessionId, createDate, trialDate, topic, recordType, headline, msgType, recordJson, recordData) values (1439,'CrowdTaskerProducer','null','2019-09-12 15:50:51.224','2019-09-12 15:50:51.224','crowd-tasker_info','FeatureCollection','Crowdtasker Task Report','Info','{"type": "FeatureCollection", "bbox": null, "features": [{"type": "Feature", "bbox": null, "geometry": {"type": "Polygon", "coordinates": [[[14.868107, 47.56685], [14.849911, 47.558736], [14.881153, 47.534388], [14.888706, 47.521861], [14.935741, 47.534156], [14.954281, 47.55294], [14.899349, 47.555722], [14.868107, 47.56685]]]}, "properties": {"name": "Crowdtasker Task Report", "GUID": "t174aa09ac63246", "description": "Incident Report", "title": "Damage in Eisenerz", "type": "VOLUNTEER_REPORT", "content": "Damaged building"}}, {"type": "Feature", "bbox": null, "geometry": {"type": "Point", "coordinates": [14.884615, 47.5425933]}, "properties": {"image_ref": "https://crowdtasker.ait.ac.at/api/v3/cta/attachments/at94e95d8259a34b"}}]}','null');
insert into aar_service.file (id, name, mimeType, url, record_id) values (124,'record/attachements/at94e95d8259a34b','null','https://crowdtasker.ait.ac.at/api/v3/cta/attachments/at94e95d8259a34b?user=images@crowdtasker.at&password=AeuDpI1Z6aq7zjffWdVM',1439);
insert into aar_service.record (id, clientId, sessionId, createDate, trialDate, topic, recordType, headline, msgType, recordJson, recordData) values (1440,'TB-Ost','null','2019-09-12 15:52:09.338','2019-09-12 15:52:09.338','system_observer_tool_answer','ObserverToolAnswer','A new observation was reported by: Block3_Confirmation-viewTerra_Observer','Info','{"trialId": 13, "sessionId": 217, "answerId": 1353, "timeSendUTC": 1568296327, "timeWhen": 1568296330000, "observationTypeName": "Block3_Confirmation-viewTerra_Observer", "observervationTypeId": 1512, "observationTypeDescription": "Was vieWTerraEvolution able to receive photos from external sources (e.g. crowdTasker)?", "description": "", "multiplicity": true, "questions": [{"id": 3150, "name": "Was vieWTerraEvolution able to receive photos fro", "description": "-", "answer": "Strongly agree", "comment": "", "typeOfQuestion": "radiobutton"}]}','null');
insert into aar_service.record (id, clientId, sessionId, createDate, trialDate, topic, recordType, headline, msgType, recordJson, recordData) values (1441,'TB-TrialMgmt','null','2019-09-12 15:56:43.179','2019-09-12 15:56:43.179','system_tm_role_player','RolePlayerMessage','Volunteers should be sent to assess the hospital.','Info','{"id": "a41e9f71-8442-4a0f-b507-e75a5f6f3c24", "type": "CALL", "title": "", "headline": "Volunteers should be sent to assess the hospital.", "description": "", "rolePlayerName": "ARC - EXCON", "participantNames": null, "comment": ""}','null');
insert into aar_service.record (id, clientId, sessionId, createDate, trialDate, topic, recordType, headline, msgType, recordJson, recordData) values (1442,'TB-TrialMgmt','null','2019-09-12 15:56:47.18','2019-09-12 15:56:47.18','system_tm_role_player','RolePlayerMessage','Volunteers assess buildings Prblich.','Info','{"id": "56ce1bb8-0bb1-4a07-9f43-97b15816f55a", "type": "CALL", "title": "", "headline": "Volunteers assess buildings Prblich.", "description": "Volunteers should be sent to assess buildings Prblich.", "rolePlayerName": "ARC - EXCON", "participantNames": null, "comment": ""}','null');
insert into aar_service.record (id, clientId, sessionId, createDate, trialDate, topic, recordType, headline, msgType, recordJson, recordData) values (1443,'TB-TrialMgmt','null','2019-09-12 15:56:58.183','2019-09-12 15:56:58.183','system_tm_role_player','RolePlayerMessage','Confirm conditions infrastructure Area of Eisenerz.','Info','{"id": "697a1fc7-551e-4554-8bca-823ae635d982", "type": "ACTION", "title": "", "headline": "Confirm conditions infrastructure Area of Eisenerz.", "description": "Confirm the conditions of important infrastructure in the Area of Eisenerz.", "rolePlayerName": "ARC - EXCON", "participantNames": null, "comment": ""}','null');
insert into aar_service.record (id, clientId, sessionId, createDate, trialDate, topic, recordType, headline, msgType, recordJson, recordData) values (1444,'TB-TrialMgmt','null','2019-09-12 16:00:12.212','2019-09-12 16:00:12.212','system_tm_role_player','RolePlayerMessage','Call f. resident: damaged buildings Krumpentalerstr.','Info','{"id": "fe7934a9-da66-408c-8211-de7f4bab2332", "type": "CALL", "title": "", "headline": "Call f. resident: damaged buildings Krumpentalerstr.", "description": "Call from a resident informing damaged buildings in Krumpentalerstrass.", "rolePlayerName": "ARC - EXCON", "participantNames": null, "comment": ""}','null');
insert into aar_service.record (id, clientId, sessionId, createDate, trialDate, topic, recordType, headline, msgType, recordJson, recordData) values (1445,'TB-Ost','null','2019-09-12 16:00:25.862','2019-09-12 16:00:25.862','system_observer_tool_answer','ObserverToolAnswer','A new observation was reported by: Block3_Confirmation-CrowdTasker_Observer','Info','{"trialId": 13, "sessionId": 217, "answerId": 1354, "timeSendUTC": 1568296823, "timeWhen": 1568296825000, "observationTypeName": "Block3_Confirmation-CrowdTasker_Observer", "observervationTypeId": 1538, "observationTypeDescription": "The commander can appropriately formulate requests for volunteers through CrowdTasker (i.e., the workflow support everything that the commander wants to do with regards to volunteers).", "description": "", "multiplicity": true, "questions": [{"id": 2931, "name": "The commander can appropriately formulate requests", "description": "-", "answer": "Neutral", "comment": "Experienced operator needed, the commander has set the an overall request. But the exact task description was typed in by the tool operator.", "typeOfQuestion": "radiobutton"}]}','null');
insert into aar_service.record (id, clientId, sessionId, createDate, trialDate, topic, recordType, headline, msgType, recordJson, recordData) values (1446,'TB-Ost','null','2019-09-12 16:01:21.226','2019-09-12 16:01:21.226','system_observer_tool_answer','ObserverToolAnswer','A new observation was reported by: Block3_Confirmation-CrowdTasker_Observer','Info','{"trialId": 13, "sessionId": 217, "answerId": 1355, "timeSendUTC": 1568296878, "timeWhen": 1568296880000, "observationTypeName": "Block3_Confirmation-CrowdTasker_Observer", "observervationTypeId": 1539, "observationTypeDescription": "The S2 creates a report for the EL (head of operations)), based on the information provided by Crowdtasker.", "description": "", "multiplicity": true, "questions": [{"id": 2935, "name": "The S2 creates a report for the EL (head of operat", "description": "-", "answer": "[Agree]", "comment": "", "typeOfQuestion": "checkbox"}]}','null');
insert into aar_service.record (id, clientId, sessionId, createDate, trialDate, topic, recordType, headline, msgType, recordJson, recordData) values (1447,'CrowdTaskerProducer','null','2019-09-12 16:01:43.596','2019-09-12 16:01:43.596','crowd-tasker_info','FeatureCollection','Crowdtasker Task Report','Info','{"type": "FeatureCollection", "bbox": null, "features": [{"type": "Feature", "bbox": null, "geometry": {"type": "Polygon", "coordinates": [[[14.951191, 47.535538], [14.936771, 47.508162], [14.979343, 47.506537], [14.982433, 47.531363], [14.951191, 47.535538]]]}, "properties": {"name": "Crowdtasker Task Report", "GUID": "t205422d0ad5845", "description": "Incident Report", "title": "Damaged Building in Prbichl", "type": "VOLUNTEER_REPORT", "content": "Severe Damage"}}, {"type": "Feature", "bbox": null, "geometry": {"type": "Point", "coordinates": [14.9500207, 47.5226706]}, "properties": {"image_ref": "https://crowdtasker.ait.ac.at/api/v3/cta/attachments/at5bd563ebf4e745"}}, {"type": "Feature", "bbox": null, "geometry": {"type": "Point", "coordinates": [14.9503732, 47.5227909]}, "properties": {"image_ref": "https://crowdtasker.ait.ac.at/api/v3/cta/attachments/at677388d123fc46"}}]}','null');
insert into aar_service.file (id, name, mimeType, url, record_id) values (125,'record/attachements/at5bd563ebf4e745','null','https://crowdtasker.ait.ac.at/api/v3/cta/attachments/at5bd563ebf4e745?user=images@crowdtasker.at&password=AeuDpI1Z6aq7zjffWdVM',1447);
insert into aar_service.file (id, name, mimeType, url, record_id) values (126,'record/attachements/at677388d123fc46','null','https://crowdtasker.ait.ac.at/api/v3/cta/attachments/at677388d123fc46?user=images@crowdtasker.at&password=AeuDpI1Z6aq7zjffWdVM',1447);
insert into aar_service.record (id, clientId, sessionId, createDate, trialDate, topic, recordType, headline, msgType, recordJson, recordData) values (1448,'TB-Ost','null','2019-09-12 16:03:05.478','2019-09-12 16:03:05.478','system_observer_tool_answer','ObserverToolAnswer','A new observation was reported by: Block3_Confirmation-CrowdTasker_Observer','Info','{"trialId": 13, "sessionId": 217, "answerId": 1356, "timeSendUTC": 1568296983, "timeWhen": 1568296985000, "observationTypeName": "Block3_Confirmation-CrowdTasker_Observer", "observervationTypeId": 1540, "observationTypeDescription": "The S2 uses other sources of visualisation (e.g google maps, paper maps, etc\u2026) for comparison with the information received.", "description": "", "multiplicity": true, "questions": [{"id": 2938, "name": "The S2 uses other sources of visualisation (e.g go", "description": "-", "answer": "[Agree]", "comment": "", "typeOfQuestion": "checkbox"}]}','null');
insert into aar_service.record (id, clientId, sessionId, createDate, trialDate, topic, recordType, headline, msgType, recordJson, recordData) values (1449,'TB-TrialMgmt','null','2019-09-12 16:03:15.254','2019-09-12 16:03:15.254','system_tm_role_player','RolePlayerMessage','Confirm damages main road Eisenerz and Prblich.','Info','{"id": "06620158-14e7-42a4-bb9f-2153b466534b", "type": "ACTION", "title": "", "headline": "Confirm damages main road Eisenerz and Prblich.", "description": "Confirm potential damages on the main road between Eisenerz and Prblich.", "rolePlayerName": "ARC - EXCON", "participantNames": null, "comment": ""}','null');
insert into aar_service.record (id, clientId, sessionId, createDate, trialDate, topic, recordType, headline, msgType, recordJson, recordData) values (1450,'TB-TrialMgmt','null','2019-09-12 16:03:19.251','2019-09-12 16:03:19.251','system_tm_role_player','RolePlayerMessage','Confirm damaged/collapsed buildings Prblich.','Info','{"id": "b2b048cf-771c-406a-8120-13a1cc67e1b9", "type": "ACTION", "title": "", "headline": "Confirm damaged/collapsed buildings Prblich.", "description": "Confirm potential damaged/collapsed buildings in Prblich.", "rolePlayerName": "ARC - EXCON", "participantNames": null, "comment": ""}','null');
insert into aar_service.record (id, clientId, sessionId, createDate, trialDate, topic, recordType, headline, msgType, recordJson, recordData) values (1451,'TB-Ost','null','2019-09-12 16:04:01.192','2019-09-12 16:04:01.192','system_observer_tool_answer','ObserverToolAnswer','A new observation was reported by: Block3_Confirmation-viewTerra_Observer','Info','{"trialId": 13, "sessionId": 217, "answerId": 1357, "timeSendUTC": 1568297038, "timeWhen": 1568297042000, "observationTypeName": "Block3_Confirmation-viewTerra_Observer", "observervationTypeId": 1513, "observationTypeDescription": "Was vieWTerra Evolution able to display the photos from external sources (e.g. CrowdTasker) in its 4D Earth landscape?", "description": "", "multiplicity": true, "questions": [{"id": 3151, "name": "Was vieWTerra Evolution able to display the photos", "description": "-", "answer": "Strongly agree", "comment": "", "typeOfQuestion": "radiobutton"}]}','null');
insert into aar_service.record (id, clientId, sessionId, createDate, trialDate, topic, recordType, headline, msgType, recordJson, recordData) values (1452,'CrowdTaskerProducer','null','2019-09-12 16:04:28.398','2019-09-12 16:04:28.398','crowd-tasker_info','FeatureCollection','Crowdtasker Task Report','Info','{"type": "FeatureCollection", "bbox": null, "features": [{"type": "Feature", "bbox": null, "geometry": {"type": "Polygon", "coordinates": [[[14.812374, 47.606173], [14.770489, 47.563986], [14.915371, 47.466502], [15.069866, 47.471148], [15.111752, 47.54172], [14.933224, 47.610807], [14.812374, 47.606173]]]}, "properties": {"name": "Crowdtasker Task Report", "GUID": "ecac5158c13154d", "description": "Incident Report", "title": "Damaged Wall", "type": "VOLUNTEER_REPORT", "content": "Wall is damaged"}}, {"type": "Feature", "bbox": null, "geometry": {"type": "Point", "coordinates": [14.8834555, 47.5443711]}, "properties": {"image_ref": "https://crowdtasker.ait.ac.at/api/v3/cta/attachments/atbf1d412817184e"}}]}','null');
insert into aar_service.file (id, name, mimeType, url, record_id) values (127,'record/attachements/atbf1d412817184e','null','https://crowdtasker.ait.ac.at/api/v3/cta/attachments/atbf1d412817184e?user=images@crowdtasker.at&password=AeuDpI1Z6aq7zjffWdVM',1452);
insert into aar_service.record (id, clientId, sessionId, createDate, trialDate, topic, recordType, headline, msgType, recordJson, recordData) values (1453,'TB-Ost','null','2019-09-12 16:06:15.501','2019-09-12 16:06:15.501','system_observer_tool_answer','ObserverToolAnswer','A new observation was reported by: Block3_Confirmation-CrowdTasker_Observer','Info','{"trialId": 13, "sessionId": 217, "answerId": 1358, "timeSendUTC": 1568297173, "timeWhen": 1568297175000, "observationTypeName": "Block3_Confirmation-CrowdTasker_Observer", "observervationTypeId": 1543, "observationTypeDescription": "Can you observe, the S2 is using the information received by crowdtasker?", "description": "", "multiplicity": true, "questions": [{"id": 2932, "name": "Can you observe, the S2 is using the information r", "description": "-", "answer": "[Agree]", "comment": "Of course, it is used", "typeOfQuestion": "checkbox"}]}','null');
insert into aar_service.record (id, clientId, sessionId, createDate, trialDate, topic, recordType, headline, msgType, recordJson, recordData) values (1454,'TB-Ost','null','2019-09-12 16:09:03.672','2019-09-12 16:09:03.672','system_observer_tool_answer','ObserverToolAnswer','A new observation was reported by: Block3_Confirmation-CrowdTasker_Observer','Info','{"trialId": 13, "sessionId": 217, "answerId": 1359, "timeSendUTC": 1568297341, "timeWhen": 1568297343000, "observationTypeName": "Block3_Confirmation-CrowdTasker_Observer", "observervationTypeId": 1539, "observationTypeDescription": "The S2 creates a report for the EL (head of operations)), based on the information provided by Crowdtasker.", "description": "", "multiplicity": true, "questions": [{"id": 2935, "name": "The S2 creates a report for the EL (head of operat", "description": "-", "answer": "[Agree]", "comment": "I was hard to differentiate because they nearly worked together very closely the hole time.", "typeOfQuestion": "checkbox"}]}','null');
insert into aar_service.record (id, clientId, sessionId, createDate, trialDate, topic, recordType, headline, msgType, recordJson, recordData) values (1455,'TB-Ost','null','2019-09-12 16:10:13.011','2019-09-12 16:10:13.011','system_observer_tool_answer','ObserverToolAnswer','A new observation was reported by: Block3_Confirmation-CrowdTasker_Observer','Info','{"trialId": 13, "sessionId": 217, "answerId": 1360, "timeSendUTC": 1568297410, "timeWhen": 1568297412000, "observationTypeName": "Block3_Confirmation-CrowdTasker_Observer", "observervationTypeId": 1540, "observationTypeDescription": "The S2 uses other sources of visualisation (e.g google maps, paper maps, etc\u2026) for comparison with the information received.", "description": "", "multiplicity": true, "questions": [{"id": 2938, "name": "The S2 uses other sources of visualisation (e.g go", "description": "-", "answer": "[Agree]", "comment": "Also map on the wall was used.", "typeOfQuestion": "checkbox"}]}','null');
insert into aar_service.record (id, clientId, sessionId, createDate, trialDate, topic, recordType, headline, msgType, recordJson, recordData) values (1456,'TB-Ost','null','2019-09-12 16:11:03.166','2019-09-12 16:11:03.166','system_observer_tool_answer','ObserverToolAnswer','A new observation was reported by: Block3_Confirmation-CrowdTasker_Observer','Info','{"trialId": 13, "sessionId": 217, "answerId": 1361, "timeSendUTC": 1568297460, "timeWhen": 1568297463000, "observationTypeName": "Block3_Confirmation-CrowdTasker_Observer", "observervationTypeId": 1542, "observationTypeDescription": "The S2 operator asks the Crowdtasker operator to task volunteers with additional assignments.", "description": "", "multiplicity": true, "questions": [{"id": 2933, "name": "The S2 operator asks the Crowdtasker operator to t", "description": "-", "answer": "[Agree]", "comment": "", "typeOfQuestion": "checkbox"}]}','null');
insert into aar_service.record (id, clientId, sessionId, createDate, trialDate, topic, recordType, headline, msgType, recordJson, recordData) values (1457,'CrowdTaskerProducer','null','2019-09-12 16:13:23.709','2019-09-12 16:13:23.709','crowd-tasker_info','FeatureCollection','Crowdtasker Task Report','Info','{"type": "FeatureCollection", "bbox": null, "features": [{"type": "Feature", "bbox": null, "geometry": {"type": "Polygon", "coordinates": [[[14.812374, 47.606173], [14.770489, 47.563986], [14.915371, 47.466502], [15.069866, 47.471148], [15.111752, 47.54172], [14.933224, 47.610807], [14.812374, 47.606173]]]}, "properties": {"name": "Crowdtasker Task Report", "GUID": "ecac5158c13154d", "description": "Incident Report", "title": "More Damage", "type": "VOLUNTEER_REPORT", "content": "Another Damaged Building"}}, {"type": "Feature", "bbox": null, "geometry": {"type": "Point", "coordinates": [14.8815381, 47.5469059]}, "properties": {"image_ref": "https://crowdtasker.ait.ac.at/api/v3/cta/attachments/at6927108db1de46"}}]}','null');
insert into aar_service.file (id, name, mimeType, url, record_id) values (128,'record/attachements/at6927108db1de46','null','https://crowdtasker.ait.ac.at/api/v3/cta/attachments/at6927108db1de46?user=images@crowdtasker.at&password=AeuDpI1Z6aq7zjffWdVM',1457);
insert into aar_service.record (id, clientId, sessionId, createDate, trialDate, topic, recordType, headline, msgType, recordJson, recordData) values (1458,'TB-TrialMgmt','null','2019-09-12 16:16:11.398','2019-09-12 16:16:11.398','system_tm_role_player','RolePlayerMessage','Confirm damaged/collapsed buildings Eisenerz.','Info','{"id": "db75bf4b-5a33-40b0-896d-05631fc4f158", "type": "ACTION", "title": "", "headline": "Confirm damaged/collapsed buildings Eisenerz.", "description": "Confirm potential damaged/collapsed buildings in Eisenerz.", "rolePlayerName": "ARC - EXCON", "participantNames": null, "comment": ""}','null');
insert into aar_service.record (id, clientId, sessionId, createDate, trialDate, topic, recordType, headline, msgType, recordJson, recordData) values (1459,'TB-Ost','null','2019-09-12 16:17:30.906','2019-09-12 16:17:30.906','system_observer_tool_answer','ObserverToolAnswer','A new observation was reported by: Block3_Confirmation-CrowdTasker_Observer','Info','{"trialId": 13, "sessionId": 217, "answerId": 1362, "timeSendUTC": 1568297848, "timeWhen": 1568297850000, "observationTypeName": "Block3_Confirmation-CrowdTasker_Observer", "observervationTypeId": 1541, "observationTypeDescription": "The S2 uses other sources of information (e.g databases, internet,\u2026) for getting aditional information i.e: non visual information like population density, distance, resources allocation, etc since the information received  was not sufficient.", "description": "", "multiplicity": true, "questions": [{"id": 2934, "name": "The S2 uses other sources of information (e.g data", "description": "-", "answer": "[Not applicable]", "comment": "Not observed on crowdtasker", "typeOfQuestion": "checkbox"}]}','null');
insert into aar_service.record (id, clientId, sessionId, createDate, trialDate, topic, recordType, headline, msgType, recordJson, recordData) values (1460,'TB-Ost','null','2019-09-12 16:25:26.187','2019-09-12 16:25:26.187','system_observer_tool_answer','ObserverToolAnswer','A new observation was reported by: Block3_Confirmation-CrowdTasker_Observer','Info','{"trialId": 13, "sessionId": 217, "answerId": 1363, "timeSendUTC": 1568298323, "timeWhen": 1568298325000, "observationTypeName": "Block3_Confirmation-CrowdTasker_Observer", "observervationTypeId": 1542, "observationTypeDescription": "The S2 operator asks the Crowdtasker operator to task volunteers with additional assignments.", "description": "", "multiplicity": true, "questions": [{"id": 2933, "name": "The S2 operator asks the Crowdtasker operator to t", "description": "-", "answer": "[Agree]", "comment": "", "typeOfQuestion": "checkbox"}]}','null');
insert into aar_service.record (id, clientId, sessionId, createDate, trialDate, topic, recordType, headline, msgType, recordJson, recordData) values (1721,'TB-AARTool_FD','null','2019-09-13 08:49:28.146','2019-09-13 08:49:28.146','system_logging','Log','addCallback-->','Info','{"id": "TB-AARTool_FD", "dateTimeSent": 1568357348597, "level": "INFO", "log": "addCallback-->"}','null');
insert into aar_service.record (id, clientId, sessionId, createDate, trialDate, topic, recordType, headline, msgType, recordJson, recordData) values (1462,'TB-TrialMgmt','null','2019-09-12 16:26:08.56','2019-09-12 16:26:08.56','system_tm_role_player','RolePlayerMessage','Volunteers assess Fire Brigade station.','Info','{"id": "9bd55021-8e08-4085-a0d4-ceb92518abdc", "type": "CALL", "title": "", "headline": "Volunteers assess Fire Brigade station.", "description": "Volunteers should be sent to assess the Fire Brigade station.", "rolePlayerName": "ARC - EXCON", "participantNames": null, "comment": ""}','null');
insert into aar_service.record (id, clientId, sessionId, createDate, trialDate, topic, recordType, headline, msgType, recordJson, recordData) values (1463,'TB-Ost','null','2019-09-12 16:27:18.448','2019-09-12 16:27:18.448','system_observer_tool_answer','ObserverToolAnswer','A new observation was reported by: Block3_Confirmation-CrowdTasker_Observer','Info','{"trialId": 13, "sessionId": 217, "answerId": 1364, "timeSendUTC": 1568298436, "timeWhen": 1568298438000, "observationTypeName": "Block3_Confirmation-CrowdTasker_Observer", "observervationTypeId": 1543, "observationTypeDescription": "Can you observe, the S2 is using the information received by crowdtasker?", "description": "", "multiplicity": true, "questions": [{"id": 2932, "name": "Can you observe, the S2 is using the information r", "description": "-", "answer": "[Agree]", "comment": "", "typeOfQuestion": "checkbox"}]}','null');
insert into aar_service.record (id, clientId, sessionId, createDate, trialDate, topic, recordType, headline, msgType, recordJson, recordData) values (1464,'TB-Ost','null','2019-09-12 16:28:06.643','2019-09-12 16:28:06.643','system_observer_tool_answer','ObserverToolAnswer','A new observation was reported by: Block3_Confirmation-viewTerra_Observer','Info','{"trialId": 13, "sessionId": 217, "answerId": 1365, "timeSendUTC": 1568298484, "timeWhen": 1568298487000, "observationTypeName": "Block3_Confirmation-viewTerra_Observer", "observervationTypeId": 1514, "observationTypeDescription": "The S2-S3 creates a report for the EL (head of operations)), based on the information provided by Viewterra.", "description": "", "multiplicity": true, "questions": [{"id": 3152, "name": "The S2-S3 creates a report for the EL (head of ope", "description": "-", "answer": "[Agree]", "comment": "", "typeOfQuestion": "checkbox"}]}','null');
insert into aar_service.record (id, clientId, sessionId, createDate, trialDate, topic, recordType, headline, msgType, recordJson, recordData) values (1465,'TB-Ost','null','2019-09-12 16:28:19.841','2019-09-12 16:28:19.841','system_observer_tool_answer','ObserverToolAnswer','A new observation was reported by: Block3_Confirmation-viewTerra_Observer','Info','{"trialId": 13, "sessionId": 217, "answerId": 1366, "timeSendUTC": 1568298497, "timeWhen": 1568298500000, "observationTypeName": "Block3_Confirmation-viewTerra_Observer", "observervationTypeId": 1515, "observationTypeDescription": "The S2-S3 uses other sources of visualisation (e.g google maps, paper maps, etc\u2026) for comparison with the viewterra.", "description": "", "multiplicity": true, "questions": [{"id": 3153, "name": "The S2-S3 uses other sources of visualisation (e.g", "description": "-", "answer": "[Agree]", "comment": "", "typeOfQuestion": "checkbox"}]}','null');
insert into aar_service.record (id, clientId, sessionId, createDate, trialDate, topic, recordType, headline, msgType, recordJson, recordData) values (1466,'CrowdTaskerProducer','null','2019-09-12 16:28:21.638','2019-09-12 16:28:21.638','crowd-tasker_info','FeatureCollection','Crowdtasker Task Report','Info','{"type": "FeatureCollection", "bbox": null, "features": [{"type": "Feature", "bbox": null, "geometry": {"type": "Polygon", "coordinates": [[[14.886839, 47.540419], [14.887784, 47.534505], [14.88611, 47.529837], [14.883449, 47.527865], [14.884908, 47.527372], [14.887998, 47.529024], [14.889843, 47.533576], [14.890187, 47.537171], [14.888813, 47.540534], [14.886839, 47.540419]]]}, "properties": {"name": "Crowdtasker Task Report", "GUID": "tcdac05c899304a", "description": "Incident Report", "title": "Damaged Buildings along the road", "type": "VOLUNTEER_REPORT", "content": "Some damaged buildings along the Krumpentaler strae"}}, {"type": "Feature", "bbox": null, "geometry": {"type": "Point", "coordinates": [14.8884486, 47.5339687]}, "properties": {"image_ref": "https://crowdtasker.ait.ac.at/api/v3/cta/attachments/at761b0c41c2c541"}}, {"type": "Feature", "bbox": null, "geometry": {"type": "Point", "coordinates": [14.8861695, 47.5294815]}, "properties": {"image_ref": "https://crowdtasker.ait.ac.at/api/v3/cta/attachments/atefa31b911eda4c"}}]}','null');
insert into aar_service.file (id, name, mimeType, url, record_id) values (129,'record/attachements/at761b0c41c2c541','null','https://crowdtasker.ait.ac.at/api/v3/cta/attachments/at761b0c41c2c541?user=images@crowdtasker.at&password=AeuDpI1Z6aq7zjffWdVM',1466);
insert into aar_service.file (id, name, mimeType, url, record_id) values (130,'record/attachements/atefa31b911eda4c','null','https://crowdtasker.ait.ac.at/api/v3/cta/attachments/atefa31b911eda4c?user=images@crowdtasker.at&password=AeuDpI1Z6aq7zjffWdVM',1466);
insert into aar_service.record (id, clientId, sessionId, createDate, trialDate, topic, recordType, headline, msgType, recordJson, recordData) values (1467,'TB-Ost','null','2019-09-12 16:28:46.975','2019-09-12 16:28:46.975','system_observer_tool_answer','ObserverToolAnswer','A new observation was reported by: Block3_Confirmation-viewTerra_Observer','Info','{"trialId": 13, "sessionId": 217, "answerId": 1367, "timeSendUTC": 1568298524, "timeWhen": 1568298527000, "observationTypeName": "Block3_Confirmation-viewTerra_Observer", "observervationTypeId": 1516, "observationTypeDescription": "The S2-S3 uses other sources of information (e.g databases, internet,\u2026) for getting aditional information i.e: non visual information like population density, distance, resources allocation, etc.", "description": "", "multiplicity": true, "questions": [{"id": 3154, "name": "The S2-S3 uses other sources of information (e.g d", "description": "-", "answer": "[Not applicable]", "comment": "", "typeOfQuestion": "checkbox"}]}','null');
insert into aar_service.record (id, clientId, sessionId, createDate, trialDate, topic, recordType, headline, msgType, recordJson, recordData) values (1468,'TB-Ost','null','2019-09-12 16:28:56.303','2019-09-12 16:28:56.303','system_observer_tool_answer','ObserverToolAnswer','A new observation was reported by: Block3_Confirmation-viewTerra_Observer','Info','{"trialId": 13, "sessionId": 217, "answerId": 1368, "timeSendUTC": 1568298534, "timeWhen": 1568298537000, "observationTypeName": "Block3_Confirmation-viewTerra_Observer", "observervationTypeId": 1517, "observationTypeDescription": "Can you observe, the S2 is using the information received by the viewterra?", "description": "", "multiplicity": true, "questions": [{"id": 3148, "name": "Can you observe, the S2 is using the information r", "description": "-", "answer": "[Agree]", "comment": "", "typeOfQuestion": "checkbox"}]}','null');
insert into aar_service.record (id, clientId, sessionId, createDate, trialDate, topic, recordType, headline, msgType, recordJson, recordData) values (1469,'TB-Ost','null','2019-09-12 16:29:45.236','2019-09-12 16:29:45.236','system_observer_tool_answer','ObserverToolAnswer','A new observation was reported by: Block3_Confirmation-viewTerra_Observer','Info','{"trialId": 13, "sessionId": 217, "answerId": 1369, "timeSendUTC": 1568298582, "timeWhen": 1568298584000, "observationTypeName": "Block3_Confirmation-viewTerra_Observer", "observervationTypeId": 1512, "observationTypeDescription": "Was vieWTerraEvolution able to receive photos from external sources (e.g. crowdTasker)?", "description": "", "multiplicity": true, "questions": [{"id": 3150, "name": "Was vieWTerraEvolution able to receive photos fro", "description": "-", "answer": "Strongly agree", "comment": "", "typeOfQuestion": "radiobutton"}]}','null');
insert into aar_service.record (id, clientId, sessionId, createDate, trialDate, topic, recordType, headline, msgType, recordJson, recordData) values (1470,'CrowdTaskerProducer','null','2019-09-12 16:29:50.2','2019-09-12 16:29:50.2','crowd-tasker_info','FeatureCollection','Crowdtasker Task Report','Info','{"type": "FeatureCollection", "bbox": null, "features": [{"type": "Feature", "bbox": null, "geometry": {"type": "Polygon", "coordinates": [[[14.868107, 47.56685], [14.849911, 47.558736], [14.881153, 47.534388], [14.888706, 47.521861], [14.935741, 47.534156], [14.954281, 47.55294], [14.899349, 47.555722], [14.868107, 47.56685]]]}, "properties": {"name": "Crowdtasker Task Report", "GUID": "t174aa09ac63246", "description": "Incident Report", "title": "Update on Einsenerz Damage", "type": "VOLUNTEER_REPORT", "content": "More Damage"}}, {"type": "Feature", "bbox": null, "geometry": {"type": "Point", "coordinates": [14.888646107999707, 47.533917272519965]}, "properties": {"image_ref": "https://crowdtasker.ait.ac.at/api/v3/cta/attachments/at7cfc790a56054e"}}]}','null');
insert into aar_service.file (id, name, mimeType, url, record_id) values (131,'record/attachements/at7cfc790a56054e','null','https://crowdtasker.ait.ac.at/api/v3/cta/attachments/at7cfc790a56054e?user=images@crowdtasker.at&password=AeuDpI1Z6aq7zjffWdVM',1470);
insert into aar_service.record (id, clientId, sessionId, createDate, trialDate, topic, recordType, headline, msgType, recordJson, recordData) values (1471,'TB-Ost','null','2019-09-12 16:29:59.867','2019-09-12 16:29:59.867','system_observer_tool_answer','ObserverToolAnswer','A new observation was reported by: Block3_Confirmation-viewTerra_Observer','Info','{"trialId": 13, "sessionId": 217, "answerId": 1370, "timeSendUTC": 1568298597, "timeWhen": 1568298599000, "observationTypeName": "Block3_Confirmation-viewTerra_Observer", "observervationTypeId": 1513, "observationTypeDescription": "Was vieWTerra Evolution able to display the photos from external sources (e.g. CrowdTasker) in its 4D Earth landscape?", "description": "", "multiplicity": true, "questions": [{"id": 3151, "name": "Was vieWTerra Evolution able to display the photos", "description": "-", "answer": "Strongly agree", "comment": "", "typeOfQuestion": "radiobutton"}]}','null');
insert into aar_service.record (id, clientId, sessionId, createDate, trialDate, topic, recordType, headline, msgType, recordJson, recordData) values (1472,'TB-Ost','null','2019-09-12 16:30:26.886','2019-09-12 16:30:26.886','system_observer_tool_answer','ObserverToolAnswer','A new observation was reported by: Block3_Confirmation-viewTerra_Observer','Info','{"trialId": 13, "sessionId": 217, "answerId": 1371, "timeSendUTC": 1568298624, "timeWhen": 1568298626000, "observationTypeName": "Block3_Confirmation-viewTerra_Observer", "observervationTypeId": 1514, "observationTypeDescription": "The S2-S3 creates a report for the EL (head of operations)), based on the information provided by Viewterra.", "description": "", "multiplicity": true, "questions": [{"id": 3152, "name": "The S2-S3 creates a report for the EL (head of ope", "description": "-", "answer": "[Not applicable]", "comment": "Eventually...", "typeOfQuestion": "checkbox"}]}','null');
insert into aar_service.record (id, clientId, sessionId, createDate, trialDate, topic, recordType, headline, msgType, recordJson, recordData) values (1473,'TB-Ost','null','2019-09-12 16:30:37.289','2019-09-12 16:30:37.289','system_observer_tool_answer','ObserverToolAnswer','A new observation was reported by: Block3_Confirmation-viewTerra_Observer','Info','{"trialId": 13, "sessionId": 217, "answerId": 1372, "timeSendUTC": 1568298635, "timeWhen": 1568298636000, "observationTypeName": "Block3_Confirmation-viewTerra_Observer", "observervationTypeId": 1515, "observationTypeDescription": "The S2-S3 uses other sources of visualisation (e.g google maps, paper maps, etc\u2026) for comparison with the viewterra.", "description": "", "multiplicity": true, "questions": [{"id": 3153, "name": "The S2-S3 uses other sources of visualisation (e.g", "description": "-", "answer": "[Not applicable]", "comment": "", "typeOfQuestion": "checkbox"}]}','null');
insert into aar_service.record (id, clientId, sessionId, createDate, trialDate, topic, recordType, headline, msgType, recordJson, recordData) values (1474,'TB-Ost','null','2019-09-12 16:34:04.142','2019-09-12 16:34:04.142','system_observer_tool_answer','ObserverToolAnswer','A new observation was reported by: Block3_Confirmation-viewTerra_Observer','Info','{"trialId": 13, "sessionId": 217, "answerId": 1373, "timeSendUTC": 1568298841, "timeWhen": 1568298843000, "observationTypeName": "Block3_Confirmation-viewTerra_Observer", "observervationTypeId": 1516, "observationTypeDescription": "The S2-S3 uses other sources of information (e.g databases, internet,\u2026) for getting aditional information i.e: non visual information like population density, distance, resources allocation, etc.", "description": "", "multiplicity": true, "questions": [{"id": 3154, "name": "The S2-S3 uses other sources of information (e.g d", "description": "-", "answer": "[Agree]", "comment": "Mainly for addresses", "typeOfQuestion": "checkbox"}]}','null');
insert into aar_service.record (id, clientId, sessionId, createDate, trialDate, topic, recordType, headline, msgType, recordJson, recordData) values (1475,'TB-Ost','null','2019-09-12 16:34:06.9','2019-09-12 16:34:06.9','system_observer_tool_answer','ObserverToolAnswer','A new observation was reported by: Block3_Confirmation-CrowdTasker_Observer','Info','{"trialId": 13, "sessionId": 217, "answerId": 1374, "timeSendUTC": 1568298844, "timeWhen": 1568298846000, "observationTypeName": "Block3_Confirmation-CrowdTasker_Observer", "observervationTypeId": 1541, "observationTypeDescription": "The S2 uses other sources of information (e.g databases, internet,\u2026) for getting aditional information i.e: non visual information like population density, distance, resources allocation, etc since the information received  was not sufficient.", "description": "", "multiplicity": true, "questions": [{"id": 2934, "name": "The S2 uses other sources of information (e.g data", "description": "-", "answer": "[Not applicable]", "comment": "Did not observe that behaviour. Why is this question important. Of course a commander uses every information which is relevant. The commander has asked other questions via CrowdTasker. He commander has not asked for population density. This has nothing to do with this. I do not understand ", "typeOfQuestion": "checkbox"}]}','null');
insert into aar_service.record (id, clientId, sessionId, createDate, trialDate, topic, recordType, headline, msgType, recordJson, recordData) values (1476,'TB-Ost','null','2019-09-12 16:34:49.421','2019-09-12 16:34:49.421','system_observer_tool_answer','ObserverToolAnswer','A new observation was reported by: Block3_Confirmation-viewTerra_Observer','Info','{"trialId": 13, "sessionId": 217, "answerId": 1375, "timeSendUTC": 1568298887, "timeWhen": 1568298889000, "observationTypeName": "Block3_Confirmation-viewTerra_Observer", "observervationTypeId": 1517, "observationTypeDescription": "Can you observe, the S2 is using the information received by the viewterra?", "description": "", "multiplicity": true, "questions": [{"id": 3148, "name": "Can you observe, the S2 is using the information r", "description": "-", "answer": "[Agree]", "comment": "Yes, he gets information about location of damages", "typeOfQuestion": "checkbox"}]}','null');
insert into aar_service.record (id, clientId, sessionId, createDate, trialDate, topic, recordType, headline, msgType, recordJson, recordData) values (1477,'TB-Ost','null','2019-09-12 16:35:57.08','2019-09-12 16:35:57.08','system_observer_tool_answer','ObserverToolAnswer','A new observation was reported by: Block3_Confirmation-CrowdTasker_Practitioner','Info','{"trialId": 13, "sessionId": 217, "answerId": 1376, "timeSendUTC": 1568298954, "timeWhen": 1568298956000, "observationTypeName": "Block3_Confirmation-CrowdTasker_Practitioner", "observervationTypeId": 1554, "observationTypeDescription": "Question set", "description": "", "multiplicity": true, "questions": [{"id": 2986, "name": "Usability: The solution supports more detailed inf", "description": "Please rate the following as compared to your daily work routine.", "answer": "Agree", "comment": "", "typeOfQuestion": "radiobutton"}, {"id": 2987, "name": "Effectiveness: I would be able to complete my task", "description": "Please rate the following as compared to your daily work routine.", "answer": "Neutral", "comment": "", "typeOfQuestion": "radiobutton"}, {"id": 2988, "name": "Efficiency: I would be able to complete my tasks f", "description": "Please rate the following as compared to your daily work routine.", "answer": "Neutral", "comment": "", "typeOfQuestion": "radiobutton"}, {"id": 2989, "name": "Efficiency: I would be able to complete my tasks m", "description": "Please rate the following as compared to your daily work routine.", "answer": "Neutral", "comment": "", "typeOfQuestion": "radiobutton"}, {"id": 2990, "name": "Satisfaction: Overall, I am satisfied with the use", "description": "Please rate the following as compared to your daily work routine.", "answer": "Agree", "comment": "", "typeOfQuestion": "radiobutton"}, {"id": 2991, "name": "Usability: The solution supports me with additiona", "description": "Please rate the following as compared to your daily work routine.", "answer": "Agree", "comment": "", "typeOfQuestion": "radiobutton"}, {"id": 2992, "name": "Effectiveness: I would be able to manage my tasks ", "description": "Please rate the following as compared to your daily work routine.", "answer": "Neutral", "comment": "", "typeOfQuestion": "radiobutton"}, {"id": 2993, "name": "The information received by crowdtasker was reliab", "description": "-", "answer": "Agree", "comment": "", "typeOfQuestion": "radiobutton"}, {"id": 2994, "name": "Usability: It would be easy to integrate this solu", "description": "Please rate the following as compared to your daily work routine.", "answer": "Neutral", "comment": "", "typeOfQuestion": "radiobutton"}, {"id": 2995, "name": "CrowdTasker allows the commander to assess the sit", "description": "-", "answer": "Agree", "comment": "", "typeOfQuestion": "radiobutton"}, {"id": 2996, "name": "CrowdTasker is technologically operational; the so", "description": "-", "answer": "Neutral", "comment": "", "typeOfQuestion": "radiobutton"}, {"id": 2997, "name": "CrowdTasker is technologically operational; the so", "description": "-", "answer": "Agree", "comment": "", "typeOfQuestion": "radiobutton"}, {"id": 2998, "name": "Helpers that are not part of an emergency organisa", "description": "-", "answer": "Neutral", "comment": "", "typeOfQuestion": "radiobutton"}, {"id": 2999, "name": "CrowdTasker\u2019s interface sufficiently supports the ", "description": "-", "answer": "Agree", "comment": "", "typeOfQuestion": "radiobutton"}, {"id": 3000, "name": "The information received by Crowdtasker was accura", "description": "-", "answer": "Agree", "comment": "", "typeOfQuestion": "radiobutton"}, {"id": 3001, "name": "There was too much information (Tasks)?", "description": "-", "answer": "Disagree", "comment": "", "typeOfQuestion": "radiobutton"}, {"id": 3002, "name": "Within the Crowdtasker there was a lot of repetiti", "description": "-", "answer": "Agree", "comment": "", "typeOfQuestion": "radiobutton"}, {"id": 3003, "name": "The information received by the Crowtasker was suf", "description": "-", "answer": "Agree", "comment": "", "typeOfQuestion": "radiobutton"}, {"id": 3004, "name": "Helpers that are not part of an emergency organisa", "description": "-", "answer": "Neutral", "comment": "", "typeOfQuestion": "radiobutton"}, {"id": 3005, "name": "Helpers that are not part of an emergency organisa", "description": "-", "answer": "Neutral", "comment": "", "typeOfQuestion": "radiobutton"}, {"id": 3006, "name": "Helpers that are not part of an emergency organisa", "description": "-", "answer": "Agree", "comment": "", "typeOfQuestion": "radiobutton"}, {"id": 3007, "name": "Reviewing the information by crowdtasker took me a", "description": "-", "answer": "Disagree", "comment": "", "typeOfQuestion": "radiobutton"}, {"id": 3008, "name": "CrowdTasker is technologically operational; the so", "description": "-", "answer": "Neutral", "comment": "", "typeOfQuestion": "radiobutton"}, {"id": 3009, "name": "The information provided by Crowdtasker was helpfu", "description": "-", "answer": "Agree", "comment": "", "typeOfQuestion": "radiobutton"}]}','null');
insert into aar_service.record (id, clientId, sessionId, createDate, trialDate, topic, recordType, headline, msgType, recordJson, recordData) values (1478,'TB-Ost','null','2019-09-12 16:36:29.47','2019-09-12 16:36:29.47','system_observer_tool_answer','ObserverToolAnswer','A new observation was reported by: Block3_Confirmation-viewTerra_Observer','Info','{"trialId": 13, "sessionId": 217, "answerId": 1377, "timeSendUTC": 1568298987, "timeWhen": 1568298988000, "observationTypeName": "Block3_Confirmation-viewTerra_Observer", "observervationTypeId": 1513, "observationTypeDescription": "Was vieWTerra Evolution able to display the photos from external sources (e.g. CrowdTasker) in its 4D Earth landscape?", "description": "", "multiplicity": true, "questions": [{"id": 3151, "name": "Was vieWTerra Evolution able to display the photos", "description": "-", "answer": "Agree", "comment": "Some more icons can be added for characterisation of types of structures (buildings, infrastructures) and level of damage. ", "typeOfQuestion": "radiobutton"}]}','null');
insert into aar_service.record (id, clientId, sessionId, createDate, trialDate, topic, recordType, headline, msgType, recordJson, recordData) values (1479,'TB-Ost','null','2019-09-12 16:37:42.761','2019-09-12 16:37:42.761','system_observer_tool_answer','ObserverToolAnswer','A new observation was reported by: Block3_Confirmation-viewTerra_Practitioner','Info','{"trialId": 13, "sessionId": 217, "answerId": 1378, "timeSendUTC": 1568299060, "timeWhen": 1568299062000, "observationTypeName": "Block3_Confirmation-viewTerra_Practitioner", "observervationTypeId": 1518, "observationTypeDescription": "Question set", "description": "", "multiplicity": true, "questions": [{"id": 3197, "name": "Effectiveness: I would be able to complete my task", "description": "Please rate the following as compared to your daily work routine.", "answer": "Neutral", "comment": "", "typeOfQuestion": "radiobutton"}, {"id": 3198, "name": "Efficiency: I would be able to complete my tasks m", "description": "Please rate the following as compared to your daily work routine.", "answer": "Neutral", "comment": "", "typeOfQuestion": "radiobutton"}, {"id": 3199, "name": "Were you able to assess the situation without any ", "description": "-", "answer": "Neutral", "comment": "", "typeOfQuestion": "radiobutton"}, {"id": 3200, "name": "The information provided by Viewterra was helpful ", "description": "-", "answer": "Agree", "comment": "", "typeOfQuestion": "radiobutton"}, {"id": 3201, "name": "Usability: The solution supports me with additiona", "description": "Please rate the following as compared to your daily work routine.", "answer": "Neutral", "comment": "", "typeOfQuestion": "radiobutton"}, {"id": 3202, "name": "Satisfaction: Overall, I am satisfied with the use", "description": "Please rate the following as compared to your daily work routine.", "answer": "Disagree", "comment": "", "typeOfQuestion": "radiobutton"}, {"id": 3203, "name": "Usability: The solution supports more detailed inf", "description": "Please rate the following as compared to your daily work routine.", "answer": "Neutral", "comment": "", "typeOfQuestion": "radiobutton"}, {"id": 3204, "name": "Efficiency: I would be able to complete my tasks f", "description": "Please rate the following as compared to your daily work routine.", "answer": "Neutral", "comment": "", "typeOfQuestion": "radiobutton"}, {"id": 3205, "name": "Effectiveness: I would be able to manage my tasks ", "description": "Please rate the following as compared to your daily work routine.", "answer": "Agree", "comment": "", "typeOfQuestion": "radiobutton"}, {"id": 3206, "name": "Understanding the 3d model of Viewterra took me a ", "description": "-", "answer": "Not applicable", "comment": "", "typeOfQuestion": "radiobutton"}, {"id": 3207, "name": "Usability: It would be easy to integrate this solu", "description": "Please rate the following as compared to your daily work routine.", "answer": "Neutral", "comment": "", "typeOfQuestion": "radiobutton"}, {"id": 3208, "name": "The information received by the Viewterra was suff", "description": "-", "answer": "Agree", "comment": "", "typeOfQuestion": "radiobutton"}, {"id": 3209, "name": "Could objects of interest easily be identified wit", "description": "-", "answer": "Not applicable", "comment": "", "typeOfQuestion": "radiobutton"}, {"id": 3210, "name": "Reviewing the 3d model of Viewterra took me a lot ", "description": "-", "answer": "Not applicable", "comment": "", "typeOfQuestion": "radiobutton"}, {"id": 3211, "name": "Within the Viewterra there was a lot of repetitive", "description": "-", "answer": "Disagree", "comment": "", "typeOfQuestion": "radiobutton"}, {"id": 3212, "name": "The combination of 3d maps with georeferenced phot", "description": "-", "answer": "Agree", "comment": "", "typeOfQuestion": "radiobutton"}, {"id": 3213, "name": "The 3d  model representation  by Viewterra was acc", "description": "-", "answer": "Agree", "comment": "", "typeOfQuestion": "radiobutton"}, {"id": 3214, "name": "Were you able to intuitively orient yourself in vi", "description": "-", "answer": "Not applicable", "comment": "", "typeOfQuestion": "radiobutton"}]}','null');
insert into aar_service.record (id, clientId, sessionId, createDate, trialDate, topic, recordType, headline, msgType, recordJson, recordData) values (1724,'TB-AARTool_FD','null','2019-09-13 08:49:28.537','2019-09-13 08:49:28.537','system_logging','Log','addCallback-->','Info','{"id": "TB-AARTool_FD", "dateTimeSent": 1568357348628, "level": "INFO", "log": "addCallback-->"}','null');
insert into aar_service.record (id, clientId, sessionId, createDate, trialDate, topic, recordType, headline, msgType, recordJson, recordData) values (1480,'TB-Ost','null','2019-09-12 16:38:21.03','2019-09-12 16:38:21.03','system_observer_tool_answer','ObserverToolAnswer','A new observation was reported by: Block3_Confirmation-viewTerra_Practitioner','Info','{"trialId": 13, "sessionId": 217, "answerId": 1379, "timeSendUTC": 1568299098, "timeWhen": 1568299100000, "observationTypeName": "Block3_Confirmation-viewTerra_Practitioner", "observervationTypeId": 1518, "observationTypeDescription": "Question set", "description": "", "multiplicity": true, "questions": [{"id": 3197, "name": "Effectiveness: I would be able to complete my task", "description": "Please rate the following as compared to your daily work routine.", "answer": "Agree", "comment": "", "typeOfQuestion": "radiobutton"}, {"id": 3198, "name": "Efficiency: I would be able to complete my tasks m", "description": "Please rate the following as compared to your daily work routine.", "answer": "Agree", "comment": "", "typeOfQuestion": "radiobutton"}, {"id": 3199, "name": "Were you able to assess the situation without any ", "description": "-", "answer": "Neutral", "comment": "", "typeOfQuestion": "radiobutton"}, {"id": 3200, "name": "The information provided by Viewterra was helpful ", "description": "-", "answer": "Agree", "comment": "", "typeOfQuestion": "radiobutton"}, {"id": 3201, "name": "Usability: The solution supports me with additiona", "description": "Please rate the following as compared to your daily work routine.", "answer": "Agree", "comment": "", "typeOfQuestion": "radiobutton"}, {"id": 3202, "name": "Satisfaction: Overall, I am satisfied with the use", "description": "Please rate the following as compared to your daily work routine.", "answer": "Agree", "comment": "", "typeOfQuestion": "radiobutton"}, {"id": 3203, "name": "Usability: The solution supports more detailed inf", "description": "Please rate the following as compared to your daily work routine.", "answer": "Agree", "comment": "", "typeOfQuestion": "radiobutton"}, {"id": 3204, "name": "Efficiency: I would be able to complete my tasks f", "description": "Please rate the following as compared to your daily work routine.", "answer": "Neutral", "comment": "", "typeOfQuestion": "radiobutton"}, {"id": 3205, "name": "Effectiveness: I would be able to manage my tasks ", "description": "Please rate the following as compared to your daily work routine.", "answer": "Agree", "comment": "", "typeOfQuestion": "radiobutton"}, {"id": 3206, "name": "Understanding the 3d model of Viewterra took me a ", "description": "-", "answer": "Disagree", "comment": "", "typeOfQuestion": "radiobutton"}, {"id": 3207, "name": "Usability: It would be easy to integrate this solu", "description": "Please rate the following as compared to your daily work routine.", "answer": "Agree", "comment": "", "typeOfQuestion": "radiobutton"}, {"id": 3208, "name": "The information received by the Viewterra was suff", "description": "-", "answer": "Agree", "comment": "", "typeOfQuestion": "radiobutton"}, {"id": 3209, "name": "Could objects of interest easily be identified wit", "description": "-", "answer": "Disagree", "comment": "", "typeOfQuestion": "radiobutton"}, {"id": 3210, "name": "Reviewing the 3d model of Viewterra took me a lot ", "description": "-", "answer": "Disagree", "comment": "", "typeOfQuestion": "radiobutton"}, {"id": 3211, "name": "Within the Viewterra there was a lot of repetitive", "description": "-", "answer": "Agree", "comment": "", "typeOfQuestion": "radiobutton"}, {"id": 3212, "name": "The combination of 3d maps with georeferenced phot", "description": "-", "answer": "Agree", "comment": "", "typeOfQuestion": "radiobutton"}, {"id": 3213, "name": "The 3d  model representation  by Viewterra was acc", "description": "-", "answer": "Agree", "comment": "", "typeOfQuestion": "radiobutton"}, {"id": 3214, "name": "Were you able to intuitively orient yourself in vi", "description": "-", "answer": "Agree", "comment": "", "typeOfQuestion": "radiobutton"}]}','null');
insert into aar_service.record (id, clientId, sessionId, createDate, trialDate, topic, recordType, headline, msgType, recordJson, recordData) values (1481,'TB-Ost','null','2019-09-12 16:39:10.59','2019-09-12 16:39:10.59','system_observer_tool_answer','ObserverToolAnswer','A new observation was reported by: Block3_Confirmation-viewTerra_Practitioner','Info','{"trialId": 13, "sessionId": 217, "answerId": 1380, "timeSendUTC": 1568299148, "timeWhen": 1568299149000, "observationTypeName": "Block3_Confirmation-viewTerra_Practitioner", "observervationTypeId": 1518, "observationTypeDescription": "Question set", "description": "", "multiplicity": true, "questions": [{"id": 3197, "name": "Effectiveness: I would be able to complete my task", "description": "Please rate the following as compared to your daily work routine.", "answer": "Agree", "comment": "", "typeOfQuestion": "radiobutton"}, {"id": 3198, "name": "Efficiency: I would be able to complete my tasks m", "description": "Please rate the following as compared to your daily work routine.", "answer": "Agree", "comment": "", "typeOfQuestion": "radiobutton"}, {"id": 3199, "name": "Were you able to assess the situation without any ", "description": "-", "answer": "Agree", "comment": "", "typeOfQuestion": "radiobutton"}, {"id": 3200, "name": "The information provided by Viewterra was helpful ", "description": "-", "answer": "Not applicable", "comment": "We were not forced to use geoinformation, it was just used for situation reports", "typeOfQuestion": "radiobutton"}, {"id": 3201, "name": "Usability: The solution supports me with additiona", "description": "Please rate the following as compared to your daily work routine.", "answer": "Agree", "comment": "", "typeOfQuestion": "radiobutton"}, {"id": 3202, "name": "Satisfaction: Overall, I am satisfied with the use", "description": "Please rate the following as compared to your daily work routine.", "answer": "Agree", "comment": "", "typeOfQuestion": "radiobutton"}, {"id": 3203, "name": "Usability: The solution supports more detailed inf", "description": "Please rate the following as compared to your daily work routine.", "answer": "Agree", "comment": "", "typeOfQuestion": "radiobutton"}, {"id": 3204, "name": "Efficiency: I would be able to complete my tasks f", "description": "Please rate the following as compared to your daily work routine.", "answer": "Strongly agree", "comment": "", "typeOfQuestion": "radiobutton"}, {"id": 3205, "name": "Effectiveness: I would be able to manage my tasks ", "description": "Please rate the following as compared to your daily work routine.", "answer": "Agree", "comment": "", "typeOfQuestion": "radiobutton"}, {"id": 3206, "name": "Understanding the 3d model of Viewterra took me a ", "description": "-", "answer": "Disagree", "comment": "", "typeOfQuestion": "radiobutton"}, {"id": 3207, "name": "Usability: It would be easy to integrate this solu", "description": "Please rate the following as compared to your daily work routine.", "answer": "Agree", "comment": "", "typeOfQuestion": "radiobutton"}, {"id": 3208, "name": "The information received by the Viewterra was suff", "description": "-", "answer": "Agree", "comment": "Needs a few improvements but yes", "typeOfQuestion": "radiobutton"}, {"id": 3209, "name": "Could objects of interest easily be identified wit", "description": "-", "answer": "Strongly agree", "comment": "", "typeOfQuestion": "radiobutton"}, {"id": 3210, "name": "Reviewing the 3d model of Viewterra took me a lot ", "description": "-", "answer": "Disagree", "comment": "", "typeOfQuestion": "radiobutton"}, {"id": 3211, "name": "Within the Viewterra there was a lot of repetitive", "description": "-", "answer": "Disagree", "comment": "", "typeOfQuestion": "radiobutton"}, {"id": 3212, "name": "The combination of 3d maps with georeferenced phot", "description": "-", "answer": "Neutral", "comment": "Haven''t had a situation where 3D was needed", "typeOfQuestion": "radiobutton"}, {"id": 3213, "name": "The 3d  model representation  by Viewterra was acc", "description": "-", "answer": "Agree", "comment": "Cannot verify", "typeOfQuestion": "radiobutton"}, {"id": 3214, "name": "Were you able to intuitively orient yourself in vi", "description": "-", "answer": "Agree", "comment": "", "typeOfQuestion": "radiobutton"}]}','null');
insert into aar_service.record (id, clientId, sessionId, createDate, trialDate, topic, recordType, headline, msgType, recordJson, recordData) values (1482,'TB-Ost','null','2019-09-12 16:42:26.767','2019-09-12 16:42:26.767','system_observer_tool_answer','ObserverToolAnswer','A new observation was reported by: Block3_Confirmation-CrowdTasker_Practitioner','Info','{"trialId": 13, "sessionId": 217, "answerId": 1381, "timeSendUTC": 1568299344, "timeWhen": 1568299346000, "observationTypeName": "Block3_Confirmation-CrowdTasker_Practitioner", "observervationTypeId": 1554, "observationTypeDescription": "Question set", "description": "", "multiplicity": true, "questions": [{"id": 2986, "name": "Usability: The solution supports more detailed inf", "description": "Please rate the following as compared to your daily work routine.", "answer": "Neutral", "comment": "", "typeOfQuestion": "radiobutton"}, {"id": 2987, "name": "Effectiveness: I would be able to complete my task", "description": "Please rate the following as compared to your daily work routine.", "answer": "Agree", "comment": "", "typeOfQuestion": "radiobutton"}, {"id": 2988, "name": "Efficiency: I would be able to complete my tasks f", "description": "Please rate the following as compared to your daily work routine.", "answer": "Neutral", "comment": "", "typeOfQuestion": "radiobutton"}, {"id": 2989, "name": "Efficiency: I would be able to complete my tasks m", "description": "Please rate the following as compared to your daily work routine.", "answer": "Agree", "comment": "", "typeOfQuestion": "radiobutton"}, {"id": 2990, "name": "Satisfaction: Overall, I am satisfied with the use", "description": "Please rate the following as compared to your daily work routine.", "answer": "Agree", "comment": "", "typeOfQuestion": "radiobutton"}, {"id": 2991, "name": "Usability: The solution supports me with additiona", "description": "Please rate the following as compared to your daily work routine.", "answer": "Agree", "comment": "", "typeOfQuestion": "radiobutton"}, {"id": 2992, "name": "Effectiveness: I would be able to manage my tasks ", "description": "Please rate the following as compared to your daily work routine.", "answer": "Neutral", "comment": "", "typeOfQuestion": "radiobutton"}, {"id": 2993, "name": "The information received by crowdtasker was reliab", "description": "-", "answer": "Agree", "comment": "", "typeOfQuestion": "radiobutton"}, {"id": 2994, "name": "Usability: It would be easy to integrate this solu", "description": "Please rate the following as compared to your daily work routine.", "answer": "Neutral", "comment": "", "typeOfQuestion": "radiobutton"}, {"id": 2995, "name": "CrowdTasker allows the commander to assess the sit", "description": "-", "answer": "Agree", "comment": "", "typeOfQuestion": "radiobutton"}, {"id": 2996, "name": "CrowdTasker is technologically operational; the so", "description": "-", "answer": "Strongly agree", "comment": "", "typeOfQuestion": "radiobutton"}, {"id": 2997, "name": "CrowdTasker is technologically operational; the so", "description": "-", "answer": "Not applicable", "comment": "I can''t answer, I was not a voalunteer", "typeOfQuestion": "radiobutton"}, {"id": 2998, "name": "Helpers that are not part of an emergency organisa", "description": "-", "answer": "Agree", "comment": "", "typeOfQuestion": "radiobutton"}, {"id": 2999, "name": "CrowdTasker\u2019s interface sufficiently supports the ", "description": "-", "answer": "Neutral", "comment": "", "typeOfQuestion": "radiobutton"}, {"id": 3000, "name": "The information received by Crowdtasker was accura", "description": "-", "answer": "Agree", "comment": "", "typeOfQuestion": "radiobutton"}, {"id": 3001, "name": "There was too much information (Tasks)?", "description": "-", "answer": "Agree", "comment": "", "typeOfQuestion": "radiobutton"}, {"id": 3002, "name": "Within the Crowdtasker there was a lot of repetiti", "description": "-", "answer": "Not applicable", "comment": "", "typeOfQuestion": "radiobutton"}, {"id": 3003, "name": "The information received by the Crowtasker was suf", "description": "-", "answer": "Agree", "comment": "", "typeOfQuestion": "radiobutton"}, {"id": 3004, "name": "Helpers that are not part of an emergency organisa", "description": "-", "answer": "Neutral", "comment": "", "typeOfQuestion": "radiobutton"}, {"id": 3005, "name": "Helpers that are not part of an emergency organisa", "description": "-", "answer": "Agree", "comment": "", "typeOfQuestion": "radiobutton"}, {"id": 3006, "name": "Helpers that are not part of an emergency organisa", "description": "-", "answer": "Agree", "comment": "", "typeOfQuestion": "radiobutton"}, {"id": 3007, "name": "Reviewing the information by crowdtasker took me a", "description": "-", "answer": "Disagree", "comment": "", "typeOfQuestion": "radiobutton"}, {"id": 3008, "name": "CrowdTasker is technologically operational; the so", "description": "-", "answer": "Agree", "comment": "", "typeOfQuestion": "radiobutton"}, {"id": 3009, "name": "The information provided by Crowdtasker was helpfu", "description": "-", "answer": "Agree", "comment": "", "typeOfQuestion": "radiobutton"}]}','null');
insert into aar_service.record (id, clientId, sessionId, createDate, trialDate, topic, recordType, headline, msgType, recordJson, recordData) values (1483,'TB-Ost','null','2019-09-12 16:43:07.798','2019-09-12 16:43:07.798','system_observer_tool_answer','ObserverToolAnswer','A new observation was reported by: Block3_Confirmation-CrowdTasker_Practitioner','Info','{"trialId": 13, "sessionId": 217, "answerId": 1382, "timeSendUTC": 1568299385, "timeWhen": 1568299387000, "observationTypeName": "Block3_Confirmation-CrowdTasker_Practitioner", "observervationTypeId": 1554, "observationTypeDescription": "Question set", "description": "", "multiplicity": true, "questions": [{"id": 2986, "name": "Usability: The solution supports more detailed inf", "description": "Please rate the following as compared to your daily work routine.", "answer": "Strongly agree", "comment": "", "typeOfQuestion": "radiobutton"}, {"id": 2987, "name": "Effectiveness: I would be able to complete my task", "description": "Please rate the following as compared to your daily work routine.", "answer": "Strongly agree", "comment": "", "typeOfQuestion": "radiobutton"}, {"id": 2988, "name": "Efficiency: I would be able to complete my tasks f", "description": "Please rate the following as compared to your daily work routine.", "answer": "Strongly agree", "comment": "", "typeOfQuestion": "radiobutton"}, {"id": 2989, "name": "Efficiency: I would be able to complete my tasks m", "description": "Please rate the following as compared to your daily work routine.", "answer": "Neutral", "comment": "", "typeOfQuestion": "radiobutton"}, {"id": 2990, "name": "Satisfaction: Overall, I am satisfied with the use", "description": "Please rate the following as compared to your daily work routine.", "answer": "Agree", "comment": "", "typeOfQuestion": "radiobutton"}, {"id": 2991, "name": "Usability: The solution supports me with additiona", "description": "Please rate the following as compared to your daily work routine.", "answer": "Strongly agree", "comment": "", "typeOfQuestion": "radiobutton"}, {"id": 2992, "name": "Effectiveness: I would be able to manage my tasks ", "description": "Please rate the following as compared to your daily work routine.", "answer": "Strongly agree", "comment": "", "typeOfQuestion": "radiobutton"}, {"id": 2993, "name": "The information received by crowdtasker was reliab", "description": "-", "answer": "Neutral", "comment": "Has to be verified", "typeOfQuestion": "radiobutton"}, {"id": 2994, "name": "Usability: It would be easy to integrate this solu", "description": "Please rate the following as compared to your daily work routine.", "answer": "Agree", "comment": "", "typeOfQuestion": "radiobutton"}, {"id": 2995, "name": "CrowdTasker allows the commander to assess the sit", "description": "-", "answer": "Strongly agree", "comment": "", "typeOfQuestion": "radiobutton"}, {"id": 2996, "name": "CrowdTasker is technologically operational; the so", "description": "-", "answer": "Agree", "comment": "", "typeOfQuestion": "radiobutton"}, {"id": 2997, "name": "CrowdTasker is technologically operational; the so", "description": "-", "answer": "Not applicable", "comment": "Not used the tool myself", "typeOfQuestion": "radiobutton"}, {"id": 2998, "name": "Helpers that are not part of an emergency organisa", "description": "-", "answer": "Strongly agree", "comment": "", "typeOfQuestion": "radiobutton"}, {"id": 2999, "name": "CrowdTasker\u2019s interface sufficiently supports the ", "description": "-", "answer": "Not applicable", "comment": "Not used the tool myself", "typeOfQuestion": "radiobutton"}, {"id": 3000, "name": "The information received by Crowdtasker was accura", "description": "-", "answer": "Agree", "comment": "", "typeOfQuestion": "radiobutton"}, {"id": 3001, "name": "There was too much information (Tasks)?", "description": "-", "answer": "Not applicable", "comment": "Not used the tool myself", "typeOfQuestion": "radiobutton"}, {"id": 3002, "name": "Within the Crowdtasker there was a lot of repetiti", "description": "-", "answer": "Disagree", "comment": "", "typeOfQuestion": "radiobutton"}, {"id": 3003, "name": "The information received by the Crowtasker was suf", "description": "-", "answer": "Agree", "comment": "", "typeOfQuestion": "radiobutton"}, {"id": 3004, "name": "Helpers that are not part of an emergency organisa", "description": "-", "answer": "Agree", "comment": "But have other advantages", "typeOfQuestion": "radiobutton"}, {"id": 3005, "name": "Helpers that are not part of an emergency organisa", "description": "-", "answer": "Strongly agree", "comment": "", "typeOfQuestion": "radiobutton"}, {"id": 3006, "name": "Helpers that are not part of an emergency organisa", "description": "-", "answer": "Strongly agree", "comment": "", "typeOfQuestion": "radiobutton"}, {"id": 3007, "name": "Reviewing the information by crowdtasker took me a", "description": "-", "answer": "Disagree", "comment": "", "typeOfQuestion": "radiobutton"}, {"id": 3008, "name": "CrowdTasker is technologically operational; the so", "description": "-", "answer": "Not applicable", "comment": "Not used the tool myself", "typeOfQuestion": "radiobutton"}, {"id": 3009, "name": "The information provided by Crowdtasker was helpfu", "description": "-", "answer": "Agree", "comment": "", "typeOfQuestion": "radiobutton"}]}','null');
insert into aar_service.record (id, clientId, sessionId, createDate, trialDate, topic, recordType, headline, msgType, recordJson, recordData) values (1484,'TB-Ost','null','2019-09-12 16:55:34.125','2019-09-12 16:55:34.125','system_observer_tool_answer','ObserverToolAnswer','A new observation was reported by: Block3_Confirmation-CrowdTasker_Field observer','Info','{"trialId": 13, "sessionId": 220, "answerId": 1383, "timeSendUTC": 1568300131, "timeWhen": 1568295621000, "observationTypeName": "Block3_Confirmation-CrowdTasker_Field observer", "observervationTypeId": 1544, "observationTypeDescription": "How many years of professional experience do you have in crisis management? ", "description": "", "multiplicity": true, "questions": [{"id": 2904, "name": "How many years of professional experience do you h", "description": "-", "answer": "More than 15 years", "comment": "", "typeOfQuestion": "radiobutton"}]}','null');
insert into aar_service.record (id, clientId, sessionId, createDate, trialDate, topic, recordType, headline, msgType, recordJson, recordData) values (1485,'TB-Ost','null','2019-09-12 16:55:34.251','2019-09-12 16:55:34.251','system_observer_tool_answer','ObserverToolAnswer','A new observation was reported by: Block3_Confirmation-CrowdTasker_Field observer','Info','{"trialId": 13, "sessionId": 220, "answerId": 1384, "timeSendUTC": 1568300131, "timeWhen": 1568295623000, "observationTypeName": "Block3_Confirmation-CrowdTasker_Field observer", "observervationTypeId": 1544, "observationTypeDescription": "How many years of professional experience do you have in crisis management? ", "description": "", "multiplicity": true, "questions": [{"id": 2904, "name": "How many years of professional experience do you h", "description": "-", "answer": "More than 15 years", "comment": "", "typeOfQuestion": "radiobutton"}]}','null');
insert into aar_service.record (id, clientId, sessionId, createDate, trialDate, topic, recordType, headline, msgType, recordJson, recordData) values (1486,'TB-Ost','null','2019-09-12 16:55:34.388','2019-09-12 16:55:34.388','system_observer_tool_answer','ObserverToolAnswer','A new observation was reported by: Block3_Confirmation-CrowdTasker_Field observer','Info','{"trialId": 13, "sessionId": 220, "answerId": 1385, "timeSendUTC": 1568300131, "timeWhen": 1568295625000, "observationTypeName": "Block3_Confirmation-CrowdTasker_Field observer", "observervationTypeId": 1544, "observationTypeDescription": "How many years of professional experience do you have in crisis management? ", "description": "", "multiplicity": true, "questions": [{"id": 2904, "name": "How many years of professional experience do you h", "description": "-", "answer": "More than 15 years", "comment": "", "typeOfQuestion": "radiobutton"}]}','null');
insert into aar_service.record (id, clientId, sessionId, createDate, trialDate, topic, recordType, headline, msgType, recordJson, recordData) values (1639,'TB-AARTool_FD','null','2019-09-13 08:44:07.34','2019-09-13 08:44:07.34','system_logging','Log','New Generic Callback Consumer created for topic: system_logging','Info','{"id": "TB-AARTool_FD", "dateTimeSent": 1568357039663, "level": "INFO", "log": "New Generic Callback Consumer created for topic: system_logging"}','null');
insert into aar_service.record (id, clientId, sessionId, createDate, trialDate, topic, recordType, headline, msgType, recordJson, recordData) values (1487,'TB-Ost','null','2019-09-12 16:55:34.519','2019-09-12 16:55:34.519','system_observer_tool_answer','ObserverToolAnswer','A new observation was reported by: Block3_Confirmation-CrowdTasker_Field observer','Info','{"trialId": 13, "sessionId": 220, "answerId": 1386, "timeSendUTC": 1568300131, "timeWhen": 1568295661000, "observationTypeName": "Block3_Confirmation-CrowdTasker_Field observer", "observervationTypeId": 1544, "observationTypeDescription": "How many years of professional experience do you have in crisis management? ", "description": "", "multiplicity": true, "questions": [{"id": 2904, "name": "How many years of professional experience do you h", "description": "-", "answer": "More than 15 years", "comment": "", "typeOfQuestion": "radiobutton"}]}','null');
insert into aar_service.record (id, clientId, sessionId, createDate, trialDate, topic, recordType, headline, msgType, recordJson, recordData) values (1488,'TB-Ost','null','2019-09-12 16:55:34.649','2019-09-12 16:55:34.649','system_observer_tool_answer','ObserverToolAnswer','A new observation was reported by: Block3_Confirmation-CrowdTasker_Field observer','Info','{"trialId": 13, "sessionId": 220, "answerId": 1387, "timeSendUTC": 1568300131, "timeWhen": 1568295660000, "observationTypeName": "Block3_Confirmation-CrowdTasker_Field observer", "observervationTypeId": 1544, "observationTypeDescription": "How many years of professional experience do you have in crisis management? ", "description": "", "multiplicity": true, "questions": [{"id": 2904, "name": "How many years of professional experience do you h", "description": "-", "answer": "More than 15 years", "comment": "", "typeOfQuestion": "radiobutton"}]}','null');
insert into aar_service.record (id, clientId, sessionId, createDate, trialDate, topic, recordType, headline, msgType, recordJson, recordData) values (1489,'TB-Ost','null','2019-09-12 16:55:34.788','2019-09-12 16:55:34.788','system_observer_tool_answer','ObserverToolAnswer','A new observation was reported by: Block3_Confirmation-CrowdTasker_Field observer','Info','{"trialId": 13, "sessionId": 220, "answerId": 1388, "timeSendUTC": 1568300132, "timeWhen": 1568295848000, "observationTypeName": "Block3_Confirmation-CrowdTasker_Field observer", "observervationTypeId": 1545, "observationTypeDescription": "How much would you agree with the statement that you have experience and knowledge regarding volunteer management?", "description": "", "multiplicity": true, "questions": [{"id": 2906, "name": "How much would you agree with the statement that y", "description": "-", "answer": "Agree", "comment": "I was working with volunteers in several disasters and projected", "typeOfQuestion": "radiobutton"}]}','null');
insert into aar_service.record (id, clientId, sessionId, createDate, trialDate, topic, recordType, headline, msgType, recordJson, recordData) values (1490,'TB-Ost','null','2019-09-12 16:55:34.917','2019-09-12 16:55:34.917','system_observer_tool_answer','ObserverToolAnswer','A new observation was reported by: Block3_Confirmation-CrowdTasker_Field observer','Info','{"trialId": 13, "sessionId": 220, "answerId": 1389, "timeSendUTC": 1568300132, "timeWhen": 1568295671000, "observationTypeName": "Block3_Confirmation-CrowdTasker_Field observer", "observervationTypeId": 1544, "observationTypeDescription": "How many years of professional experience do you have in crisis management? ", "description": "", "multiplicity": true, "questions": [{"id": 2904, "name": "How many years of professional experience do you h", "description": "-", "answer": "More than 15 years", "comment": "", "typeOfQuestion": "radiobutton"}]}','null');
insert into aar_service.record (id, clientId, sessionId, createDate, trialDate, topic, recordType, headline, msgType, recordJson, recordData) values (1491,'TB-Ost','null','2019-09-12 16:55:35.047','2019-09-12 16:55:35.047','system_observer_tool_answer','ObserverToolAnswer','A new observation was reported by: Block3_Confirmation-CrowdTasker_Field observer','Info','{"trialId": 13, "sessionId": 220, "answerId": 1391, "timeSendUTC": 1568300132, "timeWhen": 1568295884000, "observationTypeName": "Block3_Confirmation-CrowdTasker_Field observer", "observervationTypeId": 1545, "observationTypeDescription": "How much would you agree with the statement that you have experience and knowledge regarding volunteer management?", "description": "", "multiplicity": true, "questions": [{"id": 2906, "name": "How much would you agree with the statement that y", "description": "-", "answer": "Agree", "comment": "I was working with volunteers in several disasters and projects", "typeOfQuestion": "radiobutton"}]}','null');
insert into aar_service.record (id, clientId, sessionId, createDate, trialDate, topic, recordType, headline, msgType, recordJson, recordData) values (1492,'TB-Ost','null','2019-09-12 16:55:35.181','2019-09-12 16:55:35.181','system_observer_tool_answer','ObserverToolAnswer','A new observation was reported by: Block3_Confirmation-CrowdTasker_Field observer','Info','{"trialId": 13, "sessionId": 220, "answerId": 1390, "timeSendUTC": 1568300132, "timeWhen": 1568295691000, "observationTypeName": "Block3_Confirmation-CrowdTasker_Field observer", "observervationTypeId": 1544, "observationTypeDescription": "How many years of professional experience do you have in crisis management? ", "description": "", "multiplicity": true, "questions": [{"id": 2904, "name": "How many years of professional experience do you h", "description": "-", "answer": "More than 15 years", "comment": "", "typeOfQuestion": "radiobutton"}]}','null');
insert into aar_service.record (id, clientId, sessionId, createDate, trialDate, topic, recordType, headline, msgType, recordJson, recordData) values (1493,'TB-Ost','null','2019-09-12 16:55:35.318','2019-09-12 16:55:35.318','system_observer_tool_answer','ObserverToolAnswer','A new observation was reported by: Block3_Confirmation-CrowdTasker_Field observer','Info','{"trialId": 13, "sessionId": 220, "answerId": 1392, "timeSendUTC": 1568300132, "timeWhen": 1568298747000, "observationTypeName": "Block3_Confirmation-CrowdTasker_Field observer", "observervationTypeId": 1545, "observationTypeDescription": "How much would you agree with the statement that you have experience and knowledge regarding volunteer management?", "description": "", "multiplicity": true, "questions": [{"id": 2906, "name": "How much would you agree with the statement that y", "description": "-", "answer": "Agree", "comment": "", "typeOfQuestion": "radiobutton"}]}','null');
insert into aar_service.record (id, clientId, sessionId, createDate, trialDate, topic, recordType, headline, msgType, recordJson, recordData) values (1494,'TB-Ost','null','2019-09-12 16:55:35.448','2019-09-12 16:55:35.448','system_observer_tool_answer','ObserverToolAnswer','A new observation was reported by: Block3_Confirmation-CrowdTasker_Field observer','Info','{"trialId": 13, "sessionId": 220, "answerId": 1393, "timeSendUTC": 1568300132, "timeWhen": 1568298821000, "observationTypeName": "Block3_Confirmation-CrowdTasker_Field observer", "observervationTypeId": 1547, "observationTypeDescription": "Volunteers can understand the tasks that they receive through the CrowdTasker mobile application.", "description": "", "multiplicity": true, "questions": [{"id": 2907, "name": "Volunteers can understand the tasks that they rece", "description": "-", "answer": "Agree", "comment": "Well understood and task executed", "typeOfQuestion": "radiobutton"}]}','null');
insert into aar_service.record (id, clientId, sessionId, createDate, trialDate, topic, recordType, headline, msgType, recordJson, recordData) values (1495,'TB-Ost','null','2019-09-12 16:55:35.583','2019-09-12 16:55:35.583','system_observer_tool_answer','ObserverToolAnswer','A new observation was reported by: Block3_Confirmation-CrowdTasker_Field observer','Info','{"trialId": 13, "sessionId": 220, "answerId": 1394, "timeSendUTC": 1568300132, "timeWhen": 1568298934000, "observationTypeName": "Block3_Confirmation-CrowdTasker_Field observer", "observervationTypeId": 1548, "observationTypeDescription": "The user interface of the CrowdTasker smartphone application sufficiently supports volunteers in executing the tasks they receive.", "description": "", "multiplicity": true, "questions": [{"id": 2902, "name": "The user interface of the CrowdTasker smartphone a", "description": "-", "answer": "Agree", "comment": "On some issu", "typeOfQuestion": "radiobutton"}]}','null');
insert into aar_service.record (id, clientId, sessionId, createDate, trialDate, topic, recordType, headline, msgType, recordJson, recordData) values (1496,'TB-Ost','null','2019-09-12 16:55:35.71','2019-09-12 16:55:35.71','system_observer_tool_answer','ObserverToolAnswer','A new observation was reported by: Block3_Confirmation-CrowdTasker_Field observer','Info','{"trialId": 13, "sessionId": 220, "answerId": 1395, "timeSendUTC": 1568300132, "timeWhen": 1568299044000, "observationTypeName": "Block3_Confirmation-CrowdTasker_Field observer", "observervationTypeId": 1548, "observationTypeDescription": "The user interface of the CrowdTasker smartphone application sufficiently supports volunteers in executing the tasks they receive.", "description": "", "multiplicity": true, "questions": [{"id": 2902, "name": "The user interface of the CrowdTasker smartphone a", "description": "-", "answer": "Neutral", "comment": "On some issues additional  guidance could be provided", "typeOfQuestion": "radiobutton"}]}','null');
insert into aar_service.record (id, clientId, sessionId, createDate, trialDate, topic, recordType, headline, msgType, recordJson, recordData) values (1497,'TB-Ost','null','2019-09-12 16:55:35.842','2019-09-12 16:55:35.842','system_observer_tool_answer','ObserverToolAnswer','A new observation was reported by: Block3_Confirmation-CrowdTasker_Field observer','Info','{"trialId": 13, "sessionId": 220, "answerId": 1396, "timeSendUTC": 1568300132, "timeWhen": 1568299081000, "observationTypeName": "Block3_Confirmation-CrowdTasker_Field observer", "observervationTypeId": 1549, "observationTypeDescription": "If volunteer is using chatbot instead of the app: the CrowdTasker Telegram chatbot is technologically operational (i.e. volunteers can receive tasks and execute them via the Telegram chatbot).", "description": "", "multiplicity": true, "questions": [{"id": 2909, "name": "If volunteer is using chatbot instead of the app: ", "description": "-", "answer": "Not applicable", "comment": "", "typeOfQuestion": "radiobutton"}]}','null');
insert into aar_service.record (id, clientId, sessionId, createDate, trialDate, topic, recordType, headline, msgType, recordJson, recordData) values (1498,'TB-Ost','null','2019-09-12 16:55:35.984','2019-09-12 16:55:35.984','system_observer_tool_answer','ObserverToolAnswer','A new observation was reported by: Block3_Confirmation-CrowdTasker_Field observer','Info','{"trialId": 13, "sessionId": 220, "answerId": 1397, "timeSendUTC": 1568300132, "timeWhen": 1568299085000, "observationTypeName": "Block3_Confirmation-CrowdTasker_Field observer", "observervationTypeId": 1549, "observationTypeDescription": "If volunteer is using chatbot instead of the app: the CrowdTasker Telegram chatbot is technologically operational (i.e. volunteers can receive tasks and execute them via the Telegram chatbot).", "description": "", "multiplicity": true, "questions": [{"id": 2909, "name": "If volunteer is using chatbot instead of the app: ", "description": "-", "answer": "Not applicable", "comment": "", "typeOfQuestion": "radiobutton"}]}','null');
insert into aar_service.record (id, clientId, sessionId, createDate, trialDate, topic, recordType, headline, msgType, recordJson, recordData) values (1499,'TB-Ost','null','2019-09-12 16:55:36.118','2019-09-12 16:55:36.118','system_observer_tool_answer','ObserverToolAnswer','A new observation was reported by: Block3_Confirmation-CrowdTasker_Field observer','Info','{"trialId": 13, "sessionId": 220, "answerId": 1398, "timeSendUTC": 1568300132, "timeWhen": 1568299087000, "observationTypeName": "Block3_Confirmation-CrowdTasker_Field observer", "observervationTypeId": 1549, "observationTypeDescription": "If volunteer is using chatbot instead of the app: the CrowdTasker Telegram chatbot is technologically operational (i.e. volunteers can receive tasks and execute them via the Telegram chatbot).", "description": "", "multiplicity": true, "questions": [{"id": 2909, "name": "If volunteer is using chatbot instead of the app: ", "description": "-", "answer": "Not applicable", "comment": "", "typeOfQuestion": "radiobutton"}]}','null');
insert into aar_service.record (id, clientId, sessionId, createDate, trialDate, topic, recordType, headline, msgType, recordJson, recordData) values (1500,'TB-Ost','null','2019-09-12 16:55:36.252','2019-09-12 16:55:36.252','system_observer_tool_answer','ObserverToolAnswer','A new observation was reported by: Block3_Confirmation-CrowdTasker_Field observer','Info','{"trialId": 13, "sessionId": 220, "answerId": 1399, "timeSendUTC": 1568300132, "timeWhen": 1568299090000, "observationTypeName": "Block3_Confirmation-CrowdTasker_Field observer", "observervationTypeId": 1549, "observationTypeDescription": "If volunteer is using chatbot instead of the app: the CrowdTasker Telegram chatbot is technologically operational (i.e. volunteers can receive tasks and execute them via the Telegram chatbot).", "description": "", "multiplicity": true, "questions": [{"id": 2909, "name": "If volunteer is using chatbot instead of the app: ", "description": "-", "answer": "Not applicable", "comment": "", "typeOfQuestion": "radiobutton"}]}','null');
insert into aar_service.record (id, clientId, sessionId, createDate, trialDate, topic, recordType, headline, msgType, recordJson, recordData) values (1501,'TB-Ost','null','2019-09-12 16:55:36.379','2019-09-12 16:55:36.379','system_observer_tool_answer','ObserverToolAnswer','A new observation was reported by: Block3_Confirmation-CrowdTasker_Field observer','Info','{"trialId": 13, "sessionId": 220, "answerId": 1400, "timeSendUTC": 1568300132, "timeWhen": 1568299088000, "observationTypeName": "Block3_Confirmation-CrowdTasker_Field observer", "observervationTypeId": 1549, "observationTypeDescription": "If volunteer is using chatbot instead of the app: the CrowdTasker Telegram chatbot is technologically operational (i.e. volunteers can receive tasks and execute them via the Telegram chatbot).", "description": "", "multiplicity": true, "questions": [{"id": 2909, "name": "If volunteer is using chatbot instead of the app: ", "description": "-", "answer": "Not applicable", "comment": "", "typeOfQuestion": "radiobutton"}]}','null');
insert into aar_service.record (id, clientId, sessionId, createDate, trialDate, topic, recordType, headline, msgType, recordJson, recordData) values (1502,'TB-Ost','null','2019-09-12 16:55:36.513','2019-09-12 16:55:36.513','system_observer_tool_answer','ObserverToolAnswer','A new observation was reported by: Block3_Confirmation-CrowdTasker_Field observer','Info','{"trialId": 13, "sessionId": 220, "answerId": 1401, "timeSendUTC": 1568300132, "timeWhen": 1568299093000, "observationTypeName": "Block3_Confirmation-CrowdTasker_Field observer", "observervationTypeId": 1549, "observationTypeDescription": "If volunteer is using chatbot instead of the app: the CrowdTasker Telegram chatbot is technologically operational (i.e. volunteers can receive tasks and execute them via the Telegram chatbot).", "description": "", "multiplicity": true, "questions": [{"id": 2909, "name": "If volunteer is using chatbot instead of the app: ", "description": "-", "answer": "Not applicable", "comment": "", "typeOfQuestion": "radiobutton"}]}','null');
insert into aar_service.record (id, clientId, sessionId, createDate, trialDate, topic, recordType, headline, msgType, recordJson, recordData) values (1503,'TB-Ost','null','2019-09-12 16:55:36.643','2019-09-12 16:55:36.643','system_observer_tool_answer','ObserverToolAnswer','A new observation was reported by: Block3_Confirmation-CrowdTasker_Field observer','Info','{"trialId": 13, "sessionId": 220, "answerId": 1402, "timeSendUTC": 1568300132, "timeWhen": 1568299098000, "observationTypeName": "Block3_Confirmation-CrowdTasker_Field observer", "observervationTypeId": 1549, "observationTypeDescription": "If volunteer is using chatbot instead of the app: the CrowdTasker Telegram chatbot is technologically operational (i.e. volunteers can receive tasks and execute them via the Telegram chatbot).", "description": "", "multiplicity": true, "questions": [{"id": 2909, "name": "If volunteer is using chatbot instead of the app: ", "description": "-", "answer": "Not applicable", "comment": "", "typeOfQuestion": "radiobutton"}]}','null');
insert into aar_service.record (id, clientId, sessionId, createDate, trialDate, topic, recordType, headline, msgType, recordJson, recordData) values (1504,'TB-Ost','null','2019-09-12 16:55:36.782','2019-09-12 16:55:36.782','system_observer_tool_answer','ObserverToolAnswer','A new observation was reported by: Block3_Confirmation-CrowdTasker_Field observer','Info','{"trialId": 13, "sessionId": 220, "answerId": 1403, "timeSendUTC": 1568300132, "timeWhen": 1568299105000, "observationTypeName": "Block3_Confirmation-CrowdTasker_Field observer", "observervationTypeId": 1549, "observationTypeDescription": "If volunteer is using chatbot instead of the app: the CrowdTasker Telegram chatbot is technologically operational (i.e. volunteers can receive tasks and execute them via the Telegram chatbot).", "description": "", "multiplicity": true, "questions": [{"id": 2909, "name": "If volunteer is using chatbot instead of the app: ", "description": "-", "answer": "Not applicable", "comment": "", "typeOfQuestion": "radiobutton"}]}','null');
insert into aar_service.record (id, clientId, sessionId, createDate, trialDate, topic, recordType, headline, msgType, recordJson, recordData) values (1505,'TB-Ost','null','2019-09-12 16:55:36.929','2019-09-12 16:55:36.929','system_observer_tool_answer','ObserverToolAnswer','A new observation was reported by: Block3_Confirmation-CrowdTasker_Field observer','Info','{"trialId": 13, "sessionId": 220, "answerId": 1404, "timeSendUTC": 1568300132, "timeWhen": 1568299136000, "observationTypeName": "Block3_Confirmation-CrowdTasker_Field observer", "observervationTypeId": 1550, "observationTypeDescription": "If volunteer is using chatbot instead of the app: Interaction with the CrowdTasker chatbot sufficiently supports volunteers in executing the tasks they receive (i.e., volunteers can adequately execute the tasks they receive via the chatbot)\u201D.", "description": "", "multiplicity": true, "questions": [{"id": 2905, "name": "If volunteer is using chatbot instead of the app: ", "description": "-", "answer": "Not applicable", "comment": "", "typeOfQuestion": "radiobutton"}]}','null');
insert into aar_service.record (id, clientId, sessionId, createDate, trialDate, topic, recordType, headline, msgType, recordJson, recordData) values (1640,'TB-AARTool_FD','null','2019-09-13 08:44:07.465','2019-09-13 08:44:07.465','system_logging','Log','The AARService is up!','Info','{"id": "TB-AARTool_FD", "dateTimeSent": 1568357039678, "level": "INFO", "log": "The AARService is up!"}','null');
insert into aar_service.record (id, clientId, sessionId, createDate, trialDate, topic, recordType, headline, msgType, recordJson, recordData) values (1506,'TB-Ost','null','2019-09-12 16:55:37.059','2019-09-12 16:55:37.059','system_observer_tool_answer','ObserverToolAnswer','A new observation was reported by: Block3_Confirmation-CrowdTasker_Field observer','Info','{"trialId": 13, "sessionId": 220, "answerId": 1405, "timeSendUTC": 1568300132, "timeWhen": 1568299155000, "observationTypeName": "Block3_Confirmation-CrowdTasker_Field observer", "observervationTypeId": 1550, "observationTypeDescription": "If volunteer is using chatbot instead of the app: Interaction with the CrowdTasker chatbot sufficiently supports volunteers in executing the tasks they receive (i.e., volunteers can adequately execute the tasks they receive via the chatbot)\u201D.", "description": "", "multiplicity": true, "questions": [{"id": 2905, "name": "If volunteer is using chatbot instead of the app: ", "description": "-", "answer": "Not applicable", "comment": "Not tested", "typeOfQuestion": "radiobutton"}]}','null');
insert into aar_service.record (id, clientId, sessionId, createDate, trialDate, topic, recordType, headline, msgType, recordJson, recordData) values (1507,'TB-Ost','null','2019-09-12 16:55:37.199','2019-09-12 16:55:37.199','system_observer_tool_answer','ObserverToolAnswer','A new observation was reported by: Block3_Confirmation-CrowdTasker_Field observer','Info','{"trialId": 13, "sessionId": 220, "answerId": 1406, "timeSendUTC": 1568300132, "timeWhen": 1568299158000, "observationTypeName": "Block3_Confirmation-CrowdTasker_Field observer", "observervationTypeId": 1550, "observationTypeDescription": "If volunteer is using chatbot instead of the app: Interaction with the CrowdTasker chatbot sufficiently supports volunteers in executing the tasks they receive (i.e., volunteers can adequately execute the tasks they receive via the chatbot)\u201D.", "description": "", "multiplicity": true, "questions": [{"id": 2905, "name": "If volunteer is using chatbot instead of the app: ", "description": "-", "answer": "Not applicable", "comment": "Not tested", "typeOfQuestion": "radiobutton"}]}','null');
insert into aar_service.record (id, clientId, sessionId, createDate, trialDate, topic, recordType, headline, msgType, recordJson, recordData) values (1508,'TB-Ost','null','2019-09-12 16:55:37.335','2019-09-12 16:55:37.335','system_observer_tool_answer','ObserverToolAnswer','A new observation was reported by: Block3_Confirmation-CrowdTasker_Field observer','Info','{"trialId": 13, "sessionId": 220, "answerId": 1407, "timeSendUTC": 1568300132, "timeWhen": 1568299447000, "observationTypeName": "Block3_Confirmation-CrowdTasker_Field observer", "observervationTypeId": 1552, "observationTypeDescription": "Volunters were acting safely (being careful when crossing streets, taking photos from a safe distance).", "description": "", "multiplicity": true, "questions": [{"id": 2910, "name": "Volunters were acting safely (being careful when c", "description": "-", "answer": "[Agree]", "comment": "Very safely", "typeOfQuestion": "checkbox"}]}','null');
insert into aar_service.record (id, clientId, sessionId, createDate, trialDate, topic, recordType, headline, msgType, recordJson, recordData) values (1509,'TB-Ost','null','2019-09-12 16:55:37.468','2019-09-12 16:55:37.468','system_observer_tool_answer','ObserverToolAnswer','A new observation was reported by: Block3_Confirmation-CrowdTasker_Field observer','Info','{"trialId": 13, "sessionId": 220, "answerId": 1408, "timeSendUTC": 1568300132, "timeWhen": 1568299357000, "observationTypeName": "Block3_Confirmation-CrowdTasker_Field observer", "observervationTypeId": 1551, "observationTypeDescription": "The volunteers know what to do when they get a task by crowdtasker.", "description": "", "multiplicity": true, "questions": [{"id": 2908, "name": "The volunteers know what to do when they get a tas", "description": "-", "answer": "[Agree]", "comment": "They knew depending on the level of their knowledge", "typeOfQuestion": "checkbox"}]}','null');
insert into aar_service.record (id, clientId, sessionId, createDate, trialDate, topic, recordType, headline, msgType, recordJson, recordData) values (1510,'TB-Ost','null','2019-09-12 16:55:37.604','2019-09-12 16:55:37.604','system_observer_tool_answer','ObserverToolAnswer','A new observation was reported by: Block3_Confirmation-CrowdTasker_Field observer','Info','{"trialId": 13, "sessionId": 220, "answerId": 1409, "timeSendUTC": 1568300132, "timeWhen": 1568299351000, "observationTypeName": "Block3_Confirmation-CrowdTasker_Field observer", "observervationTypeId": 1551, "observationTypeDescription": "The volunteers know what to do when they get a task by crowdtasker.", "description": "", "multiplicity": true, "questions": [{"id": 2908, "name": "The volunteers know what to do when they get a tas", "description": "-", "answer": "[Agree]", "comment": "They knew depending on the level of their knowledge", "typeOfQuestion": "checkbox"}]}','null');
insert into aar_service.record (id, clientId, sessionId, createDate, trialDate, topic, recordType, headline, msgType, recordJson, recordData) values (1511,'TB-Ost','null','2019-09-12 16:55:37.746','2019-09-12 16:55:37.746','system_observer_tool_answer','ObserverToolAnswer','A new observation was reported by: Block3_Confirmation-CrowdTasker_Field observer','Info','{"trialId": 13, "sessionId": 220, "answerId": 1410, "timeSendUTC": 1568300132, "timeWhen": 1568299451000, "observationTypeName": "Block3_Confirmation-CrowdTasker_Field observer", "observervationTypeId": 1552, "observationTypeDescription": "Volunters were acting safely (being careful when crossing streets, taking photos from a safe distance).", "description": "", "multiplicity": true, "questions": [{"id": 2910, "name": "Volunters were acting safely (being careful when c", "description": "-", "answer": "[Agree]", "comment": "Very safely", "typeOfQuestion": "checkbox"}]}','null');
insert into aar_service.record (id, clientId, sessionId, createDate, trialDate, topic, recordType, headline, msgType, recordJson, recordData) values (1512,'TB-Ost','null','2019-09-12 16:55:37.876','2019-09-12 16:55:37.876','system_observer_tool_answer','ObserverToolAnswer','A new observation was reported by: Block3_Confirmation-CrowdTasker_Field observer','Info','{"trialId": 13, "sessionId": 220, "answerId": 1411, "timeSendUTC": 1568300132, "timeWhen": 1568299452000, "observationTypeName": "Block3_Confirmation-CrowdTasker_Field observer", "observervationTypeId": 1552, "observationTypeDescription": "Volunters were acting safely (being careful when crossing streets, taking photos from a safe distance).", "description": "", "multiplicity": true, "questions": [{"id": 2910, "name": "Volunters were acting safely (being careful when c", "description": "-", "answer": "[Agree]", "comment": "Very safely", "typeOfQuestion": "checkbox"}]}','null');
insert into aar_service.record (id, clientId, sessionId, createDate, trialDate, topic, recordType, headline, msgType, recordJson, recordData) values (1513,'TB-Ost','null','2019-09-12 16:55:38.008','2019-09-12 16:55:38.008','system_observer_tool_answer','ObserverToolAnswer','A new observation was reported by: Block3_Confirmation-CrowdTasker_Field observer','Info','{"trialId": 13, "sessionId": 220, "answerId": 1412, "timeSendUTC": 1568300132, "timeWhen": 1568299469000, "observationTypeName": "Block3_Confirmation-CrowdTasker_Field observer", "observervationTypeId": 1552, "observationTypeDescription": "Volunters were acting safely (being careful when crossing streets, taking photos from a safe distance).", "description": "", "multiplicity": true, "questions": [{"id": 2910, "name": "Volunters were acting safely (being careful when c", "description": "-", "answer": "[Agree]", "comment": "", "typeOfQuestion": "checkbox"}]}','null');
insert into aar_service.record (id, clientId, sessionId, createDate, trialDate, topic, recordType, headline, msgType, recordJson, recordData) values (1514,'TB-Ost','null','2019-09-12 16:55:38.138','2019-09-12 16:55:38.138','system_observer_tool_answer','ObserverToolAnswer','A new observation was reported by: Block3_Confirmation-CrowdTasker_Field observer','Info','{"trialId": 13, "sessionId": 220, "answerId": 1413, "timeSendUTC": 1568300132, "timeWhen": 1568299469000, "observationTypeName": "Block3_Confirmation-CrowdTasker_Field observer", "observervationTypeId": 1552, "observationTypeDescription": "Volunters were acting safely (being careful when crossing streets, taking photos from a safe distance).", "description": "", "multiplicity": true, "questions": [{"id": 2910, "name": "Volunters were acting safely (being careful when c", "description": "-", "answer": "[Agree]", "comment": "", "typeOfQuestion": "checkbox"}]}','null');
insert into aar_service.record (id, clientId, sessionId, createDate, trialDate, topic, recordType, headline, msgType, recordJson, recordData) values (1525,'TB-Ost','null','2019-09-12 16:56:21.411','2019-09-12 16:56:21.411','system_observer_tool_answer','ObserverToolAnswer','A new observation was reported by: Block3_Confirmation-CrowdTasker_Field observer','Info','{"trialId": 13, "sessionId": 220, "answerId": 1424, "timeSendUTC": 1568300178, "timeWhen": 1568295783000, "observationTypeName": "Block3_Confirmation-CrowdTasker_Field observer", "observervationTypeId": 1546, "observationTypeDescription": "The CrowdTasker mobile app is technologically operational (i.e., volunteers can receive tasks and send results).", "description": "", "multiplicity": true, "questions": [{"id": 2903, "name": "The CrowdTasker mobile app is technologically oper", "description": "-", "answer": "Strongly agree", "comment": "", "typeOfQuestion": "radiobutton"}]}','null');
insert into aar_service.record (id, clientId, sessionId, createDate, trialDate, topic, recordType, headline, msgType, recordJson, recordData) values (1515,'TB-Ost','null','2019-09-12 16:55:38.271','2019-09-12 16:55:38.271','system_observer_tool_answer','ObserverToolAnswer','A new observation was reported by: Block3_Confirmation-CrowdTasker_Field observer','Info','{"trialId": 13, "sessionId": 220, "answerId": 1414, "timeSendUTC": 1568300132, "timeWhen": 1568299507000, "observationTypeName": "Block3_Confirmation-CrowdTasker_Field observer", "observervationTypeId": 1553, "observationTypeDescription": "Do you observe the information (photos) they are sending, is relevant according to the scenario? i.e: sending photos of collapsed structures, landslides, damaged buildings or other clearly damaged infrastructure.", "description": "", "multiplicity": true, "questions": [{"id": 2911, "name": "Do you observe the information (photos) they are s", "description": "-", "answer": "[Agree]", "comment": "To some extent", "typeOfQuestion": "checkbox"}]}','null');
insert into aar_service.record (id, clientId, sessionId, createDate, trialDate, topic, recordType, headline, msgType, recordJson, recordData) values (1516,'TB-Ost','null','2019-09-12 16:55:38.412','2019-09-12 16:55:38.412','system_observer_tool_answer','ObserverToolAnswer','A new observation was reported by: Block3_Confirmation-CrowdTasker_Field observer','Info','{"trialId": 13, "sessionId": 220, "answerId": 1415, "timeSendUTC": 1568300132, "timeWhen": 1568299470000, "observationTypeName": "Block3_Confirmation-CrowdTasker_Field observer", "observervationTypeId": 1552, "observationTypeDescription": "Volunters were acting safely (being careful when crossing streets, taking photos from a safe distance).", "description": "", "multiplicity": true, "questions": [{"id": 2910, "name": "Volunters were acting safely (being careful when c", "description": "-", "answer": "[Agree]", "comment": "", "typeOfQuestion": "checkbox"}]}','null');
insert into aar_service.record (id, clientId, sessionId, createDate, trialDate, topic, recordType, headline, msgType, recordJson, recordData) values (1517,'TB-Ost','null','2019-09-12 16:55:38.555','2019-09-12 16:55:38.555','system_observer_tool_answer','ObserverToolAnswer','A new observation was reported by: Block3_Confirmation-CrowdTasker_Field observer','Info','{"trialId": 13, "sessionId": 220, "answerId": 1416, "timeSendUTC": 1568300132, "timeWhen": 1568299511000, "observationTypeName": "Block3_Confirmation-CrowdTasker_Field observer", "observervationTypeId": 1553, "observationTypeDescription": "Do you observe the information (photos) they are sending, is relevant according to the scenario? i.e: sending photos of collapsed structures, landslides, damaged buildings or other clearly damaged infrastructure.", "description": "", "multiplicity": true, "questions": [{"id": 2911, "name": "Do you observe the information (photos) they are s", "description": "-", "answer": "[Agree]", "comment": "To some extent", "typeOfQuestion": "checkbox"}]}','null');
insert into aar_service.record (id, clientId, sessionId, createDate, trialDate, topic, recordType, headline, msgType, recordJson, recordData) values (1518,'TB-Ost','null','2019-09-12 16:56:20.484','2019-09-12 16:56:20.484','system_observer_tool_answer','ObserverToolAnswer','A new observation was reported by: Block3_Confirmation-CrowdTasker_Field observer','Info','{"trialId": 13, "sessionId": 220, "answerId": 1417, "timeSendUTC": 1568300178, "timeWhen": 1568295691000, "observationTypeName": "Block3_Confirmation-CrowdTasker_Field observer", "observervationTypeId": 1544, "observationTypeDescription": "How many years of professional experience do you have in crisis management? ", "description": "", "multiplicity": true, "questions": [{"id": 2904, "name": "How many years of professional experience do you h", "description": "-", "answer": "More than 15 years", "comment": "", "typeOfQuestion": "radiobutton"}]}','null');
insert into aar_service.record (id, clientId, sessionId, createDate, trialDate, topic, recordType, headline, msgType, recordJson, recordData) values (1519,'TB-Ost','null','2019-09-12 16:56:20.609','2019-09-12 16:56:20.609','system_observer_tool_answer','ObserverToolAnswer','A new observation was reported by: Block3_Confirmation-CrowdTasker_Field observer','Info','{"trialId": 13, "sessionId": 220, "answerId": 1418, "timeSendUTC": 1568300178, "timeWhen": 1568295693000, "observationTypeName": "Block3_Confirmation-CrowdTasker_Field observer", "observervationTypeId": 1544, "observationTypeDescription": "How many years of professional experience do you have in crisis management? ", "description": "", "multiplicity": true, "questions": [{"id": 2904, "name": "How many years of professional experience do you h", "description": "-", "answer": "More than 15 years", "comment": "", "typeOfQuestion": "radiobutton"}]}','null');
insert into aar_service.record (id, clientId, sessionId, createDate, trialDate, topic, recordType, headline, msgType, recordJson, recordData) values (1520,'TB-Ost','null','2019-09-12 16:56:20.742','2019-09-12 16:56:20.742','system_observer_tool_answer','ObserverToolAnswer','A new observation was reported by: Block3_Confirmation-CrowdTasker_Field observer','Info','{"trialId": 13, "sessionId": 220, "answerId": 1419, "timeSendUTC": 1568300178, "timeWhen": 1568295694000, "observationTypeName": "Block3_Confirmation-CrowdTasker_Field observer", "observervationTypeId": 1544, "observationTypeDescription": "How many years of professional experience do you have in crisis management? ", "description": "", "multiplicity": true, "questions": [{"id": 2904, "name": "How many years of professional experience do you h", "description": "-", "answer": "More than 15 years", "comment": "", "typeOfQuestion": "radiobutton"}]}','null');
insert into aar_service.record (id, clientId, sessionId, createDate, trialDate, topic, recordType, headline, msgType, recordJson, recordData) values (1521,'TB-Ost','null','2019-09-12 16:56:20.877','2019-09-12 16:56:20.877','system_observer_tool_answer','ObserverToolAnswer','A new observation was reported by: Block3_Confirmation-CrowdTasker_Field observer','Info','{"trialId": 13, "sessionId": 220, "answerId": 1420, "timeSendUTC": 1568300178, "timeWhen": 1568295714000, "observationTypeName": "Block3_Confirmation-CrowdTasker_Field observer", "observervationTypeId": 1545, "observationTypeDescription": "How much would you agree with the statement that you have experience and knowledge regarding volunteer management?", "description": "", "multiplicity": true, "questions": [{"id": 2906, "name": "How much would you agree with the statement that y", "description": "-", "answer": "Strongly disagree", "comment": "", "typeOfQuestion": "radiobutton"}]}','null');
insert into aar_service.record (id, clientId, sessionId, createDate, trialDate, topic, recordType, headline, msgType, recordJson, recordData) values (1522,'TB-Ost','null','2019-09-12 16:56:21.013','2019-09-12 16:56:21.013','system_observer_tool_answer','ObserverToolAnswer','A new observation was reported by: Block3_Confirmation-CrowdTasker_Field observer','Info','{"trialId": 13, "sessionId": 220, "answerId": 1421, "timeSendUTC": 1568300178, "timeWhen": 1568295769000, "observationTypeName": "Block3_Confirmation-CrowdTasker_Field observer", "observervationTypeId": 1546, "observationTypeDescription": "The CrowdTasker mobile app is technologically operational (i.e., volunteers can receive tasks and send results).", "description": "", "multiplicity": true, "questions": [{"id": 2903, "name": "The CrowdTasker mobile app is technologically oper", "description": "-", "answer": "Strongly agree", "comment": "", "typeOfQuestion": "radiobutton"}]}','null');
insert into aar_service.record (id, clientId, sessionId, createDate, trialDate, topic, recordType, headline, msgType, recordJson, recordData) values (1523,'TB-Ost','null','2019-09-12 16:56:21.143','2019-09-12 16:56:21.143','system_observer_tool_answer','ObserverToolAnswer','A new observation was reported by: Block3_Confirmation-CrowdTasker_Field observer','Info','{"trialId": 13, "sessionId": 220, "answerId": 1422, "timeSendUTC": 1568300178, "timeWhen": 1568295783000, "observationTypeName": "Block3_Confirmation-CrowdTasker_Field observer", "observervationTypeId": 1546, "observationTypeDescription": "The CrowdTasker mobile app is technologically operational (i.e., volunteers can receive tasks and send results).", "description": "", "multiplicity": true, "questions": [{"id": 2903, "name": "The CrowdTasker mobile app is technologically oper", "description": "-", "answer": "Strongly agree", "comment": "", "typeOfQuestion": "radiobutton"}]}','null');
insert into aar_service.record (id, clientId, sessionId, createDate, trialDate, topic, recordType, headline, msgType, recordJson, recordData) values (1524,'TB-Ost','null','2019-09-12 16:56:21.28','2019-09-12 16:56:21.28','system_observer_tool_answer','ObserverToolAnswer','A new observation was reported by: Block3_Confirmation-CrowdTasker_Field observer','Info','{"trialId": 13, "sessionId": 220, "answerId": 1423, "timeSendUTC": 1568300178, "timeWhen": 1568295811000, "observationTypeName": "Block3_Confirmation-CrowdTasker_Field observer", "observervationTypeId": 1547, "observationTypeDescription": "Volunteers can understand the tasks that they receive through the CrowdTasker mobile application.", "description": "", "multiplicity": true, "questions": [{"id": 2907, "name": "Volunteers can understand the tasks that they rece", "description": "-", "answer": "Agree", "comment": "", "typeOfQuestion": "radiobutton"}]}','null');
insert into aar_service.record (id, clientId, sessionId, createDate, trialDate, topic, recordType, headline, msgType, recordJson, recordData) values (1526,'TB-Ost','null','2019-09-12 16:56:21.543','2019-09-12 16:56:21.543','system_observer_tool_answer','ObserverToolAnswer','A new observation was reported by: Block3_Confirmation-CrowdTasker_Field observer','Info','{"trialId": 13, "sessionId": 220, "answerId": 1425, "timeSendUTC": 1568300178, "timeWhen": 1568296551000, "observationTypeName": "Block3_Confirmation-CrowdTasker_Field observer", "observervationTypeId": 1547, "observationTypeDescription": "Volunteers can understand the tasks that they receive through the CrowdTasker mobile application.", "description": "", "multiplicity": true, "questions": [{"id": 2907, "name": "Volunteers can understand the tasks that they rece", "description": "-", "answer": "Disagree", "comment": "", "typeOfQuestion": "radiobutton"}]}','null');
insert into aar_service.record (id, clientId, sessionId, createDate, trialDate, topic, recordType, headline, msgType, recordJson, recordData) values (1527,'TB-Ost','null','2019-09-12 16:56:21.676','2019-09-12 16:56:21.676','system_observer_tool_answer','ObserverToolAnswer','A new observation was reported by: Block3_Confirmation-CrowdTasker_Field observer','Info','{"trialId": 13, "sessionId": 220, "answerId": 1426, "timeSendUTC": 1568300178, "timeWhen": 1568296595000, "observationTypeName": "Block3_Confirmation-CrowdTasker_Field observer", "observervationTypeId": 1548, "observationTypeDescription": "The user interface of the CrowdTasker smartphone application sufficiently supports volunteers in executing the tasks they receive.", "description": "", "multiplicity": true, "questions": [{"id": 2902, "name": "The user interface of the CrowdTasker smartphone a", "description": "-", "answer": "Disagree", "comment": "", "typeOfQuestion": "radiobutton"}]}','null');
insert into aar_service.record (id, clientId, sessionId, createDate, trialDate, topic, recordType, headline, msgType, recordJson, recordData) values (1528,'TB-Ost','null','2019-09-12 16:56:30.803','2019-09-12 16:56:30.803','system_observer_tool_answer','ObserverToolAnswer','A new observation was reported by: Block3_Confirmation-CrowdTasker_Field observer','Info','{"trialId": 13, "sessionId": 220, "answerId": 1427, "timeSendUTC": 1568300188, "timeWhen": 1568295706000, "observationTypeName": "Block3_Confirmation-CrowdTasker_Field observer", "observervationTypeId": 1544, "observationTypeDescription": "How many years of professional experience do you have in crisis management? ", "description": "", "multiplicity": true, "questions": [{"id": 2904, "name": "How many years of professional experience do you h", "description": "-", "answer": "6 - 10 years", "comment": "", "typeOfQuestion": "radiobutton"}]}','null');
insert into aar_service.record (id, clientId, sessionId, createDate, trialDate, topic, recordType, headline, msgType, recordJson, recordData) values (1529,'TB-Ost','null','2019-09-12 16:56:30.927','2019-09-12 16:56:30.927','system_observer_tool_answer','ObserverToolAnswer','A new observation was reported by: Block3_Confirmation-CrowdTasker_Field observer','Info','{"trialId": 13, "sessionId": 220, "answerId": 1428, "timeSendUTC": 1568300188, "timeWhen": 1568295718000, "observationTypeName": "Block3_Confirmation-CrowdTasker_Field observer", "observervationTypeId": 1545, "observationTypeDescription": "How much would you agree with the statement that you have experience and knowledge regarding volunteer management?", "description": "", "multiplicity": true, "questions": [{"id": 2906, "name": "How much would you agree with the statement that y", "description": "-", "answer": "Agree", "comment": "", "typeOfQuestion": "radiobutton"}]}','null');
insert into aar_service.record (id, clientId, sessionId, createDate, trialDate, topic, recordType, headline, msgType, recordJson, recordData) values (1530,'TB-Ost','null','2019-09-12 16:56:31.062','2019-09-12 16:56:31.062','system_observer_tool_answer','ObserverToolAnswer','A new observation was reported by: Block3_Confirmation-CrowdTasker_Field observer','Info','{"trialId": 13, "sessionId": 220, "answerId": 1429, "timeSendUTC": 1568300188, "timeWhen": 1568295733000, "observationTypeName": "Block3_Confirmation-CrowdTasker_Field observer", "observervationTypeId": 1546, "observationTypeDescription": "The CrowdTasker mobile app is technologically operational (i.e., volunteers can receive tasks and send results).", "description": "", "multiplicity": true, "questions": [{"id": 2903, "name": "The CrowdTasker mobile app is technologically oper", "description": "-", "answer": "Strongly agree", "comment": "", "typeOfQuestion": "radiobutton"}]}','null');
insert into aar_service.record (id, clientId, sessionId, createDate, trialDate, topic, recordType, headline, msgType, recordJson, recordData) values (1531,'TB-Ost','null','2019-09-12 16:56:31.193','2019-09-12 16:56:31.193','system_observer_tool_answer','ObserverToolAnswer','A new observation was reported by: Block3_Confirmation-CrowdTasker_Field observer','Info','{"trialId": 13, "sessionId": 220, "answerId": 1430, "timeSendUTC": 1568300188, "timeWhen": 1568295740000, "observationTypeName": "Block3_Confirmation-CrowdTasker_Field observer", "observervationTypeId": 1546, "observationTypeDescription": "The CrowdTasker mobile app is technologically operational (i.e., volunteers can receive tasks and send results).", "description": "", "multiplicity": true, "questions": [{"id": 2903, "name": "The CrowdTasker mobile app is technologically oper", "description": "-", "answer": "Strongly agree", "comment": "", "typeOfQuestion": "radiobutton"}]}','null');
insert into aar_service.record (id, clientId, sessionId, createDate, trialDate, topic, recordType, headline, msgType, recordJson, recordData) values (1532,'TB-Ost','null','2019-09-12 16:56:31.325','2019-09-12 16:56:31.325','system_observer_tool_answer','ObserverToolAnswer','A new observation was reported by: Block3_Confirmation-CrowdTasker_Field observer','Info','{"trialId": 13, "sessionId": 220, "answerId": 1431, "timeSendUTC": 1568300188, "timeWhen": 1568295779000, "observationTypeName": "Block3_Confirmation-CrowdTasker_Field observer", "observervationTypeId": 1547, "observationTypeDescription": "Volunteers can understand the tasks that they receive through the CrowdTasker mobile application.", "description": "", "multiplicity": true, "questions": [{"id": 2907, "name": "Volunteers can understand the tasks that they rece", "description": "-", "answer": "Agree", "comment": "", "typeOfQuestion": "radiobutton"}]}','null');
insert into aar_service.record (id, clientId, sessionId, createDate, trialDate, topic, recordType, headline, msgType, recordJson, recordData) values (1533,'TB-Ost','null','2019-09-12 16:56:31.464','2019-09-12 16:56:31.464','system_observer_tool_answer','ObserverToolAnswer','A new observation was reported by: Block3_Confirmation-CrowdTasker_Field observer','Info','{"trialId": 13, "sessionId": 220, "answerId": 1432, "timeSendUTC": 1568300188, "timeWhen": 1568295914000, "observationTypeName": "Block3_Confirmation-CrowdTasker_Field observer", "observervationTypeId": 1549, "observationTypeDescription": "If volunteer is using chatbot instead of the app: the CrowdTasker Telegram chatbot is technologically operational (i.e. volunteers can receive tasks and execute them via the Telegram chatbot).", "description": "", "multiplicity": true, "questions": [{"id": 2909, "name": "If volunteer is using chatbot instead of the app: ", "description": "-", "answer": "Strongly agree", "comment": "", "typeOfQuestion": "radiobutton"}]}','null');
insert into aar_service.record (id, clientId, sessionId, createDate, trialDate, topic, recordType, headline, msgType, recordJson, recordData) values (1534,'TB-Ost','null','2019-09-12 16:56:31.592','2019-09-12 16:56:31.592','system_observer_tool_answer','ObserverToolAnswer','A new observation was reported by: Block3_Confirmation-CrowdTasker_Field observer','Info','{"trialId": 13, "sessionId": 220, "answerId": 1433, "timeSendUTC": 1568300188, "timeWhen": 1568295817000, "observationTypeName": "Block3_Confirmation-CrowdTasker_Field observer", "observervationTypeId": 1548, "observationTypeDescription": "The user interface of the CrowdTasker smartphone application sufficiently supports volunteers in executing the tasks they receive.", "description": "", "multiplicity": true, "questions": [{"id": 2902, "name": "The user interface of the CrowdTasker smartphone a", "description": "-", "answer": "Agree", "comment": "", "typeOfQuestion": "radiobutton"}]}','null');
insert into aar_service.record (id, clientId, sessionId, createDate, trialDate, topic, recordType, headline, msgType, recordJson, recordData) values (1535,'TB-Ost','null','2019-09-12 16:56:31.73','2019-09-12 16:56:31.73','system_observer_tool_answer','ObserverToolAnswer','A new observation was reported by: Block3_Confirmation-CrowdTasker_Field observer','Info','{"trialId": 13, "sessionId": 220, "answerId": 1434, "timeSendUTC": 1568300188, "timeWhen": 1568295942000, "observationTypeName": "Block3_Confirmation-CrowdTasker_Field observer", "observervationTypeId": 1549, "observationTypeDescription": "If volunteer is using chatbot instead of the app: the CrowdTasker Telegram chatbot is technologically operational (i.e. volunteers can receive tasks and execute them via the Telegram chatbot).", "description": "", "multiplicity": true, "questions": [{"id": 2909, "name": "If volunteer is using chatbot instead of the app: ", "description": "-", "answer": "Strongly agree", "comment": "", "typeOfQuestion": "radiobutton"}]}','null');
insert into aar_service.record (id, clientId, sessionId, createDate, trialDate, topic, recordType, headline, msgType, recordJson, recordData) values (1536,'TB-Ost','null','2019-09-12 16:56:31.863','2019-09-12 16:56:31.863','system_observer_tool_answer','ObserverToolAnswer','A new observation was reported by: Block3_Confirmation-CrowdTasker_Field observer','Info','{"trialId": 13, "sessionId": 220, "answerId": 1435, "timeSendUTC": 1568300188, "timeWhen": 1568296029000, "observationTypeName": "Block3_Confirmation-CrowdTasker_Field observer", "observervationTypeId": 1550, "observationTypeDescription": "If volunteer is using chatbot instead of the app: Interaction with the CrowdTasker chatbot sufficiently supports volunteers in executing the tasks they receive (i.e., volunteers can adequately execute the tasks they receive via the chatbot)\u201D.", "description": "", "multiplicity": true, "questions": [{"id": 2905, "name": "If volunteer is using chatbot instead of the app: ", "description": "-", "answer": "Agree", "comment": "", "typeOfQuestion": "radiobutton"}]}','null');
insert into aar_service.record (id, clientId, sessionId, createDate, trialDate, topic, recordType, headline, msgType, recordJson, recordData) values (1537,'TB-Ost','null','2019-09-12 16:56:32.011','2019-09-12 16:56:32.011','system_observer_tool_answer','ObserverToolAnswer','A new observation was reported by: Block3_Confirmation-CrowdTasker_Field observer','Info','{"trialId": 13, "sessionId": 220, "answerId": 1436, "timeSendUTC": 1568300188, "timeWhen": 1568296576000, "observationTypeName": "Block3_Confirmation-CrowdTasker_Field observer", "observervationTypeId": 1547, "observationTypeDescription": "Volunteers can understand the tasks that they receive through the CrowdTasker mobile application.", "description": "", "multiplicity": true, "questions": [{"id": 2907, "name": "Volunteers can understand the tasks that they rece", "description": "-", "answer": "Disagree", "comment": "", "typeOfQuestion": "radiobutton"}]}','null');
insert into aar_service.record (id, clientId, sessionId, createDate, trialDate, topic, recordType, headline, msgType, recordJson, recordData) values (1538,'TB-Ost','null','2019-09-12 16:56:32.14','2019-09-12 16:56:32.14','system_observer_tool_answer','ObserverToolAnswer','A new observation was reported by: Block3_Confirmation-CrowdTasker_Field observer','Info','{"trialId": 13, "sessionId": 220, "answerId": 1437, "timeSendUTC": 1568300188, "timeWhen": 1568296578000, "observationTypeName": "Block3_Confirmation-CrowdTasker_Field observer", "observervationTypeId": 1547, "observationTypeDescription": "Volunteers can understand the tasks that they receive through the CrowdTasker mobile application.", "description": "", "multiplicity": true, "questions": [{"id": 2907, "name": "Volunteers can understand the tasks that they rece", "description": "-", "answer": "Disagree", "comment": "", "typeOfQuestion": "radiobutton"}]}','null');
insert into aar_service.record (id, clientId, sessionId, createDate, trialDate, topic, recordType, headline, msgType, recordJson, recordData) values (1539,'TB-Ost','null','2019-09-12 16:56:32.266','2019-09-12 16:56:32.266','system_observer_tool_answer','ObserverToolAnswer','A new observation was reported by: Block3_Confirmation-CrowdTasker_Field observer','Info','{"trialId": 13, "sessionId": 220, "answerId": 1438, "timeSendUTC": 1568300188, "timeWhen": 1568296595000, "observationTypeName": "Block3_Confirmation-CrowdTasker_Field observer", "observervationTypeId": 1548, "observationTypeDescription": "The user interface of the CrowdTasker smartphone application sufficiently supports volunteers in executing the tasks they receive.", "description": "", "multiplicity": true, "questions": [{"id": 2902, "name": "The user interface of the CrowdTasker smartphone a", "description": "-", "answer": "Strongly disagree", "comment": "", "typeOfQuestion": "radiobutton"}]}','null');
insert into aar_service.record (id, clientId, sessionId, createDate, trialDate, topic, recordType, headline, msgType, recordJson, recordData) values (1540,'TB-Ost','null','2019-09-12 16:56:32.398','2019-09-12 16:56:32.398','system_observer_tool_answer','ObserverToolAnswer','A new observation was reported by: Block3_Confirmation-CrowdTasker_Field observer','Info','{"trialId": 13, "sessionId": 220, "answerId": 1439, "timeSendUTC": 1568300188, "timeWhen": 1568296647000, "observationTypeName": "Block3_Confirmation-CrowdTasker_Field observer", "observervationTypeId": 1548, "observationTypeDescription": "The user interface of the CrowdTasker smartphone application sufficiently supports volunteers in executing the tasks they receive.", "description": "", "multiplicity": true, "questions": [{"id": 2902, "name": "The user interface of the CrowdTasker smartphone a", "description": "-", "answer": "Disagree", "comment": "No details what to look for", "typeOfQuestion": "radiobutton"}]}','null');
insert into aar_service.record (id, clientId, sessionId, createDate, trialDate, topic, recordType, headline, msgType, recordJson, recordData) values (1541,'TB-Ost','null','2019-09-12 16:56:32.528','2019-09-12 16:56:32.528','system_observer_tool_answer','ObserverToolAnswer','A new observation was reported by: Block3_Confirmation-CrowdTasker_Field observer','Info','{"trialId": 13, "sessionId": 220, "answerId": 1440, "timeSendUTC": 1568300188, "timeWhen": 1568296682000, "observationTypeName": "Block3_Confirmation-CrowdTasker_Field observer", "observervationTypeId": 1549, "observationTypeDescription": "If volunteer is using chatbot instead of the app: the CrowdTasker Telegram chatbot is technologically operational (i.e. volunteers can receive tasks and execute them via the Telegram chatbot).", "description": "", "multiplicity": true, "questions": [{"id": 2909, "name": "If volunteer is using chatbot instead of the app: ", "description": "-", "answer": "Strongly agree", "comment": "", "typeOfQuestion": "radiobutton"}]}','null');
insert into aar_service.record (id, clientId, sessionId, createDate, trialDate, topic, recordType, headline, msgType, recordJson, recordData) values (1542,'TB-Ost','null','2019-09-12 16:56:32.66','2019-09-12 16:56:32.66','system_observer_tool_answer','ObserverToolAnswer','A new observation was reported by: Block3_Confirmation-CrowdTasker_Field observer','Info','{"trialId": 13, "sessionId": 220, "answerId": 1441, "timeSendUTC": 1568300188, "timeWhen": 1568296683000, "observationTypeName": "Block3_Confirmation-CrowdTasker_Field observer", "observervationTypeId": 1549, "observationTypeDescription": "If volunteer is using chatbot instead of the app: the CrowdTasker Telegram chatbot is technologically operational (i.e. volunteers can receive tasks and execute them via the Telegram chatbot).", "description": "", "multiplicity": true, "questions": [{"id": 2909, "name": "If volunteer is using chatbot instead of the app: ", "description": "-", "answer": "Strongly agree", "comment": "", "typeOfQuestion": "radiobutton"}]}','null');
insert into aar_service.record (id, clientId, sessionId, createDate, trialDate, topic, recordType, headline, msgType, recordJson, recordData) values (1543,'TB-Ost','null','2019-09-12 16:56:32.792','2019-09-12 16:56:32.792','system_observer_tool_answer','ObserverToolAnswer','A new observation was reported by: Block3_Confirmation-CrowdTasker_Field observer','Info','{"trialId": 13, "sessionId": 220, "answerId": 1442, "timeSendUTC": 1568300188, "timeWhen": 1568296709000, "observationTypeName": "Block3_Confirmation-CrowdTasker_Field observer", "observervationTypeId": 1550, "observationTypeDescription": "If volunteer is using chatbot instead of the app: Interaction with the CrowdTasker chatbot sufficiently supports volunteers in executing the tasks they receive (i.e., volunteers can adequately execute the tasks they receive via the chatbot)\u201D.", "description": "", "multiplicity": true, "questions": [{"id": 2905, "name": "If volunteer is using chatbot instead of the app: ", "description": "-", "answer": "Disagree", "comment": "", "typeOfQuestion": "radiobutton"}]}','null');
insert into aar_service.record (id, clientId, sessionId, createDate, trialDate, topic, recordType, headline, msgType, recordJson, recordData) values (1544,'TB-Ost','null','2019-09-12 16:56:32.919','2019-09-12 16:56:32.919','system_observer_tool_answer','ObserverToolAnswer','A new observation was reported by: Block3_Confirmation-CrowdTasker_Field observer','Info','{"trialId": 13, "sessionId": 220, "answerId": 1443, "timeSendUTC": 1568300188, "timeWhen": 1568296712000, "observationTypeName": "Block3_Confirmation-CrowdTasker_Field observer", "observervationTypeId": 1550, "observationTypeDescription": "If volunteer is using chatbot instead of the app: Interaction with the CrowdTasker chatbot sufficiently supports volunteers in executing the tasks they receive (i.e., volunteers can adequately execute the tasks they receive via the chatbot)\u201D.", "description": "", "multiplicity": true, "questions": [{"id": 2905, "name": "If volunteer is using chatbot instead of the app: ", "description": "-", "answer": "Disagree", "comment": "", "typeOfQuestion": "radiobutton"}]}','null');
insert into aar_service.record (id, clientId, sessionId, createDate, trialDate, topic, recordType, headline, msgType, recordJson, recordData) values (1630,'TB-AARTool_FD','null','2019-09-13 08:44:06.199','2019-09-13 08:44:06.199','system_logging','Log','--> addCallback: system_tm_session_mgmt','Info','{"id": "TB-AARTool_FD", "dateTimeSent": 1568357039585, "level": "INFO", "log": "--> addCallback: system_tm_session_mgmt"}','null');
insert into aar_service.record (id, clientId, sessionId, createDate, trialDate, topic, recordType, headline, msgType, recordJson, recordData) values (1545,'TB-Ost','null','2019-09-12 16:56:33.07','2019-09-12 16:56:33.07','system_observer_tool_answer','ObserverToolAnswer','A new observation was reported by: Block3_Confirmation-CrowdTasker_Field observer','Info','{"trialId": 13, "sessionId": 220, "answerId": 1444, "timeSendUTC": 1568300188, "timeWhen": 1568296730000, "observationTypeName": "Block3_Confirmation-CrowdTasker_Field observer", "observervationTypeId": 1551, "observationTypeDescription": "The volunteers know what to do when they get a task by crowdtasker.", "description": "", "multiplicity": true, "questions": [{"id": 2908, "name": "The volunteers know what to do when they get a tas", "description": "-", "answer": "[Not applicable]", "comment": "", "typeOfQuestion": "checkbox"}]}','null');
insert into aar_service.record (id, clientId, sessionId, createDate, trialDate, topic, recordType, headline, msgType, recordJson, recordData) values (1546,'TB-Ost','null','2019-09-12 16:56:33.232','2019-09-12 16:56:33.232','system_observer_tool_answer','ObserverToolAnswer','A new observation was reported by: Block3_Confirmation-CrowdTasker_Field observer','Info','{"trialId": 13, "sessionId": 220, "answerId": 1445, "timeSendUTC": 1568300189, "timeWhen": 1568296767000, "observationTypeName": "Block3_Confirmation-CrowdTasker_Field observer", "observervationTypeId": 1551, "observationTypeDescription": "The volunteers know what to do when they get a task by crowdtasker.", "description": "", "multiplicity": true, "questions": [{"id": 2908, "name": "The volunteers know what to do when they get a tas", "description": "-", "answer": "[Not applicable]", "comment": "", "typeOfQuestion": "checkbox"}]}','null');
insert into aar_service.record (id, clientId, sessionId, createDate, trialDate, topic, recordType, headline, msgType, recordJson, recordData) values (1547,'TB-Ost','null','2019-09-12 16:56:33.369','2019-09-12 16:56:33.369','system_observer_tool_answer','ObserverToolAnswer','A new observation was reported by: Block3_Confirmation-CrowdTasker_Field observer','Info','{"trialId": 13, "sessionId": 220, "answerId": 1446, "timeSendUTC": 1568300189, "timeWhen": 1568296784000, "observationTypeName": "Block3_Confirmation-CrowdTasker_Field observer", "observervationTypeId": 1552, "observationTypeDescription": "Volunters were acting safely (being careful when crossing streets, taking photos from a safe distance).", "description": "", "multiplicity": true, "questions": [{"id": 2910, "name": "Volunters were acting safely (being careful when c", "description": "-", "answer": "[Agree]", "comment": "", "typeOfQuestion": "checkbox"}]}','null');
insert into aar_service.record (id, clientId, sessionId, createDate, trialDate, topic, recordType, headline, msgType, recordJson, recordData) values (1548,'TB-Ost','null','2019-09-12 16:56:33.502','2019-09-12 16:56:33.502','system_observer_tool_answer','ObserverToolAnswer','A new observation was reported by: Block3_Confirmation-CrowdTasker_Field observer','Info','{"trialId": 13, "sessionId": 220, "answerId": 1447, "timeSendUTC": 1568300189, "timeWhen": 1568296812000, "observationTypeName": "Block3_Confirmation-CrowdTasker_Field observer", "observervationTypeId": 1553, "observationTypeDescription": "Do you observe the information (photos) they are sending, is relevant according to the scenario? i.e: sending photos of collapsed structures, landslides, damaged buildings or other clearly damaged infrastructure.", "description": "", "multiplicity": true, "questions": [{"id": 2911, "name": "Do you observe the information (photos) they are s", "description": "-", "answer": "[Agree]", "comment": "", "typeOfQuestion": "checkbox"}]}','null');
insert into aar_service.record (id, clientId, sessionId, createDate, trialDate, topic, recordType, headline, msgType, recordJson, recordData) values (1549,'TB-Ost','null','2019-09-12 16:56:33.648','2019-09-12 16:56:33.648','system_observer_tool_answer','ObserverToolAnswer','A new observation was reported by: Block3_Confirmation-CrowdTasker_Field observer','Info','{"trialId": 13, "sessionId": 220, "answerId": 1448, "timeSendUTC": 1568300189, "timeWhen": 1568297661000, "observationTypeName": "Block3_Confirmation-CrowdTasker_Field observer", "observervationTypeId": 1553, "observationTypeDescription": "Do you observe the information (photos) they are sending, is relevant according to the scenario? i.e: sending photos of collapsed structures, landslides, damaged buildings or other clearly damaged infrastructure.", "description": "", "multiplicity": true, "questions": [{"id": 2911, "name": "Do you observe the information (photos) they are s", "description": "-", "answer": "[Not applicable]", "comment": "", "typeOfQuestion": "checkbox"}]}','null');
insert into aar_service.record (id, clientId, sessionId, createDate, trialDate, topic, recordType, headline, msgType, recordJson, recordData) values (1550,'TB-Ost','null','2019-09-12 16:57:09.252','2019-09-12 16:57:09.252','system_observer_tool_answer','ObserverToolAnswer','A new observation was reported by: Block3_Confirmation-CrowdTasker_Field observer','Info','{"trialId": 13, "sessionId": 220, "answerId": 1449, "timeSendUTC": 1568300226, "timeWhen": 1568296698000, "observationTypeName": "Block3_Confirmation-CrowdTasker_Field observer", "observervationTypeId": 1544, "observationTypeDescription": "How many years of professional experience do you have in crisis management? ", "description": "", "multiplicity": true, "questions": [{"id": 2904, "name": "How many years of professional experience do you h", "description": "-", "answer": "More than 15 years", "comment": "", "typeOfQuestion": "radiobutton"}]}','null');
insert into aar_service.record (id, clientId, sessionId, createDate, trialDate, topic, recordType, headline, msgType, recordJson, recordData) values (1551,'TB-Ost','null','2019-09-12 16:57:09.376','2019-09-12 16:57:09.376','system_observer_tool_answer','ObserverToolAnswer','A new observation was reported by: Block3_Confirmation-CrowdTasker_Field observer','Info','{"trialId": 13, "sessionId": 220, "answerId": 1450, "timeSendUTC": 1568300227, "timeWhen": 1568296703000, "observationTypeName": "Block3_Confirmation-CrowdTasker_Field observer", "observervationTypeId": 1544, "observationTypeDescription": "How many years of professional experience do you have in crisis management? ", "description": "", "multiplicity": true, "questions": [{"id": 2904, "name": "How many years of professional experience do you h", "description": "-", "answer": "More than 15 years", "comment": "", "typeOfQuestion": "radiobutton"}]}','null');
insert into aar_service.record (id, clientId, sessionId, createDate, trialDate, topic, recordType, headline, msgType, recordJson, recordData) values (1552,'TB-Ost','null','2019-09-12 16:57:09.505','2019-09-12 16:57:09.505','system_observer_tool_answer','ObserverToolAnswer','A new observation was reported by: Block3_Confirmation-CrowdTasker_Field observer','Info','{"trialId": 13, "sessionId": 220, "answerId": 1451, "timeSendUTC": 1568300227, "timeWhen": 1568298953000, "observationTypeName": "Block3_Confirmation-CrowdTasker_Field observer", "observervationTypeId": 1544, "observationTypeDescription": "How many years of professional experience do you have in crisis management? ", "description": "", "multiplicity": true, "questions": [{"id": 2904, "name": "How many years of professional experience do you h", "description": "-", "answer": "More than 15 years", "comment": "", "typeOfQuestion": "radiobutton"}]}','null');
insert into aar_service.record (id, clientId, sessionId, createDate, trialDate, topic, recordType, headline, msgType, recordJson, recordData) values (1553,'TB-Ost','null','2019-09-12 16:57:09.639','2019-09-12 16:57:09.639','system_observer_tool_answer','ObserverToolAnswer','A new observation was reported by: Block3_Confirmation-CrowdTasker_Field observer','Info','{"trialId": 13, "sessionId": 220, "answerId": 1452, "timeSendUTC": 1568300227, "timeWhen": 1568299006000, "observationTypeName": "Block3_Confirmation-CrowdTasker_Field observer", "observervationTypeId": 1545, "observationTypeDescription": "How much would you agree with the statement that you have experience and knowledge regarding volunteer management?", "description": "", "multiplicity": true, "questions": [{"id": 2906, "name": "How much would you agree with the statement that y", "description": "-", "answer": "Agree", "comment": "", "typeOfQuestion": "radiobutton"}]}','null');
insert into aar_service.record (id, clientId, sessionId, createDate, trialDate, topic, recordType, headline, msgType, recordJson, recordData) values (1554,'TB-Ost','null','2019-09-12 16:57:09.829','2019-09-12 16:57:09.829','system_observer_tool_answer','ObserverToolAnswer','A new observation was reported by: Block3_Confirmation-CrowdTasker_Field observer','Info','{"trialId": 13, "sessionId": 220, "answerId": 1453, "timeSendUTC": 1568300227, "timeWhen": 1568299023000, "observationTypeName": "Block3_Confirmation-CrowdTasker_Field observer", "observervationTypeId": 1544, "observationTypeDescription": "How many years of professional experience do you have in crisis management? ", "description": "", "multiplicity": true, "questions": [{"id": 2904, "name": "How many years of professional experience do you h", "description": "-", "answer": "More than 15 years", "comment": "", "typeOfQuestion": "radiobutton"}]}','null');
insert into aar_service.record (id, clientId, sessionId, createDate, trialDate, topic, recordType, headline, msgType, recordJson, recordData) values (1641,'TB-AARTool_FD','null','2019-09-13 08:44:07.574','2019-09-13 08:44:07.574','system_logging','Log','--> addCallback: photo_geojson','Info','{"id": "TB-AARTool_FD", "dateTimeSent": 1568357039678, "level": "INFO", "log": "--> addCallback: photo_geojson"}','null');
insert into aar_service.record (id, clientId, sessionId, createDate, trialDate, topic, recordType, headline, msgType, recordJson, recordData) values (1555,'TB-Ost','null','2019-09-12 16:57:09.957','2019-09-12 16:57:09.957','system_observer_tool_answer','ObserverToolAnswer','A new observation was reported by: Block3_Confirmation-CrowdTasker_Field observer','Info','{"trialId": 13, "sessionId": 220, "answerId": 1454, "timeSendUTC": 1568300227, "timeWhen": 1568299049000, "observationTypeName": "Block3_Confirmation-CrowdTasker_Field observer", "observervationTypeId": 1546, "observationTypeDescription": "The CrowdTasker mobile app is technologically operational (i.e., volunteers can receive tasks and send results).", "description": "", "multiplicity": true, "questions": [{"id": 2903, "name": "The CrowdTasker mobile app is technologically oper", "description": "-", "answer": "Agree", "comment": "", "typeOfQuestion": "radiobutton"}]}','null');
insert into aar_service.record (id, clientId, sessionId, createDate, trialDate, topic, recordType, headline, msgType, recordJson, recordData) values (1556,'TB-Ost','null','2019-09-12 16:57:10.091','2019-09-12 16:57:10.091','system_observer_tool_answer','ObserverToolAnswer','A new observation was reported by: Block3_Confirmation-CrowdTasker_Field observer','Info','{"trialId": 13, "sessionId": 220, "answerId": 1455, "timeSendUTC": 1568300227, "timeWhen": 1568299050000, "observationTypeName": "Block3_Confirmation-CrowdTasker_Field observer", "observervationTypeId": 1546, "observationTypeDescription": "The CrowdTasker mobile app is technologically operational (i.e., volunteers can receive tasks and send results).", "description": "", "multiplicity": true, "questions": [{"id": 2903, "name": "The CrowdTasker mobile app is technologically oper", "description": "-", "answer": "Agree", "comment": "", "typeOfQuestion": "radiobutton"}]}','null');
insert into aar_service.record (id, clientId, sessionId, createDate, trialDate, topic, recordType, headline, msgType, recordJson, recordData) values (1557,'TB-Ost','null','2019-09-12 16:57:10.22','2019-09-12 16:57:10.22','system_observer_tool_answer','ObserverToolAnswer','A new observation was reported by: Block3_Confirmation-CrowdTasker_Field observer','Info','{"trialId": 13, "sessionId": 220, "answerId": 1456, "timeSendUTC": 1568300227, "timeWhen": 1568299072000, "observationTypeName": "Block3_Confirmation-CrowdTasker_Field observer", "observervationTypeId": 1547, "observationTypeDescription": "Volunteers can understand the tasks that they receive through the CrowdTasker mobile application.", "description": "", "multiplicity": true, "questions": [{"id": 2907, "name": "Volunteers can understand the tasks that they rece", "description": "-", "answer": "Agree", "comment": "", "typeOfQuestion": "radiobutton"}]}','null');
insert into aar_service.record (id, clientId, sessionId, createDate, trialDate, topic, recordType, headline, msgType, recordJson, recordData) values (1558,'TB-Ost','null','2019-09-12 16:57:10.357','2019-09-12 16:57:10.357','system_observer_tool_answer','ObserverToolAnswer','A new observation was reported by: Block3_Confirmation-CrowdTasker_Field observer','Info','{"trialId": 13, "sessionId": 220, "answerId": 1457, "timeSendUTC": 1568300227, "timeWhen": 1568299153000, "observationTypeName": "Block3_Confirmation-CrowdTasker_Field observer", "observervationTypeId": 1548, "observationTypeDescription": "The user interface of the CrowdTasker smartphone application sufficiently supports volunteers in executing the tasks they receive.", "description": "", "multiplicity": true, "questions": [{"id": 2902, "name": "The user interface of the CrowdTasker smartphone a", "description": "-", "answer": "Neutral", "comment": "", "typeOfQuestion": "radiobutton"}]}','null');
insert into aar_service.record (id, clientId, sessionId, createDate, trialDate, topic, recordType, headline, msgType, recordJson, recordData) values (1559,'TB-Ost','null','2019-09-12 16:57:10.492','2019-09-12 16:57:10.492','system_observer_tool_answer','ObserverToolAnswer','A new observation was reported by: Block3_Confirmation-CrowdTasker_Field observer','Info','{"trialId": 13, "sessionId": 220, "answerId": 1458, "timeSendUTC": 1568300227, "timeWhen": 1568299155000, "observationTypeName": "Block3_Confirmation-CrowdTasker_Field observer", "observervationTypeId": 1548, "observationTypeDescription": "The user interface of the CrowdTasker smartphone application sufficiently supports volunteers in executing the tasks they receive.", "description": "", "multiplicity": true, "questions": [{"id": 2902, "name": "The user interface of the CrowdTasker smartphone a", "description": "-", "answer": "Neutral", "comment": "", "typeOfQuestion": "radiobutton"}]}','null');
insert into aar_service.record (id, clientId, sessionId, createDate, trialDate, topic, recordType, headline, msgType, recordJson, recordData) values (1560,'TB-Ost','null','2019-09-12 16:57:10.628','2019-09-12 16:57:10.628','system_observer_tool_answer','ObserverToolAnswer','A new observation was reported by: Block3_Confirmation-CrowdTasker_Field observer','Info','{"trialId": 13, "sessionId": 220, "answerId": 1459, "timeSendUTC": 1568300227, "timeWhen": 1568299193000, "observationTypeName": "Block3_Confirmation-CrowdTasker_Field observer", "observervationTypeId": 1549, "observationTypeDescription": "If volunteer is using chatbot instead of the app: the CrowdTasker Telegram chatbot is technologically operational (i.e. volunteers can receive tasks and execute them via the Telegram chatbot).", "description": "", "multiplicity": true, "questions": [{"id": 2909, "name": "If volunteer is using chatbot instead of the app: ", "description": "-", "answer": "Neutral", "comment": "", "typeOfQuestion": "radiobutton"}]}','null');
insert into aar_service.record (id, clientId, sessionId, createDate, trialDate, topic, recordType, headline, msgType, recordJson, recordData) values (1561,'TB-Ost','null','2019-09-12 16:57:10.761','2019-09-12 16:57:10.761','system_observer_tool_answer','ObserverToolAnswer','A new observation was reported by: Block3_Confirmation-CrowdTasker_Field observer','Info','{"trialId": 13, "sessionId": 220, "answerId": 1460, "timeSendUTC": 1568300227, "timeWhen": 1568299213000, "observationTypeName": "Block3_Confirmation-CrowdTasker_Field observer", "observervationTypeId": 1549, "observationTypeDescription": "If volunteer is using chatbot instead of the app: the CrowdTasker Telegram chatbot is technologically operational (i.e. volunteers can receive tasks and execute them via the Telegram chatbot).", "description": "", "multiplicity": true, "questions": [{"id": 2909, "name": "If volunteer is using chatbot instead of the app: ", "description": "-", "answer": "Neutral", "comment": "", "typeOfQuestion": "radiobutton"}]}','null');
insert into aar_service.record (id, clientId, sessionId, createDate, trialDate, topic, recordType, headline, msgType, recordJson, recordData) values (1562,'TB-Ost','null','2019-09-12 16:57:10.902','2019-09-12 16:57:10.902','system_observer_tool_answer','ObserverToolAnswer','A new observation was reported by: Block3_Confirmation-CrowdTasker_Field observer','Info','{"trialId": 13, "sessionId": 220, "answerId": 1461, "timeSendUTC": 1568300227, "timeWhen": 1568299213000, "observationTypeName": "Block3_Confirmation-CrowdTasker_Field observer", "observervationTypeId": 1549, "observationTypeDescription": "If volunteer is using chatbot instead of the app: the CrowdTasker Telegram chatbot is technologically operational (i.e. volunteers can receive tasks and execute them via the Telegram chatbot).", "description": "", "multiplicity": true, "questions": [{"id": 2909, "name": "If volunteer is using chatbot instead of the app: ", "description": "-", "answer": "Neutral", "comment": "", "typeOfQuestion": "radiobutton"}]}','null');
insert into aar_service.record (id, clientId, sessionId, createDate, trialDate, topic, recordType, headline, msgType, recordJson, recordData) values (1563,'TB-Ost','null','2019-09-12 16:57:11.031','2019-09-12 16:57:11.031','system_observer_tool_answer','ObserverToolAnswer','A new observation was reported by: Block3_Confirmation-CrowdTasker_Field observer','Info','{"trialId": 13, "sessionId": 220, "answerId": 1462, "timeSendUTC": 1568300227, "timeWhen": 1568299261000, "observationTypeName": "Block3_Confirmation-CrowdTasker_Field observer", "observervationTypeId": 1550, "observationTypeDescription": "If volunteer is using chatbot instead of the app: Interaction with the CrowdTasker chatbot sufficiently supports volunteers in executing the tasks they receive (i.e., volunteers can adequately execute the tasks they receive via the chatbot)\u201D.", "description": "", "multiplicity": true, "questions": [{"id": 2905, "name": "If volunteer is using chatbot instead of the app: ", "description": "-", "answer": "Disagree", "comment": "", "typeOfQuestion": "radiobutton"}]}','null');
insert into aar_service.record (id, clientId, sessionId, createDate, trialDate, topic, recordType, headline, msgType, recordJson, recordData) values (1631,'TB-AARTool_FD','null','2019-09-13 08:44:06.324','2019-09-13 08:44:06.324','system_logging','Log','New Generic Callback Consumer created for topic: system_tm_session_mgmt','Info','{"id": "TB-AARTool_FD", "dateTimeSent": 1568357039585, "level": "INFO", "log": "New Generic Callback Consumer created for topic: system_tm_session_mgmt"}','null');
insert into aar_service.record (id, clientId, sessionId, createDate, trialDate, topic, recordType, headline, msgType, recordJson, recordData) values (1642,'TB-AARTool_FD','null','2019-09-13 08:44:07.699','2019-09-13 08:44:07.699','system_logging','Log','New Generic Callback Consumer created for topic: photo_geojson','Info','{"id": "TB-AARTool_FD", "dateTimeSent": 1568357039710, "level": "INFO", "log": "New Generic Callback Consumer created for topic: photo_geojson"}','null');
insert into aar_service.record (id, clientId, sessionId, createDate, trialDate, topic, recordType, headline, msgType, recordJson, recordData) values (1564,'TB-Ost','null','2019-09-12 16:57:11.171','2019-09-12 16:57:11.171','system_observer_tool_answer','ObserverToolAnswer','A new observation was reported by: Block3_Confirmation-CrowdTasker_Field observer','Info','{"trialId": 13, "sessionId": 220, "answerId": 1463, "timeSendUTC": 1568300228, "timeWhen": 1568299298000, "observationTypeName": "Block3_Confirmation-CrowdTasker_Field observer", "observervationTypeId": 1551, "observationTypeDescription": "The volunteers know what to do when they get a task by crowdtasker.", "description": "", "multiplicity": true, "questions": [{"id": 2908, "name": "The volunteers know what to do when they get a tas", "description": "-", "answer": "[Agree]", "comment": "", "typeOfQuestion": "checkbox"}]}','null');
insert into aar_service.record (id, clientId, sessionId, createDate, trialDate, topic, recordType, headline, msgType, recordJson, recordData) values (1565,'TB-Ost','null','2019-09-12 16:57:32.901','2019-09-12 16:57:32.901','system_observer_tool_answer','ObserverToolAnswer','A new observation was reported by: Block3_Confirmation-CrowdTasker_Field observer','Info','{"trialId": 13, "sessionId": 220, "answerId": 1464, "timeSendUTC": 1568300250, "timeWhen": 1568295176000, "observationTypeName": "Block3_Confirmation-CrowdTasker_Field observer", "observervationTypeId": 1544, "observationTypeDescription": "How many years of professional experience do you have in crisis management? ", "description": "", "multiplicity": true, "questions": [{"id": 2904, "name": "How many years of professional experience do you h", "description": "-", "answer": "More than 15 years", "comment": "", "typeOfQuestion": "radiobutton"}]}','null');
insert into aar_service.record (id, clientId, sessionId, createDate, trialDate, topic, recordType, headline, msgType, recordJson, recordData) values (1566,'TB-Ost','null','2019-09-12 16:57:33.025','2019-09-12 16:57:33.025','system_observer_tool_answer','ObserverToolAnswer','A new observation was reported by: Block3_Confirmation-CrowdTasker_Field observer','Info','{"trialId": 13, "sessionId": 220, "answerId": 1465, "timeSendUTC": 1568300250, "timeWhen": 1568295191000, "observationTypeName": "Block3_Confirmation-CrowdTasker_Field observer", "observervationTypeId": 1545, "observationTypeDescription": "How much would you agree with the statement that you have experience and knowledge regarding volunteer management?", "description": "", "multiplicity": true, "questions": [{"id": 2906, "name": "How much would you agree with the statement that y", "description": "-", "answer": "Neutral", "comment": "", "typeOfQuestion": "radiobutton"}]}','null');
insert into aar_service.record (id, clientId, sessionId, createDate, trialDate, topic, recordType, headline, msgType, recordJson, recordData) values (1567,'TB-Ost','null','2019-09-12 16:57:33.231','2019-09-12 16:57:33.231','system_observer_tool_answer','ObserverToolAnswer','A new observation was reported by: Block3_Confirmation-CrowdTasker_Field observer','Info','{"trialId": 13, "sessionId": 220, "answerId": 1466, "timeSendUTC": 1568300250, "timeWhen": 1568295242000, "observationTypeName": "Block3_Confirmation-CrowdTasker_Field observer", "observervationTypeId": 1545, "observationTypeDescription": "How much would you agree with the statement that you have experience and knowledge regarding volunteer management?", "description": "", "multiplicity": true, "questions": [{"id": 2906, "name": "How much would you agree with the statement that y", "description": "-", "answer": "Neutral", "comment": "", "typeOfQuestion": "radiobutton"}]}','null');
insert into aar_service.record (id, clientId, sessionId, createDate, trialDate, topic, recordType, headline, msgType, recordJson, recordData) values (1568,'TB-Ost','null','2019-09-12 16:57:33.368','2019-09-12 16:57:33.368','system_observer_tool_answer','ObserverToolAnswer','A new observation was reported by: Block3_Confirmation-CrowdTasker_Field observer','Info','{"trialId": 13, "sessionId": 220, "answerId": 1467, "timeSendUTC": 1568300250, "timeWhen": 1568295229000, "observationTypeName": "Block3_Confirmation-CrowdTasker_Field observer", "observervationTypeId": 1544, "observationTypeDescription": "How many years of professional experience do you have in crisis management? ", "description": "", "multiplicity": true, "questions": [{"id": 2904, "name": "How many years of professional experience do you h", "description": "-", "answer": "More than 15 years", "comment": "", "typeOfQuestion": "radiobutton"}]}','null');
insert into aar_service.record (id, clientId, sessionId, createDate, trialDate, topic, recordType, headline, msgType, recordJson, recordData) values (1569,'TB-Ost','null','2019-09-12 16:57:33.501','2019-09-12 16:57:33.501','system_observer_tool_answer','ObserverToolAnswer','A new observation was reported by: Block3_Confirmation-CrowdTasker_Field observer','Info','{"trialId": 13, "sessionId": 220, "answerId": 1468, "timeSendUTC": 1568300251, "timeWhen": 1568297299000, "observationTypeName": "Block3_Confirmation-CrowdTasker_Field observer", "observervationTypeId": 1546, "observationTypeDescription": "The CrowdTasker mobile app is technologically operational (i.e., volunteers can receive tasks and send results).", "description": "", "multiplicity": true, "questions": [{"id": 2903, "name": "The CrowdTasker mobile app is technologically oper", "description": "-", "answer": "Disagree", "comment": "Although this is possible iit should be possible to pose questions, however the volunteers could not see how to do this on the application ", "typeOfQuestion": "radiobutton"}]}','null');
insert into aar_service.record (id, clientId, sessionId, createDate, trialDate, topic, recordType, headline, msgType, recordJson, recordData) values (1570,'TB-Ost','null','2019-09-12 16:57:33.631','2019-09-12 16:57:33.631','system_observer_tool_answer','ObserverToolAnswer','A new observation was reported by: Block3_Confirmation-CrowdTasker_Field observer','Info','{"trialId": 13, "sessionId": 220, "answerId": 1469, "timeSendUTC": 1568300251, "timeWhen": 1568297436000, "observationTypeName": "Block3_Confirmation-CrowdTasker_Field observer", "observervationTypeId": 1547, "observationTypeDescription": "Volunteers can understand the tasks that they receive through the CrowdTasker mobile application.", "description": "", "multiplicity": true, "questions": [{"id": 2907, "name": "Volunteers can understand the tasks that they rece", "description": "-", "answer": "Not applicable", "comment": "Volunteer was able to direct the driver to assist them, the only problem is that the volunteers did not know if they could complete one task after another without returning to the starting point for coordination ", "typeOfQuestion": "radiobutton"}]}','null');
insert into aar_service.record (id, clientId, sessionId, createDate, trialDate, topic, recordType, headline, msgType, recordJson, recordData) values (1571,'TB-Ost','null','2019-09-12 16:57:33.771','2019-09-12 16:57:33.771','system_observer_tool_answer','ObserverToolAnswer','A new observation was reported by: Block3_Confirmation-CrowdTasker_Field observer','Info','{"trialId": 13, "sessionId": 220, "answerId": 1470, "timeSendUTC": 1568300251, "timeWhen": 1568297577000, "observationTypeName": "Block3_Confirmation-CrowdTasker_Field observer", "observervationTypeId": 1549, "observationTypeDescription": "If volunteer is using chatbot instead of the app: the CrowdTasker Telegram chatbot is technologically operational (i.e. volunteers can receive tasks and execute them via the Telegram chatbot).", "description": "", "multiplicity": true, "questions": [{"id": 2909, "name": "If volunteer is using chatbot instead of the app: ", "description": "-", "answer": "Not applicable", "comment": "", "typeOfQuestion": "radiobutton"}]}','null');
insert into aar_service.record (id, clientId, sessionId, createDate, trialDate, topic, recordType, headline, msgType, recordJson, recordData) values (1572,'TB-Ost','null','2019-09-12 16:57:33.898','2019-09-12 16:57:33.898','system_observer_tool_answer','ObserverToolAnswer','A new observation was reported by: Block3_Confirmation-CrowdTasker_Field observer','Info','{"trialId": 13, "sessionId": 220, "answerId": 1471, "timeSendUTC": 1568300251, "timeWhen": 1568297547000, "observationTypeName": "Block3_Confirmation-CrowdTasker_Field observer", "observervationTypeId": 1548, "observationTypeDescription": "The user interface of the CrowdTasker smartphone application sufficiently supports volunteers in executing the tasks they receive.", "description": "", "multiplicity": true, "questions": [{"id": 2902, "name": "The user interface of the CrowdTasker smartphone a", "description": "-", "answer": "Strongly disagree", "comment": "However this could be better,  if it was clear to the volunteer what tasks had been completed and which ones were outstanding-this maybe a training issue ", "typeOfQuestion": "radiobutton"}]}','null');
insert into aar_service.record (id, clientId, sessionId, createDate, trialDate, topic, recordType, headline, msgType, recordJson, recordData) values (1632,'TB-AARTool_FD','null','2019-09-13 08:44:06.449','2019-09-13 08:44:06.449','system_logging','Log','addCallback-->','Info','{"id": "TB-AARTool_FD", "dateTimeSent": 1568357039600, "level": "INFO", "log": "addCallback-->"}','null');
insert into aar_service.record (id, clientId, sessionId, createDate, trialDate, topic, recordType, headline, msgType, recordJson, recordData) values (1643,'TB-AARTool_FD','null','2019-09-13 08:44:07.824','2019-09-13 08:44:07.824','system_logging','Log','addCallback-->','Info','{"id": "TB-AARTool_FD", "dateTimeSent": 1568357039710, "level": "INFO", "log": "addCallback-->"}','null');
insert into aar_service.record (id, clientId, sessionId, createDate, trialDate, topic, recordType, headline, msgType, recordJson, recordData) values (1573,'TB-Ost','null','2019-09-12 16:57:34.03','2019-09-12 16:57:34.03','system_observer_tool_answer','ObserverToolAnswer','A new observation was reported by: Block3_Confirmation-CrowdTasker_Field observer','Info','{"trialId": 13, "sessionId": 220, "answerId": 1472, "timeSendUTC": 1568300251, "timeWhen": 1568297604000, "observationTypeName": "Block3_Confirmation-CrowdTasker_Field observer", "observervationTypeId": 1550, "observationTypeDescription": "If volunteer is using chatbot instead of the app: Interaction with the CrowdTasker chatbot sufficiently supports volunteers in executing the tasks they receive (i.e., volunteers can adequately execute the tasks they receive via the chatbot)\u201D.", "description": "", "multiplicity": true, "questions": [{"id": 2905, "name": "If volunteer is using chatbot instead of the app: ", "description": "-", "answer": "Not applicable", "comment": "", "typeOfQuestion": "radiobutton"}]}','null');
insert into aar_service.record (id, clientId, sessionId, createDate, trialDate, topic, recordType, headline, msgType, recordJson, recordData) values (1574,'TB-Ost','null','2019-09-12 16:57:34.163','2019-09-12 16:57:34.163','system_observer_tool_answer','ObserverToolAnswer','A new observation was reported by: Block3_Confirmation-CrowdTasker_Field observer','Info','{"trialId": 13, "sessionId": 220, "answerId": 1473, "timeSendUTC": 1568300251, "timeWhen": 1568297996000, "observationTypeName": "Block3_Confirmation-CrowdTasker_Field observer", "observervationTypeId": 1551, "observationTypeDescription": "The volunteers know what to do when they get a task by crowdtasker.", "description": "", "multiplicity": true, "questions": [{"id": 2908, "name": "The volunteers know what to do when they get a tas", "description": "-", "answer": "[Agree]", "comment": "The only confusion is knowing if the task is completed by someone else", "typeOfQuestion": "checkbox"}]}','null');
insert into aar_service.record (id, clientId, sessionId, createDate, trialDate, topic, recordType, headline, msgType, recordJson, recordData) values (1575,'TB-Ost','null','2019-09-12 16:57:34.294','2019-09-12 16:57:34.294','system_observer_tool_answer','ObserverToolAnswer','A new observation was reported by: Block3_Confirmation-CrowdTasker_Field observer','Info','{"trialId": 13, "sessionId": 220, "answerId": 1474, "timeSendUTC": 1568300251, "timeWhen": 1568298090000, "observationTypeName": "Block3_Confirmation-CrowdTasker_Field observer", "observervationTypeId": 1553, "observationTypeDescription": "Do you observe the information (photos) they are sending, is relevant according to the scenario? i.e: sending photos of collapsed structures, landslides, damaged buildings or other clearly damaged infrastructure.", "description": "", "multiplicity": true, "questions": [{"id": 2911, "name": "Do you observe the information (photos) they are s", "description": "-", "answer": "[Agree]", "comment": "", "typeOfQuestion": "checkbox"}]}','null');
insert into aar_service.record (id, clientId, sessionId, createDate, trialDate, topic, recordType, headline, msgType, recordJson, recordData) values (1576,'TB-Ost','null','2019-09-12 16:57:34.433','2019-09-12 16:57:34.433','system_observer_tool_answer','ObserverToolAnswer','A new observation was reported by: Block3_Confirmation-CrowdTasker_Field observer','Info','{"trialId": 13, "sessionId": 220, "answerId": 1475, "timeSendUTC": 1568300251, "timeWhen": 1568298055000, "observationTypeName": "Block3_Confirmation-CrowdTasker_Field observer", "observervationTypeId": 1552, "observationTypeDescription": "Volunters were acting safely (being careful when crossing streets, taking photos from a safe distance).", "description": "", "multiplicity": true, "questions": [{"id": 2910, "name": "Volunters were acting safely (being careful when c", "description": "-", "answer": "[Agree]", "comment": "", "typeOfQuestion": "checkbox"}]}','null');
insert into aar_service.record (id, clientId, sessionId, createDate, trialDate, topic, recordType, headline, msgType, recordJson, recordData) values (1577,'TB-Ost','null','2019-09-12 16:58:04.301','2019-09-12 16:58:04.301','system_observer_tool_answer','ObserverToolAnswer','A new observation was reported by: Block3_Confirmation-CrowdTasker_Participant','Info','{"trialId": 13, "sessionId": 217, "answerId": 1476, "timeSendUTC": 1568300282, "timeWhen": 1568300283000, "observationTypeName": "Block3_Confirmation-CrowdTasker_Participant", "observervationTypeId": 1578, "observationTypeDescription": "Question set", "description": "", "multiplicity": true, "questions": [{"id": 2957, "name": "Do you think your task/ came from a reliable sourc", "description": "-", "answer": "[Agree]", "comment": "", "typeOfQuestion": "checkbox"}, {"id": 2958, "name": "My task made an impact.", "description": "-", "answer": "[Agree]", "comment": "", "typeOfQuestion": "checkbox"}, {"id": 2959, "name": "It was too much information (Tasks)?", "description": "-", "answer": "[Not applicable]", "comment": "", "typeOfQuestion": "checkbox"}, {"id": 2960, "name": "The tasks to fulfill were clear to me.", "description": "-", "answer": "[Not applicable]", "comment": "", "typeOfQuestion": "checkbox"}, {"id": 2961, "name": "It was clear for me when my task was fulfilled.", "description": "-", "answer": "[Agree]", "comment": "", "typeOfQuestion": "checkbox"}]}','null');
insert into aar_service.record (id, clientId, sessionId, createDate, trialDate, topic, recordType, headline, msgType, recordJson, recordData) values (1578,'TB-Ost','null','2019-09-12 16:58:31.071','2019-09-12 16:58:31.071','system_observer_tool_answer','ObserverToolAnswer','A new observation was reported by: Block3_Confirmation-CrowdTasker_Field observer','Info','{"trialId": 13, "sessionId": 220, "answerId": 1477, "timeSendUTC": 1568300308, "timeWhen": 1568295570000, "observationTypeName": "Block3_Confirmation-CrowdTasker_Field observer", "observervationTypeId": 1544, "observationTypeDescription": "How many years of professional experience do you have in crisis management? ", "description": "", "multiplicity": true, "questions": [{"id": 2904, "name": "How many years of professional experience do you h", "description": "-", "answer": "More than 15 years", "comment": "", "typeOfQuestion": "radiobutton"}]}','null');
insert into aar_service.record (id, clientId, sessionId, createDate, trialDate, topic, recordType, headline, msgType, recordJson, recordData) values (1579,'TB-Ost','null','2019-09-12 16:58:31.223','2019-09-12 16:58:31.223','system_observer_tool_answer','ObserverToolAnswer','A new observation was reported by: Block3_Confirmation-CrowdTasker_Field observer','Info','{"trialId": 13, "sessionId": 220, "answerId": 1478, "timeSendUTC": 1568300308, "timeWhen": 1568295590000, "observationTypeName": "Block3_Confirmation-CrowdTasker_Field observer", "observervationTypeId": 1545, "observationTypeDescription": "How much would you agree with the statement that you have experience and knowledge regarding volunteer management?", "description": "", "multiplicity": true, "questions": [{"id": 2906, "name": "How much would you agree with the statement that y", "description": "-", "answer": "Strongly agree", "comment": "", "typeOfQuestion": "radiobutton"}]}','null');
insert into aar_service.record (id, clientId, sessionId, createDate, trialDate, topic, recordType, headline, msgType, recordJson, recordData) values (1580,'TB-Ost','null','2019-09-12 16:58:31.359','2019-09-12 16:58:31.359','system_observer_tool_answer','ObserverToolAnswer','A new observation was reported by: Block3_Confirmation-CrowdTasker_Field observer','Info','{"trialId": 13, "sessionId": 220, "answerId": 1479, "timeSendUTC": 1568300308, "timeWhen": 1568295597000, "observationTypeName": "Block3_Confirmation-CrowdTasker_Field observer", "observervationTypeId": 1545, "observationTypeDescription": "How much would you agree with the statement that you have experience and knowledge regarding volunteer management?", "description": "", "multiplicity": true, "questions": [{"id": 2906, "name": "How much would you agree with the statement that y", "description": "-", "answer": "Strongly agree", "comment": "", "typeOfQuestion": "radiobutton"}]}','null');
insert into aar_service.record (id, clientId, sessionId, createDate, trialDate, topic, recordType, headline, msgType, recordJson, recordData) values (1581,'TB-Ost','null','2019-09-12 16:58:31.499','2019-09-12 16:58:31.499','system_observer_tool_answer','ObserverToolAnswer','A new observation was reported by: Block3_Confirmation-CrowdTasker_Field observer','Info','{"trialId": 13, "sessionId": 220, "answerId": 1480, "timeSendUTC": 1568300309, "timeWhen": 1568295591000, "observationTypeName": "Block3_Confirmation-CrowdTasker_Field observer", "observervationTypeId": 1545, "observationTypeDescription": "How much would you agree with the statement that you have experience and knowledge regarding volunteer management?", "description": "", "multiplicity": true, "questions": [{"id": 2906, "name": "How much would you agree with the statement that y", "description": "-", "answer": "Strongly agree", "comment": "", "typeOfQuestion": "radiobutton"}]}','null');
insert into aar_service.record (id, clientId, sessionId, createDate, trialDate, topic, recordType, headline, msgType, recordJson, recordData) values (1633,'TB-AARTool_FD','null','2019-09-13 08:44:06.574','2019-09-13 08:44:06.574','system_logging','Log','--> addCallback: system_tm_phase_message','Info','{"id": "TB-AARTool_FD", "dateTimeSent": 1568357039600, "level": "INFO", "log": "--> addCallback: system_tm_phase_message"}','null');
insert into aar_service.record (id, clientId, sessionId, createDate, trialDate, topic, recordType, headline, msgType, recordJson, recordData) values (1582,'TB-Ost','null','2019-09-12 16:58:31.633','2019-09-12 16:58:31.633','system_observer_tool_answer','ObserverToolAnswer','A new observation was reported by: Block3_Confirmation-CrowdTasker_Field observer','Info','{"trialId": 13, "sessionId": 220, "answerId": 1481, "timeSendUTC": 1568300309, "timeWhen": 1568295604000, "observationTypeName": "Block3_Confirmation-CrowdTasker_Field observer", "observervationTypeId": 1545, "observationTypeDescription": "How much would you agree with the statement that you have experience and knowledge regarding volunteer management?", "description": "", "multiplicity": true, "questions": [{"id": 2906, "name": "How much would you agree with the statement that y", "description": "-", "answer": "Strongly agree", "comment": "", "typeOfQuestion": "radiobutton"}]}','null');
insert into aar_service.record (id, clientId, sessionId, createDate, trialDate, topic, recordType, headline, msgType, recordJson, recordData) values (1583,'TB-Ost','null','2019-09-12 16:58:31.782','2019-09-12 16:58:31.782','system_observer_tool_answer','ObserverToolAnswer','A new observation was reported by: Block3_Confirmation-CrowdTasker_Field observer','Info','{"trialId": 13, "sessionId": 220, "answerId": 1482, "timeSendUTC": 1568300309, "timeWhen": 1568295647000, "observationTypeName": "Block3_Confirmation-CrowdTasker_Field observer", "observervationTypeId": 1546, "observationTypeDescription": "The CrowdTasker mobile app is technologically operational (i.e., volunteers can receive tasks and send results).", "description": "", "multiplicity": true, "questions": [{"id": 2903, "name": "The CrowdTasker mobile app is technologically oper", "description": "-", "answer": "Strongly agree", "comment": "", "typeOfQuestion": "radiobutton"}]}','null');
insert into aar_service.record (id, clientId, sessionId, createDate, trialDate, topic, recordType, headline, msgType, recordJson, recordData) values (1584,'TB-Ost','null','2019-09-12 16:58:31.918','2019-09-12 16:58:31.918','system_observer_tool_answer','ObserverToolAnswer','A new observation was reported by: Block3_Confirmation-CrowdTasker_Field observer','Info','{"trialId": 13, "sessionId": 220, "answerId": 1483, "timeSendUTC": 1568300309, "timeWhen": 1568295623000, "observationTypeName": "Block3_Confirmation-CrowdTasker_Field observer", "observervationTypeId": 1544, "observationTypeDescription": "How many years of professional experience do you have in crisis management? ", "description": "", "multiplicity": true, "questions": [{"id": 2904, "name": "How many years of professional experience do you h", "description": "-", "answer": "More than 15 years", "comment": "", "typeOfQuestion": "radiobutton"}]}','null');
insert into aar_service.record (id, clientId, sessionId, createDate, trialDate, topic, recordType, headline, msgType, recordJson, recordData) values (1585,'TB-Ost','null','2019-09-12 16:58:32.064','2019-09-12 16:58:32.064','system_observer_tool_answer','ObserverToolAnswer','A new observation was reported by: Block3_Confirmation-CrowdTasker_Field observer','Info','{"trialId": 13, "sessionId": 220, "answerId": 1484, "timeSendUTC": 1568300309, "timeWhen": 1568297261000, "observationTypeName": "Block3_Confirmation-CrowdTasker_Field observer", "observervationTypeId": 1546, "observationTypeDescription": "The CrowdTasker mobile app is technologically operational (i.e., volunteers can receive tasks and send results).", "description": "", "multiplicity": true, "questions": [{"id": 2903, "name": "The CrowdTasker mobile app is technologically oper", "description": "-", "answer": "Agree", "comment": "It works but there are questions on  to use it", "typeOfQuestion": "radiobutton"}]}','null');
insert into aar_service.record (id, clientId, sessionId, createDate, trialDate, topic, recordType, headline, msgType, recordJson, recordData) values (1586,'TB-Ost','null','2019-09-12 16:58:32.201','2019-09-12 16:58:32.201','system_observer_tool_answer','ObserverToolAnswer','A new observation was reported by: Block3_Confirmation-CrowdTasker_Field observer','Info','{"trialId": 13, "sessionId": 220, "answerId": 1485, "timeSendUTC": 1568300309, "timeWhen": 1568295655000, "observationTypeName": "Block3_Confirmation-CrowdTasker_Field observer", "observervationTypeId": 1546, "observationTypeDescription": "The CrowdTasker mobile app is technologically operational (i.e., volunteers can receive tasks and send results).", "description": "", "multiplicity": true, "questions": [{"id": 2903, "name": "The CrowdTasker mobile app is technologically oper", "description": "-", "answer": "Strongly agree", "comment": "", "typeOfQuestion": "radiobutton"}]}','null');
insert into aar_service.record (id, clientId, sessionId, createDate, trialDate, topic, recordType, headline, msgType, recordJson, recordData) values (1587,'TB-Ost','null','2019-09-12 16:58:32.338','2019-09-12 16:58:32.338','system_observer_tool_answer','ObserverToolAnswer','A new observation was reported by: Block3_Confirmation-CrowdTasker_Field observer','Info','{"trialId": 13, "sessionId": 220, "answerId": 1486, "timeSendUTC": 1568300309, "timeWhen": 1568297270000, "observationTypeName": "Block3_Confirmation-CrowdTasker_Field observer", "observervationTypeId": 1546, "observationTypeDescription": "The CrowdTasker mobile app is technologically operational (i.e., volunteers can receive tasks and send results).", "description": "", "multiplicity": true, "questions": [{"id": 2903, "name": "The CrowdTasker mobile app is technologically oper", "description": "-", "answer": "Agree", "comment": "It works but there are questions on  to use it", "typeOfQuestion": "radiobutton"}]}','null');
insert into aar_service.record (id, clientId, sessionId, createDate, trialDate, topic, recordType, headline, msgType, recordJson, recordData) values (1588,'TB-Ost','null','2019-09-12 16:58:32.471','2019-09-12 16:58:32.471','system_observer_tool_answer','ObserverToolAnswer','A new observation was reported by: Block3_Confirmation-CrowdTasker_Field observer','Info','{"trialId": 13, "sessionId": 220, "answerId": 1487, "timeSendUTC": 1568300309, "timeWhen": 1568297319000, "observationTypeName": "Block3_Confirmation-CrowdTasker_Field observer", "observervationTypeId": 1547, "observationTypeDescription": "Volunteers can understand the tasks that they receive through the CrowdTasker mobile application.", "description": "", "multiplicity": true, "questions": [{"id": 2907, "name": "Volunteers can understand the tasks that they rece", "description": "-", "answer": "Agree", "comment": "But they dont know when it is finished", "typeOfQuestion": "radiobutton"}]}','null');
insert into aar_service.record (id, clientId, sessionId, createDate, trialDate, topic, recordType, headline, msgType, recordJson, recordData) values (1589,'TB-Ost','null','2019-09-12 16:58:32.613','2019-09-12 16:58:32.613','system_observer_tool_answer','ObserverToolAnswer','A new observation was reported by: Block3_Confirmation-CrowdTasker_Field observer','Info','{"trialId": 13, "sessionId": 220, "answerId": 1488, "timeSendUTC": 1568300309, "timeWhen": 1568297413000, "observationTypeName": "Block3_Confirmation-CrowdTasker_Field observer", "observervationTypeId": 1548, "observationTypeDescription": "The user interface of the CrowdTasker smartphone application sufficiently supports volunteers in executing the tasks they receive.", "description": "", "multiplicity": true, "questions": [{"id": 2902, "name": "The user interface of the CrowdTasker smartphone a", "description": "-", "answer": "Neutral", "comment": "The mapfunction is not detailed enough for guiding the volunteers", "typeOfQuestion": "radiobutton"}]}','null');
insert into aar_service.record (id, clientId, sessionId, createDate, trialDate, topic, recordType, headline, msgType, recordJson, recordData) values (1590,'TB-Ost','null','2019-09-12 16:58:32.769','2019-09-12 16:58:32.769','system_observer_tool_answer','ObserverToolAnswer','A new observation was reported by: Block3_Confirmation-CrowdTasker_Field observer','Info','{"trialId": 13, "sessionId": 220, "answerId": 1489, "timeSendUTC": 1568300309, "timeWhen": 1568297463000, "observationTypeName": "Block3_Confirmation-CrowdTasker_Field observer", "observervationTypeId": 1549, "observationTypeDescription": "If volunteer is using chatbot instead of the app: the CrowdTasker Telegram chatbot is technologically operational (i.e. volunteers can receive tasks and execute them via the Telegram chatbot).", "description": "", "multiplicity": true, "questions": [{"id": 2909, "name": "If volunteer is using chatbot instead of the app: ", "description": "-", "answer": "Not applicable", "comment": "", "typeOfQuestion": "radiobutton"}]}','null');
insert into aar_service.record (id, clientId, sessionId, createDate, trialDate, topic, recordType, headline, msgType, recordJson, recordData) values (1634,'TB-AARTool_FD','null','2019-09-13 08:44:06.699','2019-09-13 08:44:06.699','system_logging','Log','New Generic Callback Consumer created for topic: system_tm_phase_message','Info','{"id": "TB-AARTool_FD", "dateTimeSent": 1568357039616, "level": "INFO", "log": "New Generic Callback Consumer created for topic: system_tm_phase_message"}','null');
insert into aar_service.record (id, clientId, sessionId, createDate, trialDate, topic, recordType, headline, msgType, recordJson, recordData) values (1644,'TB-AARTool_FD','null','2019-09-13 08:44:07.949','2019-09-13 08:44:07.949','system_logging','Log','--> addCallback: asign_info','Info','{"id": "TB-AARTool_FD", "dateTimeSent": 1568357039725, "level": "INFO", "log": "--> addCallback: asign_info"}','null');
insert into aar_service.record (id, clientId, sessionId, createDate, trialDate, topic, recordType, headline, msgType, recordJson, recordData) values (1756,'TB-AARTool_FD','null','2019-09-13 08:52:50.747','2019-09-13 08:52:50.747','system_logging','Log','addCallback-->','Info','{"id": "TB-AARTool_FD", "dateTimeSent": 1568357348581, "level": "INFO", "log": "addCallback-->"}','null');
insert into aar_service.record (id, clientId, sessionId, createDate, trialDate, topic, recordType, headline, msgType, recordJson, recordData) values (1591,'TB-Ost','null','2019-09-12 16:58:32.905','2019-09-12 16:58:32.905','system_observer_tool_answer','ObserverToolAnswer','A new observation was reported by: Block3_Confirmation-CrowdTasker_Field observer','Info','{"trialId": 13, "sessionId": 220, "answerId": 1490, "timeSendUTC": 1568300310, "timeWhen": 1568297478000, "observationTypeName": "Block3_Confirmation-CrowdTasker_Field observer", "observervationTypeId": 1550, "observationTypeDescription": "If volunteer is using chatbot instead of the app: Interaction with the CrowdTasker chatbot sufficiently supports volunteers in executing the tasks they receive (i.e., volunteers can adequately execute the tasks they receive via the chatbot)\u201D.", "description": "", "multiplicity": true, "questions": [{"id": 2905, "name": "If volunteer is using chatbot instead of the app: ", "description": "-", "answer": "Not applicable", "comment": "", "typeOfQuestion": "radiobutton"}]}','null');
insert into aar_service.record (id, clientId, sessionId, createDate, trialDate, topic, recordType, headline, msgType, recordJson, recordData) values (1592,'TB-Ost','null','2019-09-12 16:58:33.058','2019-09-12 16:58:33.058','system_observer_tool_answer','ObserverToolAnswer','A new observation was reported by: Block3_Confirmation-CrowdTasker_Field observer','Info','{"trialId": 13, "sessionId": 220, "answerId": 1491, "timeSendUTC": 1568300310, "timeWhen": 1568297533000, "observationTypeName": "Block3_Confirmation-CrowdTasker_Field observer", "observervationTypeId": 1551, "observationTypeDescription": "The volunteers know what to do when they get a task by crowdtasker.", "description": "", "multiplicity": true, "questions": [{"id": 2908, "name": "The volunteers know what to do when they get a tas", "description": "-", "answer": "[Agree]", "comment": "Not fully as they ddoubt when the task is finished", "typeOfQuestion": "checkbox"}]}','null');
insert into aar_service.record (id, clientId, sessionId, createDate, trialDate, topic, recordType, headline, msgType, recordJson, recordData) values (1593,'TB-Ost','null','2019-09-12 16:58:33.202','2019-09-12 16:58:33.202','system_observer_tool_answer','ObserverToolAnswer','A new observation was reported by: Block3_Confirmation-CrowdTasker_Field observer','Info','{"trialId": 13, "sessionId": 220, "answerId": 1492, "timeSendUTC": 1568300310, "timeWhen": 1568299467000, "observationTypeName": "Block3_Confirmation-CrowdTasker_Field observer", "observervationTypeId": 1553, "observationTypeDescription": "Do you observe the information (photos) they are sending, is relevant according to the scenario? i.e: sending photos of collapsed structures, landslides, damaged buildings or other clearly damaged infrastructure.", "description": "", "multiplicity": true, "questions": [{"id": 2911, "name": "Do you observe the information (photos) they are s", "description": "-", "answer": "[Agree]", "comment": "But the task does not invite them to r take more than one picture", "typeOfQuestion": "checkbox"}]}','null');
insert into aar_service.record (id, clientId, sessionId, createDate, trialDate, topic, recordType, headline, msgType, recordJson, recordData) values (1594,'TB-Ost','null','2019-09-12 16:58:33.336','2019-09-12 16:58:33.336','system_observer_tool_answer','ObserverToolAnswer','A new observation was reported by: Block3_Confirmation-CrowdTasker_Field observer','Info','{"trialId": 13, "sessionId": 220, "answerId": 1494, "timeSendUTC": 1568300310, "timeWhen": 1568297612000, "observationTypeName": "Block3_Confirmation-CrowdTasker_Field observer", "observervationTypeId": 1553, "observationTypeDescription": "Do you observe the information (photos) they are sending, is relevant according to the scenario? i.e: sending photos of collapsed structures, landslides, damaged buildings or other clearly damaged infrastructure.", "description": "", "multiplicity": true, "questions": [{"id": 2911, "name": "Do you observe the information (photos) they are s", "description": "-", "answer": "[Agree]", "comment": "But the task does not invite them to r take more than one picture", "typeOfQuestion": "checkbox"}]}','null');
insert into aar_service.record (id, clientId, sessionId, createDate, trialDate, topic, recordType, headline, msgType, recordJson, recordData) values (1595,'TB-Ost','null','2019-09-12 16:58:33.471','2019-09-12 16:58:33.471','system_observer_tool_answer','ObserverToolAnswer','A new observation was reported by: Block3_Confirmation-CrowdTasker_Field observer','Info','{"trialId": 13, "sessionId": 220, "answerId": 1493, "timeSendUTC": 1568300310, "timeWhen": 1568297550000, "observationTypeName": "Block3_Confirmation-CrowdTasker_Field observer", "observervationTypeId": 1552, "observationTypeDescription": "Volunters were acting safely (being careful when crossing streets, taking photos from a safe distance).", "description": "", "multiplicity": true, "questions": [{"id": 2910, "name": "Volunters were acting safely (being careful when c", "description": "-", "answer": "[Agree]", "comment": "", "typeOfQuestion": "checkbox"}]}','null');
insert into aar_service.record (id, clientId, sessionId, createDate, trialDate, topic, recordType, headline, msgType, recordJson, recordData) values (1596,'TB-Ost','null','2019-09-12 17:00:00.843','2019-09-12 17:00:00.843','system_observer_tool_answer','ObserverToolAnswer','A new observation was reported by: Block3_Confirmation-CrowdTasker_Participant','Info','{"trialId": 13, "sessionId": 217, "answerId": 1495, "timeSendUTC": 1568300398, "timeWhen": 1568300318000, "observationTypeName": "Block3_Confirmation-CrowdTasker_Participant", "observervationTypeId": 1578, "observationTypeDescription": "Question set", "description": "", "multiplicity": true, "questions": [{"id": 2957, "name": "Do you think your task/ came from a reliable sourc", "description": "-", "answer": "[Agree]", "comment": "", "typeOfQuestion": "checkbox"}, {"id": 2958, "name": "My task made an impact.", "description": "-", "answer": "[Not applicable]", "comment": "", "typeOfQuestion": "checkbox"}, {"id": 2959, "name": "It was too much information (Tasks)?", "description": "-", "answer": "[Agree]", "comment": "", "typeOfQuestion": "checkbox"}, {"id": 2960, "name": "The tasks to fulfill were clear to me.", "description": "-", "answer": "[Not applicable]", "comment": "", "typeOfQuestion": "checkbox"}, {"id": 2961, "name": "It was clear for me when my task was fulfilled.", "description": "-", "answer": "[Agree]", "comment": "", "typeOfQuestion": "checkbox"}]}','null');
insert into aar_service.record (id, clientId, sessionId, createDate, trialDate, topic, recordType, headline, msgType, recordJson, recordData) values (1597,'TB-Ost','null','2019-09-12 17:01:47.539','2019-09-12 17:01:47.539','system_observer_tool_answer','ObserverToolAnswer','A new observation was reported by: Block3_Confirmation-CrowdTasker_Participant','Info','{"trialId": 13, "sessionId": 217, "answerId": 1496, "timeSendUTC": 1568300505, "timeWhen": 1568300506000, "observationTypeName": "Block3_Confirmation-CrowdTasker_Participant", "observervationTypeId": 1578, "observationTypeDescription": "Question set", "description": "", "multiplicity": true, "questions": [{"id": 2957, "name": "Do you think your task/ came from a reliable sourc", "description": "-", "answer": "[Agree]", "comment": "", "typeOfQuestion": "checkbox"}, {"id": 2958, "name": "My task made an impact.", "description": "-", "answer": "[Not applicable]", "comment": "No, I don\u2019t think so", "typeOfQuestion": "checkbox"}, {"id": 2959, "name": "It was too much information (Tasks)?", "description": "-", "answer": "[Not applicable]", "comment": "No, not enough information", "typeOfQuestion": "checkbox"}, {"id": 2960, "name": "The tasks to fulfill were clear to me.", "description": "-", "answer": "[Not applicable]", "comment": "Tasks were unclear", "typeOfQuestion": "checkbox"}, {"id": 2961, "name": "It was clear for me when my task was fulfilled.", "description": "-", "answer": "[Agree]", "comment": "", "typeOfQuestion": "checkbox"}]}','null');
insert into aar_service.record (id, clientId, sessionId, createDate, trialDate, topic, recordType, headline, msgType, recordJson, recordData) values (1635,'TB-AARTool_FD','null','2019-09-13 08:44:06.824','2019-09-13 08:44:06.824','system_logging','Log','addCallback-->','Info','{"id": "TB-AARTool_FD", "dateTimeSent": 1568357039616, "level": "INFO", "log": "addCallback-->"}','null');
insert into aar_service.record (id, clientId, sessionId, createDate, trialDate, topic, recordType, headline, msgType, recordJson, recordData) values (1645,'TB-AARTool_FD','null','2019-09-13 08:44:08.074','2019-09-13 08:44:08.074','system_logging','Log','New Generic Callback Consumer created for topic: asign_info','Info','{"id": "TB-AARTool_FD", "dateTimeSent": 1568357039741, "level": "INFO", "log": "New Generic Callback Consumer created for topic: asign_info"}','null');
insert into aar_service.record (id, clientId, sessionId, createDate, trialDate, topic, recordType, headline, msgType, recordJson, recordData) values (1651,'TB-AARTool_FD','null','2019-09-13 08:44:08.824','2019-09-13 08:44:08.824','system_logging','Log','New Generic Callback Consumer created for topic: crowd-tasker_info','Info','{"id": "TB-AARTool_FD", "dateTimeSent": 1568357039835, "level": "INFO", "log": "New Generic Callback Consumer created for topic: crowd-tasker_info"}','null');
insert into aar_service.record (id, clientId, sessionId, createDate, trialDate, topic, recordType, headline, msgType, recordJson, recordData) values (1719,'TB-AARTool_FD','null','2019-09-13 08:49:27.897','2019-09-13 08:49:27.897','system_logging','Log','--> addCallback: system_observer_tool_answer','Info','{"id": "TB-AARTool_FD", "dateTimeSent": 1568357348581, "level": "INFO", "log": "--> addCallback: system_observer_tool_answer"}','null');
insert into aar_service.record (id, clientId, sessionId, createDate, trialDate, topic, recordType, headline, msgType, recordJson, recordData) values (1598,'TB-Ost','null','2019-09-12 17:02:14.321','2019-09-12 17:02:14.321','system_observer_tool_answer','ObserverToolAnswer','A new observation was reported by: Block3_Confirmation-CrowdTasker_Participant','Info','{"trialId": 13, "sessionId": 217, "answerId": 1497, "timeSendUTC": 1568300532, "timeWhen": 1568300533000, "observationTypeName": "Block3_Confirmation-CrowdTasker_Participant", "observervationTypeId": 1578, "observationTypeDescription": "Question set", "description": "", "multiplicity": true, "questions": [{"id": 2957, "name": "Do you think your task/ came from a reliable sourc", "description": "-", "answer": "[Agree]", "comment": "", "typeOfQuestion": "checkbox"}, {"id": 2958, "name": "My task made an impact.", "description": "-", "answer": "[Agree]", "comment": "", "typeOfQuestion": "checkbox"}, {"id": 2959, "name": "It was too much information (Tasks)?", "description": "-", "answer": "[Not applicable]", "comment": "", "typeOfQuestion": "checkbox"}, {"id": 2960, "name": "The tasks to fulfill were clear to me.", "description": "-", "answer": "[Agree]", "comment": "", "typeOfQuestion": "checkbox"}, {"id": 2961, "name": "It was clear for me when my task was fulfilled.", "description": "-", "answer": "[Agree]", "comment": "", "typeOfQuestion": "checkbox"}]}','null');
insert into aar_service.record (id, clientId, sessionId, createDate, trialDate, topic, recordType, headline, msgType, recordJson, recordData) values (1599,'TB-Ost','null','2019-09-12 17:02:42.755','2019-09-12 17:02:42.755','system_observer_tool_answer','ObserverToolAnswer','A new observation was reported by: Block3_Confirmation-CrowdTasker_Field observer','Info','{"trialId": 13, "sessionId": 220, "answerId": 1498, "timeSendUTC": 1568300560, "timeWhen": 1568300563000, "observationTypeName": "Block3_Confirmation-CrowdTasker_Field observer", "observervationTypeId": 1551, "observationTypeDescription": "The volunteers know what to do when they get a task by crowdtasker.", "description": "", "multiplicity": true, "questions": [{"id": 2908, "name": "The volunteers know what to do when they get a tas", "description": "-", "answer": "[Not applicable]", "comment": "", "typeOfQuestion": "checkbox"}]}','null');
insert into aar_service.record (id, clientId, sessionId, createDate, trialDate, topic, recordType, headline, msgType, recordJson, recordData) values (1600,'TB-Ost','null','2019-09-12 17:02:57.485','2019-09-12 17:02:57.485','system_observer_tool_answer','ObserverToolAnswer','A new observation was reported by: Block3_Confirmation-CrowdTasker_Field observer','Info','{"trialId": 13, "sessionId": 220, "answerId": 1499, "timeSendUTC": 1568300575, "timeWhen": 1568300577000, "observationTypeName": "Block3_Confirmation-CrowdTasker_Field observer", "observervationTypeId": 1552, "observationTypeDescription": "Volunters were acting safely (being careful when crossing streets, taking photos from a safe distance).", "description": "", "multiplicity": true, "questions": [{"id": 2910, "name": "Volunters were acting safely (being careful when c", "description": "-", "answer": "[Agree]", "comment": "", "typeOfQuestion": "checkbox"}]}','null');
insert into aar_service.record (id, clientId, sessionId, createDate, trialDate, topic, recordType, headline, msgType, recordJson, recordData) values (1601,'TB-Ost','null','2019-09-12 17:03:23.874','2019-09-12 17:03:23.874','system_observer_tool_answer','ObserverToolAnswer','A new observation was reported by: Block3_Confirmation-CrowdTasker_Field observer','Info','{"trialId": 13, "sessionId": 220, "answerId": 1500, "timeSendUTC": 1568300601, "timeWhen": 1568300604000, "observationTypeName": "Block3_Confirmation-CrowdTasker_Field observer", "observervationTypeId": 1553, "observationTypeDescription": "Do you observe the information (photos) they are sending, is relevant according to the scenario? i.e: sending photos of collapsed structures, landslides, damaged buildings or other clearly damaged infrastructure.", "description": "", "multiplicity": true, "questions": [{"id": 2911, "name": "Do you observe the information (photos) they are s", "description": "-", "answer": "[Agree]", "comment": "", "typeOfQuestion": "checkbox"}]}','null');
insert into aar_service.record (id, clientId, sessionId, createDate, trialDate, topic, recordType, headline, msgType, recordJson, recordData) values (1602,'TB-Ost','null','2019-09-12 17:04:01.735','2019-09-12 17:04:01.735','system_observer_tool_answer','ObserverToolAnswer','A new observation was reported by: Block3_Confirmation-CrowdTasker_Participant','Info','{"trialId": 13, "sessionId": 217, "answerId": 1501, "timeSendUTC": 1568300639, "timeWhen": 1568300640000, "observationTypeName": "Block3_Confirmation-CrowdTasker_Participant", "observervationTypeId": 1578, "observationTypeDescription": "Question set", "description": "", "multiplicity": true, "questions": [{"id": 2957, "name": "Do you think your task/ came from a reliable sourc", "description": "-", "answer": "[Agree]", "comment": "", "typeOfQuestion": "checkbox"}, {"id": 2958, "name": "My task made an impact.", "description": "-", "answer": "[Not applicable]", "comment": "It was difficult to perform the tasks because of unclear instructions ", "typeOfQuestion": "checkbox"}, {"id": 2959, "name": "It was too much information (Tasks)?", "description": "-", "answer": "[Not applicable]", "comment": "The information was unclear when you don''t know the area ", "typeOfQuestion": "checkbox"}, {"id": 2960, "name": "The tasks to fulfill were clear to me.", "description": "-", "answer": "[Not applicable]", "comment": "", "typeOfQuestion": "checkbox"}, {"id": 2961, "name": "It was clear for me when my task was fulfilled.", "description": "-", "answer": "[Agree]", "comment": "", "typeOfQuestion": "checkbox"}]}','null');
insert into aar_service.record (id, clientId, sessionId, createDate, trialDate, topic, recordType, headline, msgType, recordJson, recordData) values (1603,'TB-Ost','null','2019-09-12 17:04:33.029','2019-09-12 17:04:33.029','system_observer_tool_answer','ObserverToolAnswer','A new observation was reported by: Block3_Confirmation-CrowdTasker_Field observer','Info','{"trialId": 13, "sessionId": 220, "answerId": 1502, "timeSendUTC": 1568300670, "timeWhen": 1568300673000, "observationTypeName": "Block3_Confirmation-CrowdTasker_Field observer", "observervationTypeId": 1550, "observationTypeDescription": "If volunteer is using chatbot instead of the app: Interaction with the CrowdTasker chatbot sufficiently supports volunteers in executing the tasks they receive (i.e., volunteers can adequately execute the tasks they receive via the chatbot)\u201D.", "description": "", "multiplicity": true, "questions": [{"id": 2905, "name": "If volunteer is using chatbot instead of the app: ", "description": "-", "answer": "Not applicable", "comment": "", "typeOfQuestion": "radiobutton"}]}','null');
insert into aar_service.record (id, clientId, sessionId, createDate, trialDate, topic, recordType, headline, msgType, recordJson, recordData) values (1604,'TB-Ost','null','2019-09-12 17:04:40.487','2019-09-12 17:04:40.487','system_observer_tool_answer','ObserverToolAnswer','A new observation was reported by: Block3_Confirmation-CrowdTasker_Field observer','Info','{"trialId": 13, "sessionId": 220, "answerId": 1503, "timeSendUTC": 1568300678, "timeWhen": 1568300680000, "observationTypeName": "Block3_Confirmation-CrowdTasker_Field observer", "observervationTypeId": 1549, "observationTypeDescription": "If volunteer is using chatbot instead of the app: the CrowdTasker Telegram chatbot is technologically operational (i.e. volunteers can receive tasks and execute them via the Telegram chatbot).", "description": "", "multiplicity": true, "questions": [{"id": 2909, "name": "If volunteer is using chatbot instead of the app: ", "description": "-", "answer": "Not applicable", "comment": "", "typeOfQuestion": "radiobutton"}]}','null');
insert into aar_service.record (id, clientId, sessionId, createDate, trialDate, topic, recordType, headline, msgType, recordJson, recordData) values (1636,'TB-AARTool_FD','null','2019-09-13 08:44:06.949','2019-09-13 08:44:06.949','system_logging','Log','--> addCallback: system_tm_role_player','Info','{"id": "TB-AARTool_FD", "dateTimeSent": 1568357039632, "level": "INFO", "log": "--> addCallback: system_tm_role_player"}','null');
insert into aar_service.record (id, clientId, sessionId, createDate, trialDate, topic, recordType, headline, msgType, recordJson, recordData) values (1646,'TB-AARTool_FD','null','2019-09-13 08:44:08.199','2019-09-13 08:44:08.199','system_logging','Log','addCallback-->','Info','{"id": "TB-AARTool_FD", "dateTimeSent": 1568357039756, "level": "INFO", "log": "addCallback-->"}','null');
insert into aar_service.record (id, clientId, sessionId, createDate, trialDate, topic, recordType, headline, msgType, recordJson, recordData) values (1652,'TB-AARTool_FD','null','2019-09-13 08:44:08.949','2019-09-13 08:44:08.949','system_logging','Log','addCallback-->','Info','{"id": "TB-AARTool_FD", "dateTimeSent": 1568357039835, "level": "INFO", "log": "addCallback-->"}','null');
insert into aar_service.record (id, clientId, sessionId, createDate, trialDate, topic, recordType, headline, msgType, recordJson, recordData) values (1654,'TB-AARTool_FD','null','2019-09-13 08:44:09.199','2019-09-13 08:44:09.199','system_logging','Log','New Generic Callback Consumer created for topic: map_layer_update','Info','{"id": "TB-AARTool_FD", "dateTimeSent": 1568357039866, "level": "INFO", "log": "New Generic Callback Consumer created for topic: map_layer_update"}','null');
insert into aar_service.record (id, clientId, sessionId, createDate, trialDate, topic, recordType, headline, msgType, recordJson, recordData) values (1787,'TB-AARTool_FD','null','2019-09-13 08:52:54.67','2019-09-13 08:52:54.67','system_logging','Log','initCoreTopics -->','Info','{"id": "TB-AARTool_FD", "dateTimeSent": 1568357566365, "level": "INFO", "log": "initCoreTopics -->"}','null');
insert into aar_service.record (id, clientId, sessionId, createDate, trialDate, topic, recordType, headline, msgType, recordJson, recordData) values (1605,'TB-Ost','null','2019-09-12 17:05:17.128','2019-09-12 17:05:17.128','system_observer_tool_answer','ObserverToolAnswer','A new observation was reported by: Block3_Confirmation-CrowdTasker_Participant','Info','{"trialId": 13, "sessionId": 217, "answerId": 1504, "timeSendUTC": 1568300714, "timeWhen": 1568300716000, "observationTypeName": "Block3_Confirmation-CrowdTasker_Participant", "observervationTypeId": 1578, "observationTypeDescription": "Question set", "description": "", "multiplicity": true, "questions": [{"id": 2957, "name": "Do you think your task/ came from a reliable sourc", "description": "-", "answer": "[Agree]", "comment": "Yes", "typeOfQuestion": "checkbox"}, {"id": 2958, "name": "My task made an impact.", "description": "-", "answer": "[]", "comment": "Disadvantage- ability to Take only one Photo ", "typeOfQuestion": "checkbox"}, {"id": 2959, "name": "It was too much information (Tasks)?", "description": "-", "answer": "[Not applicable]", "comment": "Shirt and clear", "typeOfQuestion": "checkbox"}, {"id": 2960, "name": "The tasks to fulfill were clear to me.", "description": "-", "answer": "[Agree]", "comment": "Not complicated. Was simple", "typeOfQuestion": "checkbox"}, {"id": 2961, "name": "It was clear for me when my task was fulfilled.", "description": "-", "answer": "[Agree]", "comment": "Sohn of vi", "typeOfQuestion": "checkbox"}]}','null');
insert into aar_service.record (id, clientId, sessionId, createDate, trialDate, topic, recordType, headline, msgType, recordJson, recordData) values (1606,'TB-TrialMgmt','null','2019-09-12 17:05:57.871','2019-09-12 17:05:57.871','system_tm_session_mgmt','SessionMgmt','239f0f8d-d531-44df-91e8-7499c2b3d4c3, STOP','Info','{"trialId": "e040fdc7-72d1-4e4a-b8f1-dff598ca476f", "trialName": "Trial 3: The Austrian Trial", "scenarioId": "5e00c00c-b9d0-486c-9015-0ac14d69b4d8", "scenarioName": "Block 3 - Confirmation", "sessionId": "239f0f8d-d531-44df-91e8-7499c2b3d4c3", "sessionName": "New session", "sessionState": "STOP", "comment": null}','null');
insert into aar_service.record (id, clientId, sessionId, createDate, trialDate, topic, recordType, headline, msgType, recordJson, recordData) values (1607,'TB-AARTool','null','2019-09-13 08:44:03.075','2019-09-13 08:44:03.075','system_logging','Log','Error in the Callback Consumer for topic: photo_geojson: null','Error','{"id": "TB-AARTool", "dateTimeSent": 1568305966631, "level": "ERROR", "log": "Error in the Callback Consumer for topic: photo_geojson: null"}','null');
insert into aar_service.record (id, clientId, sessionId, createDate, trialDate, topic, recordType, headline, msgType, recordJson, recordData) values (1608,'TB-GeoServer','null','2019-09-13 08:44:03.309','2019-09-13 08:44:03.309','system_logging','Log','New Generic Callback Consumer created for topic: system_topic_access_invite','Info','{"id": "TB-GeoServer", "dateTimeSent": 1568357000241, "level": "INFO", "log": "New Generic Callback Consumer created for topic: system_topic_access_invite"}','null');
insert into aar_service.record (id, clientId, sessionId, createDate, trialDate, topic, recordType, headline, msgType, recordJson, recordData) values (1609,'TB-GeoServer','null','2019-09-13 08:44:03.45','2019-09-13 08:44:03.45','system_logging','Log','New Generic Callback Consumer created for topic: system_timing_control','Info','{"id": "TB-GeoServer", "dateTimeSent": 1568357000300, "level": "INFO", "log": "New Generic Callback Consumer created for topic: system_timing_control"}','null');
insert into aar_service.record (id, clientId, sessionId, createDate, trialDate, topic, recordType, headline, msgType, recordJson, recordData) values (1610,'TB-GeoServer','null','2019-09-13 08:44:03.575','2019-09-13 08:44:03.575','system_logging','Log','initCoreTopics -->','Info','{"id": "TB-GeoServer", "dateTimeSent": 1568357000314, "level": "INFO", "log": "initCoreTopics -->"}','null');
insert into aar_service.record (id, clientId, sessionId, createDate, trialDate, topic, recordType, headline, msgType, recordJson, recordData) values (1611,'TB-GeoServer','null','2019-09-13 08:44:03.7','2019-09-13 08:44:03.7','system_logging','Log','initializeProducers -->','Info','{"id": "TB-GeoServer", "dateTimeSent": 1568357000330, "level": "INFO", "log": "initializeProducers -->"}','null');
insert into aar_service.record (id, clientId, sessionId, createDate, trialDate, topic, recordType, headline, msgType, recordJson, recordData) values (1612,'TB-GeoServer','null','2019-09-13 08:44:03.825','2019-09-13 08:44:03.825','system_logging','Log','--> addCallback: large_data_update','Info','{"id": "TB-GeoServer", "dateTimeSent": 1568357000339, "level": "INFO", "log": "--> addCallback: large_data_update"}','null');
insert into aar_service.record (id, clientId, sessionId, createDate, trialDate, topic, recordType, headline, msgType, recordJson, recordData) values (1613,'TB-GeoServer','null','2019-09-13 08:44:03.95','2019-09-13 08:44:03.95','system_logging','Log','New Generic Callback Consumer created for topic: large_data_update','Info','{"id": "TB-GeoServer", "dateTimeSent": 1568357000366, "level": "INFO", "log": "New Generic Callback Consumer created for topic: large_data_update"}','null');
insert into aar_service.record (id, clientId, sessionId, createDate, trialDate, topic, recordType, headline, msgType, recordJson, recordData) values (1614,'TB-GeoServer','null','2019-09-13 08:44:04.075','2019-09-13 08:44:04.075','system_logging','Log','addCallback-->','Info','{"id": "TB-GeoServer", "dateTimeSent": 1568357000374, "level": "INFO", "log": "addCallback-->"}','null');
insert into aar_service.record (id, clientId, sessionId, createDate, trialDate, topic, recordType, headline, msgType, recordJson, recordData) values (1615,'TB-GeoServer','null','2019-09-13 08:44:04.2','2019-09-13 08:44:04.2','system_logging','Log','--> addCallback: standard_map_layer_update','Info','{"id": "TB-GeoServer", "dateTimeSent": 1568357000803, "level": "INFO", "log": "--> addCallback: standard_map_layer_update"}','null');
insert into aar_service.record (id, clientId, sessionId, createDate, trialDate, topic, recordType, headline, msgType, recordJson, recordData) values (1616,'TB-GeoServer','null','2019-09-13 08:44:04.325','2019-09-13 08:44:04.325','system_logging','Log','New Generic Callback Consumer created for topic: standard_map_layer_update','Info','{"id": "TB-GeoServer", "dateTimeSent": 1568357000827, "level": "INFO", "log": "New Generic Callback Consumer created for topic: standard_map_layer_update"}','null');
insert into aar_service.record (id, clientId, sessionId, createDate, trialDate, topic, recordType, headline, msgType, recordJson, recordData) values (1617,'TB-GeoServer','null','2019-09-13 08:44:04.45','2019-09-13 08:44:04.45','system_logging','Log','addCallback-->','Info','{"id": "TB-GeoServer", "dateTimeSent": 1568357000834, "level": "INFO", "log": "addCallback-->"}','null');
insert into aar_service.record (id, clientId, sessionId, createDate, trialDate, topic, recordType, headline, msgType, recordJson, recordData) values (1618,'TB-AARTool_FD','null','2019-09-13 08:44:04.575','2019-09-13 08:44:04.575','system_logging','Log','New Generic Callback Consumer created for topic: system_timing_control','Info','{"id": "TB-AARTool_FD", "dateTimeSent": 1568357039458, "level": "INFO", "log": "New Generic Callback Consumer created for topic: system_timing_control"}','null');
insert into aar_service.record (id, clientId, sessionId, createDate, trialDate, topic, recordType, headline, msgType, recordJson, recordData) values (1619,'TB-AARTool_FD','null','2019-09-13 08:44:04.715','2019-09-13 08:44:04.715','system_logging','Log','initCoreTopics -->','Info','{"id": "TB-AARTool_FD", "dateTimeSent": 1568357039489, "level": "INFO", "log": "initCoreTopics -->"}','null');
insert into aar_service.record (id, clientId, sessionId, createDate, trialDate, topic, recordType, headline, msgType, recordJson, recordData) values (1620,'TB-AARTool_FD','null','2019-09-13 08:44:04.934','2019-09-13 08:44:04.934','system_logging','Log','initializeProducers -->','Info','{"id": "TB-AARTool_FD", "dateTimeSent": 1568357039505, "level": "INFO", "log": "initializeProducers -->"}','null');
insert into aar_service.record (id, clientId, sessionId, createDate, trialDate, topic, recordType, headline, msgType, recordJson, recordData) values (1621,'TB-AARTool_FD','null','2019-09-13 08:44:05.075','2019-09-13 08:44:05.09','system_logging','Log','--> addCallback: system_topic_access_invite','Info','{"id": "TB-AARTool_FD", "dateTimeSent": 1568357039505, "level": "INFO", "log": "--> addCallback: system_topic_access_invite"}','null');
insert into aar_service.record (id, clientId, sessionId, createDate, trialDate, topic, recordType, headline, msgType, recordJson, recordData) values (1622,'TB-AARTool_FD','null','2019-09-13 08:44:05.2','2019-09-13 08:44:05.215','system_logging','Log','New Generic Callback Consumer created for topic: system_topic_access_invite','Info','{"id": "TB-AARTool_FD", "dateTimeSent": 1568357039521, "level": "INFO", "log": "New Generic Callback Consumer created for topic: system_topic_access_invite"}','null');
insert into aar_service.record (id, clientId, sessionId, createDate, trialDate, topic, recordType, headline, msgType, recordJson, recordData) values (1623,'TB-AARTool_FD','null','2019-09-13 08:44:05.34','2019-09-13 08:44:05.34','system_logging','Log','addCallback-->','Info','{"id": "TB-AARTool_FD", "dateTimeSent": 1568357039521, "level": "INFO", "log": "addCallback-->"}','null');
insert into aar_service.record (id, clientId, sessionId, createDate, trialDate, topic, recordType, headline, msgType, recordJson, recordData) values (1624,'TB-AARTool_FD','null','2019-09-13 08:44:05.465','2019-09-13 08:44:05.465','system_logging','Log','--> addCallback: system_timing_control','Info','{"id": "TB-AARTool_FD", "dateTimeSent": 1568357039536, "level": "INFO", "log": "--> addCallback: system_timing_control"}','null');
insert into aar_service.record (id, clientId, sessionId, createDate, trialDate, topic, recordType, headline, msgType, recordJson, recordData) values (1625,'TB-AARTool_FD','null','2019-09-13 08:44:05.59','2019-09-13 08:44:05.59','system_logging','Log','New Generic Callback Consumer created for topic: system_timing_control','Info','{"id": "TB-AARTool_FD", "dateTimeSent": 1568357039552, "level": "INFO", "log": "New Generic Callback Consumer created for topic: system_timing_control"}','null');
insert into aar_service.record (id, clientId, sessionId, createDate, trialDate, topic, recordType, headline, msgType, recordJson, recordData) values (1626,'TB-AARTool_FD','null','2019-09-13 08:44:05.699','2019-09-13 08:44:05.699','system_logging','Log','addCallback-->','Info','{"id": "TB-AARTool_FD", "dateTimeSent": 1568357039553, "level": "INFO", "log": "addCallback-->"}','null');
insert into aar_service.record (id, clientId, sessionId, createDate, trialDate, topic, recordType, headline, msgType, recordJson, recordData) values (1627,'TB-AARTool_FD','null','2019-09-13 08:44:05.824','2019-09-13 08:44:05.824','system_logging','Log','--> addCallback: system_observer_tool_answer','Info','{"id": "TB-AARTool_FD", "dateTimeSent": 1568357039553, "level": "INFO", "log": "--> addCallback: system_observer_tool_answer"}','null');
insert into aar_service.record (id, clientId, sessionId, createDate, trialDate, topic, recordType, headline, msgType, recordJson, recordData) values (1628,'TB-AARTool_FD','null','2019-09-13 08:44:05.949','2019-09-13 08:44:05.949','system_logging','Log','New Generic Callback Consumer created for topic: system_observer_tool_answer','Info','{"id": "TB-AARTool_FD", "dateTimeSent": 1568357039569, "level": "INFO", "log": "New Generic Callback Consumer created for topic: system_observer_tool_answer"}','null');
insert into aar_service.record (id, clientId, sessionId, createDate, trialDate, topic, recordType, headline, msgType, recordJson, recordData) values (1629,'TB-AARTool_FD','null','2019-09-13 08:44:06.074','2019-09-13 08:44:06.074','system_logging','Log','addCallback-->','Info','{"id": "TB-AARTool_FD", "dateTimeSent": 1568357039569, "level": "INFO", "log": "addCallback-->"}','null');
insert into aar_service.record (id, clientId, sessionId, createDate, trialDate, topic, recordType, headline, msgType, recordJson, recordData) values (1656,'TB-AARTool_FD','null','2019-09-13 08:44:09.433','2019-09-13 08:44:09.433','system_logging','Log','Error in the Callback Consumer for topic: photo_geojson: null','Error','{"id": "TB-AARTool_FD", "dateTimeSent": 1568357043309, "level": "ERROR", "log": "Error in the Callback Consumer for topic: photo_geojson: null"}','null');
insert into aar_service.record (id, clientId, sessionId, createDate, trialDate, topic, recordType, headline, msgType, recordJson, recordData) values (1657,'TB-GeoServer','null','2019-09-13 08:45:18.051','2019-09-13 08:45:18.051','system_logging','Log','New Generic Callback Consumer created for topic: system_topic_access_invite','Info','{"id": "TB-GeoServer", "dateTimeSent": 1568357117522, "level": "INFO", "log": "New Generic Callback Consumer created for topic: system_topic_access_invite"}','null');
insert into aar_service.record (id, clientId, sessionId, createDate, trialDate, topic, recordType, headline, msgType, recordJson, recordData) values (1658,'TB-GeoServer','null','2019-09-13 08:45:18.192','2019-09-13 08:45:18.192','system_logging','Log','New Generic Callback Consumer created for topic: system_timing_control','Info','{"id": "TB-GeoServer", "dateTimeSent": 1568357117578, "level": "INFO", "log": "New Generic Callback Consumer created for topic: system_timing_control"}','null');
insert into aar_service.record (id, clientId, sessionId, createDate, trialDate, topic, recordType, headline, msgType, recordJson, recordData) values (1659,'TB-GeoServer','null','2019-09-13 08:45:18.317','2019-09-13 08:45:18.317','system_logging','Log','initCoreTopics -->','Info','{"id": "TB-GeoServer", "dateTimeSent": 1568357117609, "level": "INFO", "log": "initCoreTopics -->"}','null');
insert into aar_service.record (id, clientId, sessionId, createDate, trialDate, topic, recordType, headline, msgType, recordJson, recordData) values (1660,'TB-GeoServer','null','2019-09-13 08:45:18.442','2019-09-13 08:45:18.442','system_logging','Log','initializeProducers -->','Info','{"id": "TB-GeoServer", "dateTimeSent": 1568357117616, "level": "INFO", "log": "initializeProducers -->"}','null');
insert into aar_service.record (id, clientId, sessionId, createDate, trialDate, topic, recordType, headline, msgType, recordJson, recordData) values (1661,'TB-GeoServer','null','2019-09-13 08:45:18.567','2019-09-13 08:45:18.567','system_logging','Log','--> addCallback: large_data_update','Info','{"id": "TB-GeoServer", "dateTimeSent": 1568357117623, "level": "INFO", "log": "--> addCallback: large_data_update"}','null');
insert into aar_service.record (id, clientId, sessionId, createDate, trialDate, topic, recordType, headline, msgType, recordJson, recordData) values (1662,'TB-GeoServer','null','2019-09-13 08:45:18.692','2019-09-13 08:45:18.692','system_logging','Log','New Generic Callback Consumer created for topic: large_data_update','Info','{"id": "TB-GeoServer", "dateTimeSent": 1568357117662, "level": "INFO", "log": "New Generic Callback Consumer created for topic: large_data_update"}','null');
insert into aar_service.record (id, clientId, sessionId, createDate, trialDate, topic, recordType, headline, msgType, recordJson, recordData) values (1663,'TB-GeoServer','null','2019-09-13 08:45:18.817','2019-09-13 08:45:18.817','system_logging','Log','addCallback-->','Info','{"id": "TB-GeoServer", "dateTimeSent": 1568357117668, "level": "INFO", "log": "addCallback-->"}','null');
insert into aar_service.record (id, clientId, sessionId, createDate, trialDate, topic, recordType, headline, msgType, recordJson, recordData) values (1664,'TB-GeoServer','null','2019-09-13 08:45:18.942','2019-09-13 08:45:18.942','system_logging','Log','--> addCallback: standard_map_layer_update','Info','{"id": "TB-GeoServer", "dateTimeSent": 1568357118152, "level": "INFO", "log": "--> addCallback: standard_map_layer_update"}','null');
insert into aar_service.record (id, clientId, sessionId, createDate, trialDate, topic, recordType, headline, msgType, recordJson, recordData) values (1665,'TB-GeoServer','null','2019-09-13 08:45:19.067','2019-09-13 08:45:19.067','system_logging','Log','New Generic Callback Consumer created for topic: standard_map_layer_update','Info','{"id": "TB-GeoServer", "dateTimeSent": 1568357118177, "level": "INFO", "log": "New Generic Callback Consumer created for topic: standard_map_layer_update"}','null');
insert into aar_service.record (id, clientId, sessionId, createDate, trialDate, topic, recordType, headline, msgType, recordJson, recordData) values (1666,'TB-GeoServer','null','2019-09-13 08:45:19.192','2019-09-13 08:45:19.192','system_logging','Log','addCallback-->','Info','{"id": "TB-GeoServer", "dateTimeSent": 1568357118185, "level": "INFO", "log": "addCallback-->"}','null');
insert into aar_service.record (id, clientId, sessionId, createDate, trialDate, topic, recordType, headline, msgType, recordJson, recordData) values (1667,'TB-AARTool_FD','null','2019-09-13 08:47:15.078','2019-09-13 08:47:15.078','system_logging','Log','New Generic Callback Consumer created for topic: system_timing_control','Info','{"id": "TB-AARTool_FD", "dateTimeSent": 1568357231660, "level": "INFO", "log": "New Generic Callback Consumer created for topic: system_timing_control"}','null');
insert into aar_service.record (id, clientId, sessionId, createDate, trialDate, topic, recordType, headline, msgType, recordJson, recordData) values (1668,'TB-AARTool_FD','null','2019-09-13 08:47:25.529','2019-09-13 08:47:25.529','system_logging','Log','initCoreTopics -->','Info','{"id": "TB-AARTool_FD", "dateTimeSent": 1568357231691, "level": "INFO", "log": "initCoreTopics -->"}','null');
insert into aar_service.record (id, clientId, sessionId, createDate, trialDate, topic, recordType, headline, msgType, recordJson, recordData) values (1669,'TB-AARTool_FD','null','2019-09-13 08:47:25.701','2019-09-13 08:47:25.701','system_logging','Log','initializeProducers -->','Info','{"id": "TB-AARTool_FD", "dateTimeSent": 1568357231691, "level": "INFO", "log": "initializeProducers -->"}','null');
insert into aar_service.record (id, clientId, sessionId, createDate, trialDate, topic, recordType, headline, msgType, recordJson, recordData) values (1670,'TB-AARTool_FD','null','2019-09-13 08:47:25.826','2019-09-13 08:47:25.826','system_logging','Log','--> addCallback: system_topic_access_invite','Info','{"id": "TB-AARTool_FD", "dateTimeSent": 1568357231706, "level": "INFO", "log": "--> addCallback: system_topic_access_invite"}','null');
insert into aar_service.record (id, clientId, sessionId, createDate, trialDate, topic, recordType, headline, msgType, recordJson, recordData) values (1671,'TB-AARTool_FD','null','2019-09-13 08:47:25.951','2019-09-13 08:47:25.951','system_logging','Log','New Generic Callback Consumer created for topic: system_topic_access_invite','Info','{"id": "TB-AARTool_FD", "dateTimeSent": 1568357231706, "level": "INFO", "log": "New Generic Callback Consumer created for topic: system_topic_access_invite"}','null');
insert into aar_service.record (id, clientId, sessionId, createDate, trialDate, topic, recordType, headline, msgType, recordJson, recordData) values (1672,'TB-AARTool_FD','null','2019-09-13 08:47:26.076','2019-09-13 08:47:26.076','system_logging','Log','addCallback-->','Info','{"id": "TB-AARTool_FD", "dateTimeSent": 1568357231722, "level": "INFO", "log": "addCallback-->"}','null');
insert into aar_service.record (id, clientId, sessionId, createDate, trialDate, topic, recordType, headline, msgType, recordJson, recordData) values (1673,'TB-AARTool_FD','null','2019-09-13 08:47:26.201','2019-09-13 08:47:26.201','system_logging','Log','--> addCallback: system_timing_control','Info','{"id": "TB-AARTool_FD", "dateTimeSent": 1568357231722, "level": "INFO", "log": "--> addCallback: system_timing_control"}','null');
insert into aar_service.record (id, clientId, sessionId, createDate, trialDate, topic, recordType, headline, msgType, recordJson, recordData) values (1674,'TB-AARTool_FD','null','2019-09-13 08:47:26.326','2019-09-13 08:47:26.326','system_logging','Log','New Generic Callback Consumer created for topic: system_timing_control','Info','{"id": "TB-AARTool_FD", "dateTimeSent": 1568357231738, "level": "INFO", "log": "New Generic Callback Consumer created for topic: system_timing_control"}','null');
insert into aar_service.record (id, clientId, sessionId, createDate, trialDate, topic, recordType, headline, msgType, recordJson, recordData) values (1675,'TB-AARTool_FD','null','2019-09-13 08:47:26.451','2019-09-13 08:47:26.451','system_logging','Log','addCallback-->','Info','{"id": "TB-AARTool_FD", "dateTimeSent": 1568357231738, "level": "INFO", "log": "addCallback-->"}','null');
insert into aar_service.record (id, clientId, sessionId, createDate, trialDate, topic, recordType, headline, msgType, recordJson, recordData) values (1676,'TB-AARTool_FD','null','2019-09-13 08:47:26.576','2019-09-13 08:47:26.576','system_logging','Log','--> addCallback: system_observer_tool_answer','Info','{"id": "TB-AARTool_FD", "dateTimeSent": 1568357231738, "level": "INFO", "log": "--> addCallback: system_observer_tool_answer"}','null');
insert into aar_service.record (id, clientId, sessionId, createDate, trialDate, topic, recordType, headline, msgType, recordJson, recordData) values (1677,'TB-AARTool_FD','null','2019-09-13 08:47:26.701','2019-09-13 08:47:26.701','system_logging','Log','New Generic Callback Consumer created for topic: system_observer_tool_answer','Info','{"id": "TB-AARTool_FD", "dateTimeSent": 1568357231753, "level": "INFO", "log": "New Generic Callback Consumer created for topic: system_observer_tool_answer"}','null');
insert into aar_service.record (id, clientId, sessionId, createDate, trialDate, topic, recordType, headline, msgType, recordJson, recordData) values (1678,'TB-AARTool_FD','null','2019-09-13 08:47:26.826','2019-09-13 08:47:26.826','system_logging','Log','addCallback-->','Info','{"id": "TB-AARTool_FD", "dateTimeSent": 1568357231769, "level": "INFO", "log": "addCallback-->"}','null');
insert into aar_service.record (id, clientId, sessionId, createDate, trialDate, topic, recordType, headline, msgType, recordJson, recordData) values (1679,'TB-AARTool_FD','null','2019-09-13 08:47:26.951','2019-09-13 08:47:26.951','system_logging','Log','--> addCallback: system_tm_session_mgmt','Info','{"id": "TB-AARTool_FD", "dateTimeSent": 1568357231769, "level": "INFO", "log": "--> addCallback: system_tm_session_mgmt"}','null');
insert into aar_service.record (id, clientId, sessionId, createDate, trialDate, topic, recordType, headline, msgType, recordJson, recordData) values (1680,'TB-AARTool_FD','null','2019-09-13 08:47:27.091','2019-09-13 08:47:27.091','system_logging','Log','New Generic Callback Consumer created for topic: system_tm_session_mgmt','Info','{"id": "TB-AARTool_FD", "dateTimeSent": 1568357231785, "level": "INFO", "log": "New Generic Callback Consumer created for topic: system_tm_session_mgmt"}','null');
insert into aar_service.record (id, clientId, sessionId, createDate, trialDate, topic, recordType, headline, msgType, recordJson, recordData) values (1681,'TB-AARTool_FD','null','2019-09-13 08:47:27.216','2019-09-13 08:47:27.216','system_logging','Log','addCallback-->','Info','{"id": "TB-AARTool_FD", "dateTimeSent": 1568357231785, "level": "INFO", "log": "addCallback-->"}','null');
insert into aar_service.record (id, clientId, sessionId, createDate, trialDate, topic, recordType, headline, msgType, recordJson, recordData) values (1682,'TB-AARTool_FD','null','2019-09-13 08:47:27.326','2019-09-13 08:47:27.326','system_logging','Log','--> addCallback: system_tm_phase_message','Info','{"id": "TB-AARTool_FD", "dateTimeSent": 1568357231785, "level": "INFO", "log": "--> addCallback: system_tm_phase_message"}','null');
insert into aar_service.record (id, clientId, sessionId, createDate, trialDate, topic, recordType, headline, msgType, recordJson, recordData) values (1683,'TB-AARTool_FD','null','2019-09-13 08:47:27.466','2019-09-13 08:47:27.466','system_logging','Log','New Generic Callback Consumer created for topic: system_tm_phase_message','Info','{"id": "TB-AARTool_FD", "dateTimeSent": 1568357231800, "level": "INFO", "log": "New Generic Callback Consumer created for topic: system_tm_phase_message"}','null');
insert into aar_service.record (id, clientId, sessionId, createDate, trialDate, topic, recordType, headline, msgType, recordJson, recordData) values (1684,'TB-AARTool_FD','null','2019-09-13 08:47:27.576','2019-09-13 08:47:27.576','system_logging','Log','addCallback-->','Info','{"id": "TB-AARTool_FD", "dateTimeSent": 1568357231800, "level": "INFO", "log": "addCallback-->"}','null');
insert into aar_service.record (id, clientId, sessionId, createDate, trialDate, topic, recordType, headline, msgType, recordJson, recordData) values (1904,'view-terra-2','null','2019-09-13 09:15:52.849','2019-09-13 09:15:52.849','system_logging','Log','initCoreTopics -->','Info','{"id": "view-terra-2", "dateTimeSent": 1568358952847, "level": "INFO", "log": "initCoreTopics -->"}','null');
insert into aar_service.record (id, clientId, sessionId, createDate, trialDate, topic, recordType, headline, msgType, recordJson, recordData) values (1686,'TB-AARTool_FD','null','2019-09-13 08:47:27.825','2019-09-13 08:47:27.825','system_logging','Log','New Generic Callback Consumer created for topic: system_tm_role_player','Info','{"id": "TB-AARTool_FD", "dateTimeSent": 1568357231816, "level": "INFO", "log": "New Generic Callback Consumer created for topic: system_tm_role_player"}','null');
insert into aar_service.record (id, clientId, sessionId, createDate, trialDate, topic, recordType, headline, msgType, recordJson, recordData) values (1687,'TB-AARTool_FD','null','2019-09-13 08:47:27.95','2019-09-13 08:47:27.95','system_logging','Log','addCallback-->','Info','{"id": "TB-AARTool_FD", "dateTimeSent": 1568357231831, "level": "INFO", "log": "addCallback-->"}','null');
insert into aar_service.record (id, clientId, sessionId, createDate, trialDate, topic, recordType, headline, msgType, recordJson, recordData) values (1688,'TB-AARTool_FD','null','2019-09-13 08:47:28.075','2019-09-13 08:47:28.075','system_logging','Log','New Generic Callback Consumer created for topic: system_logging','Info','{"id": "TB-AARTool_FD", "dateTimeSent": 1568357231831, "level": "INFO", "log": "New Generic Callback Consumer created for topic: system_logging"}','null');
insert into aar_service.record (id, clientId, sessionId, createDate, trialDate, topic, recordType, headline, msgType, recordJson, recordData) values (1689,'TB-AARTool_FD','null','2019-09-13 08:47:28.2','2019-09-13 08:47:28.2','system_logging','Log','The AARService is up!','Info','{"id": "TB-AARTool_FD", "dateTimeSent": 1568357231863, "level": "INFO", "log": "The AARService is up!"}','null');
insert into aar_service.record (id, clientId, sessionId, createDate, trialDate, topic, recordType, headline, msgType, recordJson, recordData) values (1690,'TB-AARTool_FD','null','2019-09-13 08:47:28.325','2019-09-13 08:47:28.325','system_logging','Log','--> addCallback: photo_geojson','Info','{"id": "TB-AARTool_FD", "dateTimeSent": 1568357231863, "level": "INFO", "log": "--> addCallback: photo_geojson"}','null');
insert into aar_service.record (id, clientId, sessionId, createDate, trialDate, topic, recordType, headline, msgType, recordJson, recordData) values (1691,'TB-AARTool_FD','null','2019-09-13 08:47:28.45','2019-09-13 08:47:28.45','system_logging','Log','New Generic Callback Consumer created for topic: photo_geojson','Info','{"id": "TB-AARTool_FD", "dateTimeSent": 1568357231878, "level": "INFO", "log": "New Generic Callback Consumer created for topic: photo_geojson"}','null');
insert into aar_service.record (id, clientId, sessionId, createDate, trialDate, topic, recordType, headline, msgType, recordJson, recordData) values (1692,'TB-AARTool_FD','null','2019-09-13 08:47:28.575','2019-09-13 08:47:28.575','system_logging','Log','addCallback-->','Info','{"id": "TB-AARTool_FD", "dateTimeSent": 1568357231878, "level": "INFO", "log": "addCallback-->"}','null');
insert into aar_service.record (id, clientId, sessionId, createDate, trialDate, topic, recordType, headline, msgType, recordJson, recordData) values (1693,'TB-AARTool_FD','null','2019-09-13 08:47:28.7','2019-09-13 08:47:28.7','system_logging','Log','--> addCallback: asign_info','Info','{"id": "TB-AARTool_FD", "dateTimeSent": 1568357231878, "level": "INFO", "log": "--> addCallback: asign_info"}','null');
insert into aar_service.record (id, clientId, sessionId, createDate, trialDate, topic, recordType, headline, msgType, recordJson, recordData) values (1694,'TB-AARTool_FD','null','2019-09-13 08:47:28.825','2019-09-13 08:47:28.825','system_logging','Log','New Generic Callback Consumer created for topic: asign_info','Info','{"id": "TB-AARTool_FD", "dateTimeSent": 1568357231894, "level": "INFO", "log": "New Generic Callback Consumer created for topic: asign_info"}','null');
insert into aar_service.record (id, clientId, sessionId, createDate, trialDate, topic, recordType, headline, msgType, recordJson, recordData) values (1695,'TB-AARTool_FD','null','2019-09-13 08:47:28.95','2019-09-13 08:47:28.95','system_logging','Log','addCallback-->','Info','{"id": "TB-AARTool_FD", "dateTimeSent": 1568357231910, "level": "INFO", "log": "addCallback-->"}','null');
insert into aar_service.record (id, clientId, sessionId, createDate, trialDate, topic, recordType, headline, msgType, recordJson, recordData) values (1696,'TB-AARTool_FD','null','2019-09-13 08:47:29.075','2019-09-13 08:47:29.075','system_logging','Log','--> addCallback: large_data_update','Info','{"id": "TB-AARTool_FD", "dateTimeSent": 1568357231910, "level": "INFO", "log": "--> addCallback: large_data_update"}','null');
insert into aar_service.record (id, clientId, sessionId, createDate, trialDate, topic, recordType, headline, msgType, recordJson, recordData) values (1697,'TB-AARTool_FD','null','2019-09-13 08:47:29.247','2019-09-13 08:47:29.247','system_logging','Log','New Generic Callback Consumer created for topic: large_data_update','Info','{"id": "TB-AARTool_FD", "dateTimeSent": 1568357231925, "level": "INFO", "log": "New Generic Callback Consumer created for topic: large_data_update"}','null');
insert into aar_service.record (id, clientId, sessionId, createDate, trialDate, topic, recordType, headline, msgType, recordJson, recordData) values (1698,'TB-AARTool_FD','null','2019-09-13 08:47:29.372','2019-09-13 08:47:29.372','system_logging','Log','addCallback-->','Info','{"id": "TB-AARTool_FD", "dateTimeSent": 1568357231925, "level": "INFO", "log": "addCallback-->"}','null');
insert into aar_service.record (id, clientId, sessionId, createDate, trialDate, topic, recordType, headline, msgType, recordJson, recordData) values (1699,'TB-AARTool_FD','null','2019-09-13 08:47:29.497','2019-09-13 08:47:29.497','system_logging','Log','--> addCallback: crowd-tasker_info','Info','{"id": "TB-AARTool_FD", "dateTimeSent": 1568357231925, "level": "INFO", "log": "--> addCallback: crowd-tasker_info"}','null');
insert into aar_service.record (id, clientId, sessionId, createDate, trialDate, topic, recordType, headline, msgType, recordJson, recordData) values (1700,'TB-AARTool_FD','null','2019-09-13 08:47:29.622','2019-09-13 08:47:29.622','system_logging','Log','New Generic Callback Consumer created for topic: crowd-tasker_info','Info','{"id": "TB-AARTool_FD", "dateTimeSent": 1568357231941, "level": "INFO", "log": "New Generic Callback Consumer created for topic: crowd-tasker_info"}','null');
insert into aar_service.record (id, clientId, sessionId, createDate, trialDate, topic, recordType, headline, msgType, recordJson, recordData) values (1701,'TB-AARTool_FD','null','2019-09-13 08:47:29.747','2019-09-13 08:47:29.747','system_logging','Log','addCallback-->','Info','{"id": "TB-AARTool_FD", "dateTimeSent": 1568357231941, "level": "INFO", "log": "addCallback-->"}','null');
insert into aar_service.record (id, clientId, sessionId, createDate, trialDate, topic, recordType, headline, msgType, recordJson, recordData) values (1702,'TB-AARTool_FD','null','2019-09-13 08:47:29.919','2019-09-13 08:47:29.919','system_logging','Log','--> addCallback: map_layer_update','Info','{"id": "TB-AARTool_FD", "dateTimeSent": 1568357231956, "level": "INFO", "log": "--> addCallback: map_layer_update"}','null');
insert into aar_service.record (id, clientId, sessionId, createDate, trialDate, topic, recordType, headline, msgType, recordJson, recordData) values (1703,'TB-AARTool_FD','null','2019-09-13 08:47:30.028','2019-09-13 08:47:30.028','system_logging','Log','New Generic Callback Consumer created for topic: map_layer_update','Info','{"id": "TB-AARTool_FD", "dateTimeSent": 1568357231972, "level": "INFO", "log": "New Generic Callback Consumer created for topic: map_layer_update"}','null');
insert into aar_service.record (id, clientId, sessionId, createDate, trialDate, topic, recordType, headline, msgType, recordJson, recordData) values (1704,'TB-AARTool_FD','null','2019-09-13 08:47:30.153','2019-09-13 08:47:30.153','system_logging','Log','addCallback-->','Info','{"id": "TB-AARTool_FD", "dateTimeSent": 1568357231972, "level": "INFO", "log": "addCallback-->"}','null');
insert into aar_service.record (id, clientId, sessionId, createDate, trialDate, topic, recordType, headline, msgType, recordJson, recordData) values (1705,'TB-AARTool_FD','null','2019-09-13 08:49:11.944','2019-09-13 08:49:11.96','system_logging','Log','New Generic Callback Consumer created for topic: system_timing_control','Info','{"id": "TB-AARTool_FD", "dateTimeSent": 1568357348487, "level": "INFO", "log": "New Generic Callback Consumer created for topic: system_timing_control"}','null');
insert into aar_service.record (id, clientId, sessionId, createDate, trialDate, topic, recordType, headline, msgType, recordJson, recordData) values (1706,'asign_photo','null','2019-09-13 08:49:12.203','2019-09-13 08:49:12.203','photo_geojson','FeatureCollection','null','Info','{"type": "FeatureCollection", "bbox": null, "features": [{"type": "Feature", "bbox": null, "geometry": {"type": "Point", "coordinates": [14.887472, 47.540077]}, "properties": {"id": 27387, "priority": 1, "viewed": false, "signature": "74c97f692d119bdf65c81fb21d7729ad", "instant": "2019-09-12 16:32:16", "created": "2019-09-12 16:32:36", "updated": "2019-09-12 16:32:40.156418", "caption": "", "interpretation": null, "meta": {"Source": {"filename": "original.jpg", "camera_make": "Apple", "width": 4032, "size": 8904939, "height": 3024, "direction": 277.0, "camera_model": "iPhone X", "field_of_view": null}}, "version": null, "application_id": "6ff1f0c0-fbe4-4bd4-bd52-06083b37e6b9", "seen": null, "started": null, "stopped": null, "location_latitude": 47.540077, "location_longitude": 14.887472, "location_time": "2019-09-12 16:32:15", "location_accuracy": 24.0, "location_altitude": 705.831848, "location_provider": null, "location_speed": null, "location_meta": null, "mission_id": null, "mission_name": null, "thumbnail_hash": "c8b0fc23ccf60cc9462c2ac1cade8b90", "preview_hash": "dcf8e5bcc80ec0f91271d425779e562f", "category_id": null, "category_name": null, "application_device_type": 3, "application_last_login": "2019-09-12 16:32:09.476269", "application_phone": null, "application_last_rate": null, "application_updated": "2019-09-12 16:32:09.476269", "application_created": "2019-09-11 09:22:07.448009", "application_application_type": 4, "application_connection_type": 1, "application_connection_state": 1, "user_name": "driver14", "user_id": 813, "user_username": "driver14", "user_color": "E51717", "user_connection_type": 0, "user_last_login": null, "user_last_rate": null, "observation_url": "https://thor.ansur.no/signs/processing/27387", "observation_type": "photo", "preview_url": "https://thor.ansur.no/display/file/dcf8e5bcc80ec0f91271d425779e562f/driver14/74c97f692d119bdf65c81fb21d7729ad/preview.jpg", "preview_with_overlay_url": "https://thor.ansur.no/display/displayWithOverlays/dcf8e5bcc80ec0f91271d425779e562f/driver14/74c97f692d119bdf65c81fb21d7729ad/preview.jpg", "thumbnail_url": "https://thor.ansur.no/display/file/c8b0fc23ccf60cc9462c2ac1cade8b90/driver14/74c97f692d119bdf65c81fb21d7729ad/thumb.jpg", "files": [{"id": 83113, "file_type": 1, "size": 8904939, "state": 0, "created": "2019-09-12 16:32:36", "request_until": null, "meta": null, "hash": "74c97f692d119bdf65c81fb21d7729ad", "url": null}, {"id": 83114, "file_type": 0, "size": 45596, "state": 3, "created": "2019-09-12 16:32:36", "request_until": "2019-10-12 16:32:36", "meta": null, "hash": "dcf8e5bcc80ec0f91271d425779e562f", "url": "https://thor.ansur.no/display/media/83114/driver14/74c97f692d119bdf65c81fb21d7729ad/preview.jpg"}, {"id": 83115, "file_type": 3, "size": 16077, "state": 3, "created": "2019-09-12 16:32:40", "request_until": null, "meta": "", "hash": "c8b0fc23ccf60cc9462c2ac1cade8b90", "url": "https://thor.ansur.no/display/media/83115/driver14/74c97f692d119bdf65c81fb21d7729ad/thumb.jpg"}]}}]}','null');
insert into aar_service.file (id, name, mimeType, url, record_id) values (132,'record/attachements/74c97f692d119bdf65c81fb21d7729ad/preview.jpg','null','https://thor.ansur.no/display/media/83114/driver14/74c97f692d119bdf65c81fb21d7729ad/preview.jpg',1706);
insert into aar_service.file (id, name, mimeType, url, record_id) values (133,'record/attachements/74c97f692d119bdf65c81fb21d7729ad/thumb.jpg','null','https://thor.ansur.no/display/media/83115/driver14/74c97f692d119bdf65c81fb21d7729ad/thumb.jpg',1706);
insert into aar_service.record (id, clientId, sessionId, createDate, trialDate, topic, recordType, headline, msgType, recordJson, recordData) values (1720,'TB-AARTool_FD','null','2019-09-13 08:49:28.022','2019-09-13 08:49:28.022','system_logging','Log','New Generic Callback Consumer created for topic: system_observer_tool_answer','Info','{"id": "TB-AARTool_FD", "dateTimeSent": 1568357348597, "level": "INFO", "log": "New Generic Callback Consumer created for topic: system_observer_tool_answer"}','null');
insert into aar_service.record (id, clientId, sessionId, createDate, trialDate, topic, recordType, headline, msgType, recordJson, recordData) values (1722,'TB-AARTool_FD','null','2019-09-13 08:49:28.287','2019-09-13 08:49:28.287','system_logging','Log','--> addCallback: system_tm_session_mgmt','Info','{"id": "TB-AARTool_FD", "dateTimeSent": 1568357348612, "level": "INFO", "log": "--> addCallback: system_tm_session_mgmt"}','null');
insert into aar_service.record (id, clientId, sessionId, createDate, trialDate, topic, recordType, headline, msgType, recordJson, recordData) values (1723,'TB-AARTool_FD','null','2019-09-13 08:49:28.412','2019-09-13 08:49:28.412','system_logging','Log','New Generic Callback Consumer created for topic: system_tm_session_mgmt','Info','{"id": "TB-AARTool_FD", "dateTimeSent": 1568357348628, "level": "INFO", "log": "New Generic Callback Consumer created for topic: system_tm_session_mgmt"}','null');
insert into aar_service.record (id, clientId, sessionId, createDate, trialDate, topic, recordType, headline, msgType, recordJson, recordData) values (1725,'TB-AARTool_FD','null','2019-09-13 08:49:28.662','2019-09-13 08:49:28.662','system_logging','Log','--> addCallback: system_tm_phase_message','Info','{"id": "TB-AARTool_FD", "dateTimeSent": 1568357348628, "level": "INFO", "log": "--> addCallback: system_tm_phase_message"}','null');
insert into aar_service.record (id, clientId, sessionId, createDate, trialDate, topic, recordType, headline, msgType, recordJson, recordData) values (1707,'asign_photo','null','2019-09-13 08:49:21.716','2019-09-13 08:49:21.716','photo_geojson','FeatureCollection','null','Info','{"type": "FeatureCollection", "bbox": null, "features": [{"type": "Feature", "bbox": null, "geometry": {"type": "Point", "coordinates": [14.887472, 47.540077]}, "properties": {"id": 27387, "priority": 1, "viewed": false, "signature": "74c97f692d119bdf65c81fb21d7729ad", "instant": "2019-09-12 16:32:16", "created": "2019-09-12 16:32:36", "updated": "2019-09-12 16:32:41.307281", "caption": "", "interpretation": null, "meta": {"Source": {"filename": "original.jpg", "camera_make": "Apple", "width": 4032, "size": 8904939, "height": 3024, "direction": 277.0, "camera_model": "iPhone X", "field_of_view": null}}, "version": null, "application_id": "6ff1f0c0-fbe4-4bd4-bd52-06083b37e6b9", "seen": null, "started": null, "stopped": null, "location_latitude": 47.540077, "location_longitude": 14.887472, "location_time": "2019-09-12 16:32:15", "location_accuracy": 24.0, "location_altitude": 705.831848, "location_provider": null, "location_speed": null, "location_meta": null, "mission_id": null, "mission_name": null, "thumbnail_hash": "c8b0fc23ccf60cc9462c2ac1cade8b90", "preview_hash": "dcf8e5bcc80ec0f91271d425779e562f", "category_id": null, "category_name": null, "application_device_type": 3, "application_last_login": "2019-09-12 16:32:09.476269", "application_phone": null, "application_last_rate": null, "application_updated": "2019-09-12 16:32:09.476269", "application_created": "2019-09-11 09:22:07.448009", "application_application_type": 4, "application_connection_type": 1, "application_connection_state": 1, "user_name": "driver14", "user_id": 813, "user_username": "driver14", "user_color": "E51717", "user_connection_type": 0, "user_last_login": null, "user_last_rate": null, "observation_url": "https://thor.ansur.no/signs/processing/27387", "observation_type": "photo", "preview_url": "https://thor.ansur.no/display/file/dcf8e5bcc80ec0f91271d425779e562f/driver14/74c97f692d119bdf65c81fb21d7729ad/preview.jpg", "preview_with_overlay_url": "https://thor.ansur.no/display/displayWithOverlays/dcf8e5bcc80ec0f91271d425779e562f/driver14/74c97f692d119bdf65c81fb21d7729ad/preview.jpg", "thumbnail_url": "https://thor.ansur.no/display/file/c8b0fc23ccf60cc9462c2ac1cade8b90/driver14/74c97f692d119bdf65c81fb21d7729ad/thumb.jpg", "files": [{"id": 83113, "file_type": 1, "size": 8904939, "state": 0, "created": "2019-09-12 16:32:36", "request_until": null, "meta": null, "hash": "74c97f692d119bdf65c81fb21d7729ad", "url": null}, {"id": 83114, "file_type": 0, "size": 45596, "state": 3, "created": "2019-09-12 16:32:36", "request_until": "2019-10-12 16:32:36", "meta": null, "hash": "dcf8e5bcc80ec0f91271d425779e562f", "url": "https://thor.ansur.no/display/media/83114/driver14/74c97f692d119bdf65c81fb21d7729ad/preview.jpg"}, {"id": 83115, "file_type": 3, "size": 16077, "state": 3, "created": "2019-09-12 16:32:40", "request_until": null, "meta": "", "hash": "c8b0fc23ccf60cc9462c2ac1cade8b90", "url": "https://thor.ansur.no/display/media/83115/driver14/74c97f692d119bdf65c81fb21d7729ad/thumb.jpg"}, {"id": 83116, "file_type": 11, "size": 25172, "state": 3, "created": "2019-09-12 16:32:41", "request_until": null, "meta": null, "hash": "2a879fb1222639519a1015ce5827e5df", "url": "https://thor.ansur.no/display/media/83116/driver14/74c97f692d119bdf65c81fb21d7729ad/audio_caption_1568305961.3042.m4a"}]}}]}','null');
insert into aar_service.file (id, name, mimeType, url, record_id) values (134,'record/attachements/74c97f692d119bdf65c81fb21d7729ad/preview.jpg','null','https://thor.ansur.no/display/media/83114/driver14/74c97f692d119bdf65c81fb21d7729ad/preview.jpg',1707);
insert into aar_service.file (id, name, mimeType, url, record_id) values (135,'record/attachements/74c97f692d119bdf65c81fb21d7729ad/thumb.jpg','null','https://thor.ansur.no/display/media/83115/driver14/74c97f692d119bdf65c81fb21d7729ad/thumb.jpg',1707);
insert into aar_service.file (id, name, mimeType, url, record_id) values (136,'record/attachements/74c97f692d119bdf65c81fb21d7729ad/audio_caption_1568305961.3042.m4a','null','https://thor.ansur.no/display/media/83116/driver14/74c97f692d119bdf65c81fb21d7729ad/audio_caption_1568305961.3042.m4a',1707);
insert into aar_service.record (id, clientId, sessionId, createDate, trialDate, topic, recordType, headline, msgType, recordJson, recordData) values (1708,'TB-AARTool_FD','null','2019-09-13 08:49:24.312','2019-09-13 08:49:24.312','system_logging','Log','initCoreTopics -->','Info','{"id": "TB-AARTool_FD", "dateTimeSent": 1568357348518, "level": "INFO", "log": "initCoreTopics -->"}','null');
insert into aar_service.record (id, clientId, sessionId, createDate, trialDate, topic, recordType, headline, msgType, recordJson, recordData) values (1709,'TB-AARTool_FD','null','2019-09-13 08:49:24.437','2019-09-13 08:49:24.437','system_logging','Log','initializeProducers -->','Info','{"id": "TB-AARTool_FD", "dateTimeSent": 1568357348518, "level": "INFO", "log": "initializeProducers -->"}','null');
insert into aar_service.record (id, clientId, sessionId, createDate, trialDate, topic, recordType, headline, msgType, recordJson, recordData) values (1710,'asign_photo','null','2019-09-13 08:49:24.562','2019-09-13 08:49:24.562','photo_geojson','FeatureCollection','null','Info','{"type": "FeatureCollection", "bbox": null, "features": [{"type": "Feature", "bbox": null, "geometry": {"type": "Point", "coordinates": [14.887472, 47.540077]}, "properties": {"id": 27387, "priority": 1, "viewed": false, "signature": "74c97f692d119bdf65c81fb21d7729ad", "instant": "2019-09-12 16:32:16", "created": "2019-09-12 16:32:36", "updated": "2019-09-12 16:32:58.992616", "caption": "", "interpretation": null, "meta": {"Source": {"filename": "original.jpg", "camera_make": "Apple", "width": 4032, "size": 8904939, "height": 3024, "direction": 277.0, "camera_model": "iPhone X", "field_of_view": null}}, "version": null, "application_id": "6ff1f0c0-fbe4-4bd4-bd52-06083b37e6b9", "seen": null, "started": null, "stopped": null, "location_latitude": 47.540077, "location_longitude": 14.887472, "location_time": "2019-09-12 16:32:15", "location_accuracy": 24.0, "location_altitude": 705.831848, "location_provider": null, "location_speed": null, "location_meta": null, "mission_id": null, "mission_name": null, "thumbnail_hash": "c8b0fc23ccf60cc9462c2ac1cade8b90", "preview_hash": "dcf8e5bcc80ec0f91271d425779e562f", "category_id": null, "category_name": null, "application_device_type": 3, "application_last_login": "2019-09-12 16:32:09.476269", "application_phone": null, "application_last_rate": null, "application_updated": "2019-09-12 16:32:09.476269", "application_created": "2019-09-11 09:22:07.448009", "application_application_type": 4, "application_connection_type": 1, "application_connection_state": 1, "user_name": "driver14", "user_id": 813, "user_username": "driver14", "user_color": "E51717", "user_connection_type": 0, "user_last_login": null, "user_last_rate": null, "observation_url": "https://thor.ansur.no/signs/processing/27387", "observation_type": "photo", "preview_url": "https://thor.ansur.no/display/file/dcf8e5bcc80ec0f91271d425779e562f/driver14/74c97f692d119bdf65c81fb21d7729ad/preview.jpg", "preview_with_overlay_url": "https://thor.ansur.no/display/displayWithOverlays/dcf8e5bcc80ec0f91271d425779e562f/driver14/74c97f692d119bdf65c81fb21d7729ad/preview.jpg", "thumbnail_url": "https://thor.ansur.no/display/file/c8b0fc23ccf60cc9462c2ac1cade8b90/driver14/74c97f692d119bdf65c81fb21d7729ad/thumb.jpg", "files": [{"id": 83113, "file_type": 1, "size": 8904939, "state": 0, "created": "2019-09-12 16:32:36", "request_until": null, "meta": null, "hash": "74c97f692d119bdf65c81fb21d7729ad", "url": null}, {"id": 83114, "file_type": 0, "size": 45596, "state": 3, "created": "2019-09-12 16:32:36", "request_until": "2019-10-12 16:32:36", "meta": null, "hash": "dcf8e5bcc80ec0f91271d425779e562f", "url": "https://thor.ansur.no/display/media/83114/driver14/74c97f692d119bdf65c81fb21d7729ad/preview.jpg"}, {"id": 83115, "file_type": 3, "size": 16077, "state": 3, "created": "2019-09-12 16:32:40", "request_until": null, "meta": "", "hash": "c8b0fc23ccf60cc9462c2ac1cade8b90", "url": "https://thor.ansur.no/display/media/83115/driver14/74c97f692d119bdf65c81fb21d7729ad/thumb.jpg"}, {"id": 83116, "file_type": 11, "size": 25172, "state": 3, "created": "2019-09-12 16:32:41", "request_until": null, "meta": null, "hash": "2a879fb1222639519a1015ce5827e5df", "url": "https://thor.ansur.no/display/media/83116/driver14/74c97f692d119bdf65c81fb21d7729ad/audio_caption_1568305961.3042.m4a"}, {"id": 83117, "file_type": 2, "size": 179020, "state": 3, "created": "2019-09-12 16:32:55", "request_until": "2019-10-12 16:32:55", "meta": {"Region": {"x": 1727, "y": 694, "width": 1308, "height": 498, "scale": 1.0, "quality": 85}}, "hash": "c2f04ff2090ffe6f4b24a1f803b73bf0", "url": "https://thor.ansur.no/display/media/83117/driver14/74c97f692d119bdf65c81fb21d7729ad/roi_2043605596.jpg"}]}}]}','null');
insert into aar_service.file (id, name, mimeType, url, record_id) values (137,'record/attachements/74c97f692d119bdf65c81fb21d7729ad/preview.jpg','null','https://thor.ansur.no/display/media/83114/driver14/74c97f692d119bdf65c81fb21d7729ad/preview.jpg',1710);
insert into aar_service.file (id, name, mimeType, url, record_id) values (138,'record/attachements/74c97f692d119bdf65c81fb21d7729ad/thumb.jpg','null','https://thor.ansur.no/display/media/83115/driver14/74c97f692d119bdf65c81fb21d7729ad/thumb.jpg',1710);
insert into aar_service.file (id, name, mimeType, url, record_id) values (139,'record/attachements/74c97f692d119bdf65c81fb21d7729ad/audio_caption_1568305961.3042.m4a','null','https://thor.ansur.no/display/media/83116/driver14/74c97f692d119bdf65c81fb21d7729ad/audio_caption_1568305961.3042.m4a',1710);
insert into aar_service.file (id, name, mimeType, url, record_id) values (140,'record/attachements/74c97f692d119bdf65c81fb21d7729ad/roi_2043605596.jpg','null','https://thor.ansur.no/display/media/83117/driver14/74c97f692d119bdf65c81fb21d7729ad/roi_2043605596.jpg',1710);
insert into aar_service.record (id, clientId, sessionId, createDate, trialDate, topic, recordType, headline, msgType, recordJson, recordData) values (1711,'asign_photo','null','2019-09-13 08:49:25.468','2019-09-13 08:49:25.468','photo_geojson','FeatureCollection','null','Info','{"type": "FeatureCollection", "bbox": null, "features": [{"type": "Feature", "bbox": null, "geometry": {"type": "Point", "coordinates": [14.860981, 47.560169]}, "properties": {"id": 27388, "priority": 0, "viewed": false, "signature": "435e9e0b90f7458e7f2044b5cd12dafe", "instant": "2019-09-13 06:29:29", "created": "2019-09-13 06:37:32", "updated": "2019-09-13 06:37:33.908201", "caption": "In hq", "interpretation": null, "meta": {"Source": {"filename": "original.jpg", "camera_make": "Apple", "width": 3024, "size": 6893506, "height": 4032, "direction": 30.0, "camera_model": "iPhone 7", "field_of_view": null}}, "version": null, "application_id": "8f0cf7ac-92b4-47d1-9745-a393e18e71b7", "seen": null, "started": null, "stopped": null, "location_latitude": 47.560169, "location_longitude": 14.860981, "location_time": "2019-09-13 06:29:28", "location_accuracy": 65.0, "location_altitude": 666.756287, "location_provider": null, "location_speed": null, "location_meta": null, "mission_id": null, "mission_name": null, "thumbnail_hash": "401b3b06ad9c8a1cbb2a6a8fecd49775", "preview_hash": "04c2a6b4af0cf29831035555e83c729d", "category_id": null, "category_name": null, "application_device_type": 3, "application_last_login": "2019-09-13 06:37:29.865391", "application_phone": null, "application_last_rate": null, "application_updated": "2019-09-13 06:37:29.865391", "application_created": "2019-08-21 15:12:07.427551", "application_application_type": 4, "application_connection_type": 1, "application_connection_state": 1, "user_name": "driver10", "user_id": 807, "user_username": "driver10", "user_color": "DA1A1A", "user_connection_type": 0, "user_last_login": null, "user_last_rate": null, "observation_url": "https://thor.ansur.no/signs/processing/27388", "observation_type": "photo", "preview_url": "https://thor.ansur.no/display/file/04c2a6b4af0cf29831035555e83c729d/driver10/435e9e0b90f7458e7f2044b5cd12dafe/preview.jpg", "preview_with_overlay_url": "https://thor.ansur.no/display/displayWithOverlays/04c2a6b4af0cf29831035555e83c729d/driver10/435e9e0b90f7458e7f2044b5cd12dafe/preview.jpg", "thumbnail_url": "https://thor.ansur.no/display/file/401b3b06ad9c8a1cbb2a6a8fecd49775/driver10/435e9e0b90f7458e7f2044b5cd12dafe/thumb.jpg", "files": [{"id": 83118, "file_type": 1, "size": 6893506, "state": 0, "created": "2019-09-13 06:37:32", "request_until": null, "meta": null, "hash": "435e9e0b90f7458e7f2044b5cd12dafe", "url": null}, {"id": 83119, "file_type": 0, "size": 28107, "state": 3, "created": "2019-09-13 06:37:32", "request_until": "2019-10-13 06:37:32", "meta": null, "hash": "04c2a6b4af0cf29831035555e83c729d", "url": "https://thor.ansur.no/display/media/83119/driver10/435e9e0b90f7458e7f2044b5cd12dafe/preview.jpg"}, {"id": 83120, "file_type": 3, "size": 20305, "state": 3, "created": "2019-09-13 06:37:33", "request_until": null, "meta": "", "hash": "401b3b06ad9c8a1cbb2a6a8fecd49775", "url": "https://thor.ansur.no/display/media/83120/driver10/435e9e0b90f7458e7f2044b5cd12dafe/thumb.jpg"}]}}]}','null');
insert into aar_service.file (id, name, mimeType, url, record_id) values (141,'record/attachements/435e9e0b90f7458e7f2044b5cd12dafe/preview.jpg','null','https://thor.ansur.no/display/media/83119/driver10/435e9e0b90f7458e7f2044b5cd12dafe/preview.jpg',1711);
insert into aar_service.file (id, name, mimeType, url, record_id) values (142,'record/attachements/435e9e0b90f7458e7f2044b5cd12dafe/thumb.jpg','null','https://thor.ansur.no/display/media/83120/driver10/435e9e0b90f7458e7f2044b5cd12dafe/thumb.jpg',1711);
insert into aar_service.record (id, clientId, sessionId, createDate, trialDate, topic, recordType, headline, msgType, recordJson, recordData) values (1712,'asign_photo','null','2019-09-13 08:49:26.35','2019-09-13 08:49:26.35','photo_geojson','FeatureCollection','null','Info','{"type": "FeatureCollection", "bbox": null, "features": [{"type": "Feature", "bbox": null, "geometry": {"type": "Point", "coordinates": [14.86098, 47.560165]}, "properties": {"id": 27389, "priority": 0, "viewed": false, "signature": "c7cab65b9b11d98c2e0f3389c5b1a16f", "instant": "2019-09-13 06:40:50", "created": "2019-09-13 06:41:45", "updated": "2019-09-13 06:41:48.785533", "caption": "", "interpretation": null, "meta": {"Source": {"filename": "original.jpg", "camera_make": null, "width": 1500, "size": 1115637, "height": 750, "direction": 0.0, "camera_model": null, "field_of_view": null}}, "version": null, "application_id": "8f0cf7ac-92b4-47d1-9745-a393e18e71b7", "seen": null, "started": null, "stopped": null, "location_latitude": 47.560165, "location_longitude": 14.86098, "location_time": "2019-09-13 06:40:50", "location_accuracy": 0.0, "location_altitude": 0.0, "location_provider": null, "location_speed": null, "location_meta": null, "mission_id": null, "mission_name": null, "thumbnail_hash": "0aa0d6160d07543d1bccf3b90297b447", "preview_hash": "54ebf5c09ac53c74389e1d72eb0ec17a", "category_id": null, "category_name": null, "application_device_type": 3, "application_last_login": "2019-09-13 06:37:29.865391", "application_phone": null, "application_last_rate": null, "application_updated": "2019-09-13 06:37:29.865391", "application_created": "2019-08-21 15:12:07.427551", "application_application_type": 4, "application_connection_type": 1, "application_connection_state": 1, "user_name": "driver10", "user_id": 807, "user_username": "driver10", "user_color": "DA1A1A", "user_connection_type": 0, "user_last_login": null, "user_last_rate": null, "observation_url": "https://thor.ansur.no/signs/processing/27389", "observation_type": "photo", "preview_url": "https://thor.ansur.no/display/file/54ebf5c09ac53c74389e1d72eb0ec17a/driver10/c7cab65b9b11d98c2e0f3389c5b1a16f/preview.jpg", "preview_with_overlay_url": "https://thor.ansur.no/display/displayWithOverlays/54ebf5c09ac53c74389e1d72eb0ec17a/driver10/c7cab65b9b11d98c2e0f3389c5b1a16f/preview.jpg", "thumbnail_url": "https://thor.ansur.no/display/file/0aa0d6160d07543d1bccf3b90297b447/driver10/c7cab65b9b11d98c2e0f3389c5b1a16f/thumb.jpg", "files": [{"id": 83121, "file_type": 1, "size": 1115637, "state": 0, "created": "2019-09-13 06:41:45", "request_until": null, "meta": null, "hash": "c7cab65b9b11d98c2e0f3389c5b1a16f", "url": null}, {"id": 83122, "file_type": 0, "size": 21777, "state": 3, "created": "2019-09-13 06:41:45", "request_until": "2019-10-13 06:41:45", "meta": null, "hash": "54ebf5c09ac53c74389e1d72eb0ec17a", "url": "https://thor.ansur.no/display/media/83122/driver10/c7cab65b9b11d98c2e0f3389c5b1a16f/preview.jpg"}, {"id": 83123, "file_type": 3, "size": 9506, "state": 3, "created": "2019-09-13 06:41:48", "request_until": null, "meta": "", "hash": "0aa0d6160d07543d1bccf3b90297b447", "url": "https://thor.ansur.no/display/media/83123/driver10/c7cab65b9b11d98c2e0f3389c5b1a16f/thumb.jpg"}]}}]}','null');
insert into aar_service.file (id, name, mimeType, url, record_id) values (143,'record/attachements/c7cab65b9b11d98c2e0f3389c5b1a16f/preview.jpg','null','https://thor.ansur.no/display/media/83122/driver10/c7cab65b9b11d98c2e0f3389c5b1a16f/preview.jpg',1712);
insert into aar_service.file (id, name, mimeType, url, record_id) values (144,'record/attachements/c7cab65b9b11d98c2e0f3389c5b1a16f/thumb.jpg','null','https://thor.ansur.no/display/media/83123/driver10/c7cab65b9b11d98c2e0f3389c5b1a16f/thumb.jpg',1712);
insert into aar_service.record (id, clientId, sessionId, createDate, trialDate, topic, recordType, headline, msgType, recordJson, recordData) values (1713,'TB-AARTool_FD','null','2019-09-13 08:49:27.131','2019-09-13 08:49:27.131','system_logging','Log','--> addCallback: system_topic_access_invite','Info','{"id": "TB-AARTool_FD", "dateTimeSent": 1568357348534, "level": "INFO", "log": "--> addCallback: system_topic_access_invite"}','null');
insert into aar_service.record (id, clientId, sessionId, createDate, trialDate, topic, recordType, headline, msgType, recordJson, recordData) values (1714,'TB-AARTool_FD','null','2019-09-13 08:49:27.272','2019-09-13 08:49:27.272','system_logging','Log','New Generic Callback Consumer created for topic: system_topic_access_invite','Info','{"id": "TB-AARTool_FD", "dateTimeSent": 1568357348534, "level": "INFO", "log": "New Generic Callback Consumer created for topic: system_topic_access_invite"}','null');
insert into aar_service.record (id, clientId, sessionId, createDate, trialDate, topic, recordType, headline, msgType, recordJson, recordData) values (1715,'TB-AARTool_FD','null','2019-09-13 08:49:27.397','2019-09-13 08:49:27.397','system_logging','Log','addCallback-->','Info','{"id": "TB-AARTool_FD", "dateTimeSent": 1568357348550, "level": "INFO", "log": "addCallback-->"}','null');
insert into aar_service.record (id, clientId, sessionId, createDate, trialDate, topic, recordType, headline, msgType, recordJson, recordData) values (1716,'TB-AARTool_FD','null','2019-09-13 08:49:27.522','2019-09-13 08:49:27.522','system_logging','Log','--> addCallback: system_timing_control','Info','{"id": "TB-AARTool_FD", "dateTimeSent": 1568357348550, "level": "INFO", "log": "--> addCallback: system_timing_control"}','null');
insert into aar_service.record (id, clientId, sessionId, createDate, trialDate, topic, recordType, headline, msgType, recordJson, recordData) values (1717,'TB-AARTool_FD','null','2019-09-13 08:49:27.647','2019-09-13 08:49:27.647','system_logging','Log','New Generic Callback Consumer created for topic: system_timing_control','Info','{"id": "TB-AARTool_FD", "dateTimeSent": 1568357348565, "level": "INFO", "log": "New Generic Callback Consumer created for topic: system_timing_control"}','null');
insert into aar_service.record (id, clientId, sessionId, createDate, trialDate, topic, recordType, headline, msgType, recordJson, recordData) values (1718,'TB-AARTool_FD','null','2019-09-13 08:49:27.772','2019-09-13 08:49:27.772','system_logging','Log','addCallback-->','Info','{"id": "TB-AARTool_FD", "dateTimeSent": 1568357348581, "level": "INFO", "log": "addCallback-->"}','null');
insert into aar_service.record (id, clientId, sessionId, createDate, trialDate, topic, recordType, headline, msgType, recordJson, recordData) values (1726,'TB-AARTool_FD','null','2019-09-13 08:49:28.787','2019-09-13 08:49:28.787','system_logging','Log','New Generic Callback Consumer created for topic: system_tm_phase_message','Info','{"id": "TB-AARTool_FD", "dateTimeSent": 1568357348643, "level": "INFO", "log": "New Generic Callback Consumer created for topic: system_tm_phase_message"}','null');
insert into aar_service.record (id, clientId, sessionId, createDate, trialDate, topic, recordType, headline, msgType, recordJson, recordData) values (1727,'TB-AARTool_FD','null','2019-09-13 08:49:28.912','2019-09-13 08:49:28.912','system_logging','Log','addCallback-->','Info','{"id": "TB-AARTool_FD", "dateTimeSent": 1568357348643, "level": "INFO", "log": "addCallback-->"}','null');
insert into aar_service.record (id, clientId, sessionId, createDate, trialDate, topic, recordType, headline, msgType, recordJson, recordData) values (1728,'TB-AARTool_FD','null','2019-09-13 08:49:29.037','2019-09-13 08:49:29.037','system_logging','Log','--> addCallback: system_tm_role_player','Info','{"id": "TB-AARTool_FD", "dateTimeSent": 1568357348659, "level": "INFO", "log": "--> addCallback: system_tm_role_player"}','null');
insert into aar_service.record (id, clientId, sessionId, createDate, trialDate, topic, recordType, headline, msgType, recordJson, recordData) values (1729,'TB-AARTool_FD','null','2019-09-13 08:49:29.224','2019-09-13 08:49:29.224','system_logging','Log','New Generic Callback Consumer created for topic: system_tm_role_player','Info','{"id": "TB-AARTool_FD", "dateTimeSent": 1568357348659, "level": "INFO", "log": "New Generic Callback Consumer created for topic: system_tm_role_player"}','null');
insert into aar_service.record (id, clientId, sessionId, createDate, trialDate, topic, recordType, headline, msgType, recordJson, recordData) values (1730,'TB-AARTool_FD','null','2019-09-13 08:49:29.349','2019-09-13 08:49:29.349','system_logging','Log','addCallback-->','Info','{"id": "TB-AARTool_FD", "dateTimeSent": 1568357348675, "level": "INFO", "log": "addCallback-->"}','null');
insert into aar_service.record (id, clientId, sessionId, createDate, trialDate, topic, recordType, headline, msgType, recordJson, recordData) values (1731,'TB-AARTool_FD','null','2019-09-13 08:49:29.474','2019-09-13 08:49:29.474','system_logging','Log','New Generic Callback Consumer created for topic: system_logging','Info','{"id": "TB-AARTool_FD", "dateTimeSent": 1568357348675, "level": "INFO", "log": "New Generic Callback Consumer created for topic: system_logging"}','null');
insert into aar_service.record (id, clientId, sessionId, createDate, trialDate, topic, recordType, headline, msgType, recordJson, recordData) values (1732,'TB-AARTool_FD','null','2019-09-13 08:49:29.599','2019-09-13 08:49:29.599','system_logging','Log','The AARService is up!','Info','{"id": "TB-AARTool_FD", "dateTimeSent": 1568357348690, "level": "INFO", "log": "The AARService is up!"}','null');
insert into aar_service.record (id, clientId, sessionId, createDate, trialDate, topic, recordType, headline, msgType, recordJson, recordData) values (1733,'TB-AARTool_FD','null','2019-09-13 08:49:29.74','2019-09-13 08:49:29.74','system_logging','Log','--> addCallback: photo_geojson','Info','{"id": "TB-AARTool_FD", "dateTimeSent": 1568357348706, "level": "INFO", "log": "--> addCallback: photo_geojson"}','null');
insert into aar_service.record (id, clientId, sessionId, createDate, trialDate, topic, recordType, headline, msgType, recordJson, recordData) values (1734,'TB-AARTool_FD','null','2019-09-13 08:49:29.865','2019-09-13 08:49:29.865','system_logging','Log','New Generic Callback Consumer created for topic: photo_geojson','Info','{"id": "TB-AARTool_FD", "dateTimeSent": 1568357348706, "level": "INFO", "log": "New Generic Callback Consumer created for topic: photo_geojson"}','null');
insert into aar_service.record (id, clientId, sessionId, createDate, trialDate, topic, recordType, headline, msgType, recordJson, recordData) values (1735,'TB-AARTool_FD','null','2019-09-13 08:49:29.99','2019-09-13 08:49:29.99','system_logging','Log','addCallback-->','Info','{"id": "TB-AARTool_FD", "dateTimeSent": 1568357348721, "level": "INFO", "log": "addCallback-->"}','null');
insert into aar_service.record (id, clientId, sessionId, createDate, trialDate, topic, recordType, headline, msgType, recordJson, recordData) values (1736,'TB-AARTool_FD','null','2019-09-13 08:49:30.115','2019-09-13 08:49:30.115','system_logging','Log','--> addCallback: asign_info','Info','{"id": "TB-AARTool_FD", "dateTimeSent": 1568357348721, "level": "INFO", "log": "--> addCallback: asign_info"}','null');
insert into aar_service.record (id, clientId, sessionId, createDate, trialDate, topic, recordType, headline, msgType, recordJson, recordData) values (1737,'TB-AARTool_FD','null','2019-09-13 08:49:30.24','2019-09-13 08:49:30.24','system_logging','Log','New Generic Callback Consumer created for topic: asign_info','Info','{"id": "TB-AARTool_FD", "dateTimeSent": 1568357348737, "level": "INFO", "log": "New Generic Callback Consumer created for topic: asign_info"}','null');
insert into aar_service.record (id, clientId, sessionId, createDate, trialDate, topic, recordType, headline, msgType, recordJson, recordData) values (1738,'TB-AARTool_FD','null','2019-09-13 08:49:30.365','2019-09-13 08:49:30.365','system_logging','Log','addCallback-->','Info','{"id": "TB-AARTool_FD", "dateTimeSent": 1568357348753, "level": "INFO", "log": "addCallback-->"}','null');
insert into aar_service.record (id, clientId, sessionId, createDate, trialDate, topic, recordType, headline, msgType, recordJson, recordData) values (1739,'TB-AARTool_FD','null','2019-09-13 08:49:30.49','2019-09-13 08:49:30.49','system_logging','Log','--> addCallback: large_data_update','Info','{"id": "TB-AARTool_FD", "dateTimeSent": 1568357348753, "level": "INFO", "log": "--> addCallback: large_data_update"}','null');
insert into aar_service.record (id, clientId, sessionId, createDate, trialDate, topic, recordType, headline, msgType, recordJson, recordData) values (1740,'TB-AARTool_FD','null','2019-09-13 08:49:30.615','2019-09-13 08:49:30.615','system_logging','Log','New Generic Callback Consumer created for topic: large_data_update','Info','{"id": "TB-AARTool_FD", "dateTimeSent": 1568357348768, "level": "INFO", "log": "New Generic Callback Consumer created for topic: large_data_update"}','null');
insert into aar_service.record (id, clientId, sessionId, createDate, trialDate, topic, recordType, headline, msgType, recordJson, recordData) values (1741,'TB-AARTool_FD','null','2019-09-13 08:49:30.74','2019-09-13 08:49:30.74','system_logging','Log','addCallback-->','Info','{"id": "TB-AARTool_FD", "dateTimeSent": 1568357348768, "level": "INFO", "log": "addCallback-->"}','null');
insert into aar_service.record (id, clientId, sessionId, createDate, trialDate, topic, recordType, headline, msgType, recordJson, recordData) values (1742,'TB-AARTool_FD','null','2019-09-13 08:49:30.865','2019-09-13 08:49:30.865','system_logging','Log','--> addCallback: crowd-tasker_info','Info','{"id": "TB-AARTool_FD", "dateTimeSent": 1568357348768, "level": "INFO", "log": "--> addCallback: crowd-tasker_info"}','null');
insert into aar_service.record (id, clientId, sessionId, createDate, trialDate, topic, recordType, headline, msgType, recordJson, recordData) values (1743,'TB-AARTool_FD','null','2019-09-13 08:49:30.99','2019-09-13 08:49:30.99','system_logging','Log','New Generic Callback Consumer created for topic: crowd-tasker_info','Info','{"id": "TB-AARTool_FD", "dateTimeSent": 1568357348784, "level": "INFO", "log": "New Generic Callback Consumer created for topic: crowd-tasker_info"}','null');
insert into aar_service.record (id, clientId, sessionId, createDate, trialDate, topic, recordType, headline, msgType, recordJson, recordData) values (1744,'TB-AARTool_FD','null','2019-09-13 08:49:31.115','2019-09-13 08:49:31.115','system_logging','Log','addCallback-->','Info','{"id": "TB-AARTool_FD", "dateTimeSent": 1568357348800, "level": "INFO", "log": "addCallback-->"}','null');
insert into aar_service.record (id, clientId, sessionId, createDate, trialDate, topic, recordType, headline, msgType, recordJson, recordData) values (1745,'TB-AARTool_FD','null','2019-09-13 08:49:31.24','2019-09-13 08:49:31.24','system_logging','Log','--> addCallback: map_layer_update','Info','{"id": "TB-AARTool_FD", "dateTimeSent": 1568357348800, "level": "INFO", "log": "--> addCallback: map_layer_update"}','null');
insert into aar_service.record (id, clientId, sessionId, createDate, trialDate, topic, recordType, headline, msgType, recordJson, recordData) values (1746,'TB-AARTool_FD','null','2019-09-13 08:49:31.38','2019-09-13 08:49:31.38','system_logging','Log','New Generic Callback Consumer created for topic: map_layer_update','Info','{"id": "TB-AARTool_FD", "dateTimeSent": 1568357348800, "level": "INFO", "log": "New Generic Callback Consumer created for topic: map_layer_update"}','null');
insert into aar_service.record (id, clientId, sessionId, createDate, trialDate, topic, recordType, headline, msgType, recordJson, recordData) values (1747,'TB-AARTool_FD','null','2019-09-13 08:49:31.505','2019-09-13 08:49:31.505','system_logging','Log','addCallback-->','Info','{"id": "TB-AARTool_FD", "dateTimeSent": 1568357348815, "level": "INFO", "log": "addCallback-->"}','null');
insert into aar_service.record (id, clientId, sessionId, createDate, trialDate, topic, recordType, headline, msgType, recordJson, recordData) values (1748,'TB-AARTool_FD','null','2019-09-13 08:52:49.677','2019-09-13 08:52:49.677','system_logging','Log','New Generic Callback Consumer created for topic: system_timing_control','Info','{"id": "TB-AARTool_FD", "dateTimeSent": 1568357348487, "level": "INFO", "log": "New Generic Callback Consumer created for topic: system_timing_control"}','null');
insert into aar_service.record (id, clientId, sessionId, createDate, trialDate, topic, recordType, headline, msgType, recordJson, recordData) values (1749,'TB-AARTool_FD','null','2019-09-13 08:52:49.872','2019-09-13 08:52:49.872','system_logging','Log','initCoreTopics -->','Info','{"id": "TB-AARTool_FD", "dateTimeSent": 1568357348518, "level": "INFO", "log": "initCoreTopics -->"}','null');
insert into aar_service.record (id, clientId, sessionId, createDate, trialDate, topic, recordType, headline, msgType, recordJson, recordData) values (1750,'TB-AARTool_FD','null','2019-09-13 08:52:49.988','2019-09-13 08:52:49.988','system_logging','Log','initializeProducers -->','Info','{"id": "TB-AARTool_FD", "dateTimeSent": 1568357348518, "level": "INFO", "log": "initializeProducers -->"}','null');
insert into aar_service.record (id, clientId, sessionId, createDate, trialDate, topic, recordType, headline, msgType, recordJson, recordData) values (1751,'TB-AARTool_FD','null','2019-09-13 08:52:50.113','2019-09-13 08:52:50.113','system_logging','Log','--> addCallback: system_topic_access_invite','Info','{"id": "TB-AARTool_FD", "dateTimeSent": 1568357348534, "level": "INFO", "log": "--> addCallback: system_topic_access_invite"}','null');
insert into aar_service.record (id, clientId, sessionId, createDate, trialDate, topic, recordType, headline, msgType, recordJson, recordData) values (1752,'TB-AARTool_FD','null','2019-09-13 08:52:50.254','2019-09-13 08:52:50.254','system_logging','Log','New Generic Callback Consumer created for topic: system_topic_access_invite','Info','{"id": "TB-AARTool_FD", "dateTimeSent": 1568357348534, "level": "INFO", "log": "New Generic Callback Consumer created for topic: system_topic_access_invite"}','null');
insert into aar_service.record (id, clientId, sessionId, createDate, trialDate, topic, recordType, headline, msgType, recordJson, recordData) values (1753,'TB-AARTool_FD','null','2019-09-13 08:52:50.363','2019-09-13 08:52:50.363','system_logging','Log','addCallback-->','Info','{"id": "TB-AARTool_FD", "dateTimeSent": 1568357348550, "level": "INFO", "log": "addCallback-->"}','null');
insert into aar_service.record (id, clientId, sessionId, createDate, trialDate, topic, recordType, headline, msgType, recordJson, recordData) values (1754,'TB-AARTool_FD','null','2019-09-13 08:52:50.488','2019-09-13 08:52:50.488','system_logging','Log','--> addCallback: system_timing_control','Info','{"id": "TB-AARTool_FD", "dateTimeSent": 1568357348550, "level": "INFO", "log": "--> addCallback: system_timing_control"}','null');
insert into aar_service.record (id, clientId, sessionId, createDate, trialDate, topic, recordType, headline, msgType, recordJson, recordData) values (1755,'TB-AARTool_FD','null','2019-09-13 08:52:50.626','2019-09-13 08:52:50.627','system_logging','Log','New Generic Callback Consumer created for topic: system_timing_control','Info','{"id": "TB-AARTool_FD", "dateTimeSent": 1568357348565, "level": "INFO", "log": "New Generic Callback Consumer created for topic: system_timing_control"}','null');
insert into aar_service.record (id, clientId, sessionId, createDate, trialDate, topic, recordType, headline, msgType, recordJson, recordData) values (1757,'TB-AARTool_FD','null','2019-09-13 08:52:50.872','2019-09-13 08:52:50.872','system_logging','Log','--> addCallback: system_observer_tool_answer','Info','{"id": "TB-AARTool_FD", "dateTimeSent": 1568357348581, "level": "INFO", "log": "--> addCallback: system_observer_tool_answer"}','null');
insert into aar_service.record (id, clientId, sessionId, createDate, trialDate, topic, recordType, headline, msgType, recordJson, recordData) values (1758,'TB-AARTool_FD','null','2019-09-13 08:52:50.987','2019-09-13 08:52:50.987','system_logging','Log','New Generic Callback Consumer created for topic: system_observer_tool_answer','Info','{"id": "TB-AARTool_FD", "dateTimeSent": 1568357348597, "level": "INFO", "log": "New Generic Callback Consumer created for topic: system_observer_tool_answer"}','null');
insert into aar_service.record (id, clientId, sessionId, createDate, trialDate, topic, recordType, headline, msgType, recordJson, recordData) values (1759,'TB-AARTool_FD','null','2019-09-13 08:52:51.112','2019-09-13 08:52:51.112','system_logging','Log','addCallback-->','Info','{"id": "TB-AARTool_FD", "dateTimeSent": 1568357348597, "level": "INFO", "log": "addCallback-->"}','null');
insert into aar_service.record (id, clientId, sessionId, createDate, trialDate, topic, recordType, headline, msgType, recordJson, recordData) values (1760,'TB-AARTool_FD','null','2019-09-13 08:52:51.237','2019-09-13 08:52:51.237','system_logging','Log','--> addCallback: system_tm_session_mgmt','Info','{"id": "TB-AARTool_FD", "dateTimeSent": 1568357348612, "level": "INFO", "log": "--> addCallback: system_tm_session_mgmt"}','null');
insert into aar_service.record (id, clientId, sessionId, createDate, trialDate, topic, recordType, headline, msgType, recordJson, recordData) values (1761,'TB-AARTool_FD','null','2019-09-13 08:52:51.362','2019-09-13 08:52:51.362','system_logging','Log','New Generic Callback Consumer created for topic: system_tm_session_mgmt','Info','{"id": "TB-AARTool_FD", "dateTimeSent": 1568357348628, "level": "INFO", "log": "New Generic Callback Consumer created for topic: system_tm_session_mgmt"}','null');
insert into aar_service.record (id, clientId, sessionId, createDate, trialDate, topic, recordType, headline, msgType, recordJson, recordData) values (1762,'TB-AARTool_FD','null','2019-09-13 08:52:51.501','2019-09-13 08:52:51.501','system_logging','Log','addCallback-->','Info','{"id": "TB-AARTool_FD", "dateTimeSent": 1568357348628, "level": "INFO", "log": "addCallback-->"}','null');
insert into aar_service.record (id, clientId, sessionId, createDate, trialDate, topic, recordType, headline, msgType, recordJson, recordData) values (1763,'TB-AARTool_FD','null','2019-09-13 08:52:51.624','2019-09-13 08:52:51.624','system_logging','Log','--> addCallback: system_tm_phase_message','Info','{"id": "TB-AARTool_FD", "dateTimeSent": 1568357348628, "level": "INFO", "log": "--> addCallback: system_tm_phase_message"}','null');
insert into aar_service.record (id, clientId, sessionId, createDate, trialDate, topic, recordType, headline, msgType, recordJson, recordData) values (1764,'TB-AARTool_FD','null','2019-09-13 08:52:51.748','2019-09-13 08:52:51.748','system_logging','Log','New Generic Callback Consumer created for topic: system_tm_phase_message','Info','{"id": "TB-AARTool_FD", "dateTimeSent": 1568357348643, "level": "INFO", "log": "New Generic Callback Consumer created for topic: system_tm_phase_message"}','null');
insert into aar_service.record (id, clientId, sessionId, createDate, trialDate, topic, recordType, headline, msgType, recordJson, recordData) values (1765,'TB-AARTool_FD','null','2019-09-13 08:52:51.873','2019-09-13 08:52:51.873','system_logging','Log','addCallback-->','Info','{"id": "TB-AARTool_FD", "dateTimeSent": 1568357348643, "level": "INFO", "log": "addCallback-->"}','null');
insert into aar_service.record (id, clientId, sessionId, createDate, trialDate, topic, recordType, headline, msgType, recordJson, recordData) values (1766,'TB-AARTool_FD','null','2019-09-13 08:52:52.0','2019-09-13 08:52:52.0','system_logging','Log','--> addCallback: system_tm_role_player','Info','{"id": "TB-AARTool_FD", "dateTimeSent": 1568357348659, "level": "INFO", "log": "--> addCallback: system_tm_role_player"}','null');
insert into aar_service.record (id, clientId, sessionId, createDate, trialDate, topic, recordType, headline, msgType, recordJson, recordData) values (1767,'TB-AARTool_FD','null','2019-09-13 08:52:52.124','2019-09-13 08:52:52.124','system_logging','Log','New Generic Callback Consumer created for topic: system_tm_role_player','Info','{"id": "TB-AARTool_FD", "dateTimeSent": 1568357348659, "level": "INFO", "log": "New Generic Callback Consumer created for topic: system_tm_role_player"}','null');
insert into aar_service.record (id, clientId, sessionId, createDate, trialDate, topic, recordType, headline, msgType, recordJson, recordData) values (1768,'TB-AARTool_FD','null','2019-09-13 08:52:52.25','2019-09-13 08:52:52.25','system_logging','Log','addCallback-->','Info','{"id": "TB-AARTool_FD", "dateTimeSent": 1568357348675, "level": "INFO", "log": "addCallback-->"}','null');
insert into aar_service.record (id, clientId, sessionId, createDate, trialDate, topic, recordType, headline, msgType, recordJson, recordData) values (1769,'TB-AARTool_FD','null','2019-09-13 08:52:52.374','2019-09-13 08:52:52.374','system_logging','Log','New Generic Callback Consumer created for topic: system_logging','Info','{"id": "TB-AARTool_FD", "dateTimeSent": 1568357348675, "level": "INFO", "log": "New Generic Callback Consumer created for topic: system_logging"}','null');
insert into aar_service.record (id, clientId, sessionId, createDate, trialDate, topic, recordType, headline, msgType, recordJson, recordData) values (1770,'TB-AARTool_FD','null','2019-09-13 08:52:52.496','2019-09-13 08:52:52.496','system_logging','Log','The AARService is up!','Info','{"id": "TB-AARTool_FD", "dateTimeSent": 1568357348690, "level": "INFO", "log": "The AARService is up!"}','null');
insert into aar_service.record (id, clientId, sessionId, createDate, trialDate, topic, recordType, headline, msgType, recordJson, recordData) values (1771,'TB-AARTool_FD','null','2019-09-13 08:52:52.621','2019-09-13 08:52:52.621','system_logging','Log','--> addCallback: photo_geojson','Info','{"id": "TB-AARTool_FD", "dateTimeSent": 1568357348706, "level": "INFO", "log": "--> addCallback: photo_geojson"}','null');
insert into aar_service.record (id, clientId, sessionId, createDate, trialDate, topic, recordType, headline, msgType, recordJson, recordData) values (1772,'TB-AARTool_FD','null','2019-09-13 08:52:52.749','2019-09-13 08:52:52.749','system_logging','Log','New Generic Callback Consumer created for topic: photo_geojson','Info','{"id": "TB-AARTool_FD", "dateTimeSent": 1568357348706, "level": "INFO", "log": "New Generic Callback Consumer created for topic: photo_geojson"}','null');
insert into aar_service.record (id, clientId, sessionId, createDate, trialDate, topic, recordType, headline, msgType, recordJson, recordData) values (1773,'TB-AARTool_FD','null','2019-09-13 08:52:52.875','2019-09-13 08:52:52.875','system_logging','Log','addCallback-->','Info','{"id": "TB-AARTool_FD", "dateTimeSent": 1568357348721, "level": "INFO", "log": "addCallback-->"}','null');
insert into aar_service.record (id, clientId, sessionId, createDate, trialDate, topic, recordType, headline, msgType, recordJson, recordData) values (1774,'TB-AARTool_FD','null','2019-09-13 08:52:52.988','2019-09-13 08:52:52.988','system_logging','Log','--> addCallback: asign_info','Info','{"id": "TB-AARTool_FD", "dateTimeSent": 1568357348721, "level": "INFO", "log": "--> addCallback: asign_info"}','null');
insert into aar_service.record (id, clientId, sessionId, createDate, trialDate, topic, recordType, headline, msgType, recordJson, recordData) values (1775,'TB-AARTool_FD','null','2019-09-13 08:52:53.175','2019-09-13 08:52:53.175','system_logging','Log','New Generic Callback Consumer created for topic: asign_info','Info','{"id": "TB-AARTool_FD", "dateTimeSent": 1568357348737, "level": "INFO", "log": "New Generic Callback Consumer created for topic: asign_info"}','null');
insert into aar_service.record (id, clientId, sessionId, createDate, trialDate, topic, recordType, headline, msgType, recordJson, recordData) values (1776,'TB-AARTool_FD','null','2019-09-13 08:52:53.3','2019-09-13 08:52:53.3','system_logging','Log','addCallback-->','Info','{"id": "TB-AARTool_FD", "dateTimeSent": 1568357348753, "level": "INFO", "log": "addCallback-->"}','null');
insert into aar_service.record (id, clientId, sessionId, createDate, trialDate, topic, recordType, headline, msgType, recordJson, recordData) values (1777,'TB-AARTool_FD','null','2019-09-13 08:52:53.425','2019-09-13 08:52:53.425','system_logging','Log','--> addCallback: large_data_update','Info','{"id": "TB-AARTool_FD", "dateTimeSent": 1568357348753, "level": "INFO", "log": "--> addCallback: large_data_update"}','null');
insert into aar_service.record (id, clientId, sessionId, createDate, trialDate, topic, recordType, headline, msgType, recordJson, recordData) values (1778,'TB-AARTool_FD','null','2019-09-13 08:52:53.553','2019-09-13 08:52:53.553','system_logging','Log','New Generic Callback Consumer created for topic: large_data_update','Info','{"id": "TB-AARTool_FD", "dateTimeSent": 1568357348768, "level": "INFO", "log": "New Generic Callback Consumer created for topic: large_data_update"}','null');
insert into aar_service.record (id, clientId, sessionId, createDate, trialDate, topic, recordType, headline, msgType, recordJson, recordData) values (1779,'TB-AARTool_FD','null','2019-09-13 08:52:53.677','2019-09-13 08:52:53.677','system_logging','Log','addCallback-->','Info','{"id": "TB-AARTool_FD", "dateTimeSent": 1568357348768, "level": "INFO", "log": "addCallback-->"}','null');
insert into aar_service.record (id, clientId, sessionId, createDate, trialDate, topic, recordType, headline, msgType, recordJson, recordData) values (1780,'TB-AARTool_FD','null','2019-09-13 08:52:53.795','2019-09-13 08:52:53.795','system_logging','Log','--> addCallback: crowd-tasker_info','Info','{"id": "TB-AARTool_FD", "dateTimeSent": 1568357348768, "level": "INFO", "log": "--> addCallback: crowd-tasker_info"}','null');
insert into aar_service.record (id, clientId, sessionId, createDate, trialDate, topic, recordType, headline, msgType, recordJson, recordData) values (1781,'TB-AARTool_FD','null','2019-09-13 08:52:53.92','2019-09-13 08:52:53.92','system_logging','Log','New Generic Callback Consumer created for topic: crowd-tasker_info','Info','{"id": "TB-AARTool_FD", "dateTimeSent": 1568357348784, "level": "INFO", "log": "New Generic Callback Consumer created for topic: crowd-tasker_info"}','null');
insert into aar_service.record (id, clientId, sessionId, createDate, trialDate, topic, recordType, headline, msgType, recordJson, recordData) values (1782,'TB-AARTool_FD','null','2019-09-13 08:52:54.035','2019-09-13 08:52:54.035','system_logging','Log','addCallback-->','Info','{"id": "TB-AARTool_FD", "dateTimeSent": 1568357348800, "level": "INFO", "log": "addCallback-->"}','null');
insert into aar_service.record (id, clientId, sessionId, createDate, trialDate, topic, recordType, headline, msgType, recordJson, recordData) values (1783,'TB-AARTool_FD','null','2019-09-13 08:52:54.16','2019-09-13 08:52:54.16','system_logging','Log','--> addCallback: map_layer_update','Info','{"id": "TB-AARTool_FD", "dateTimeSent": 1568357348800, "level": "INFO", "log": "--> addCallback: map_layer_update"}','null');
insert into aar_service.record (id, clientId, sessionId, createDate, trialDate, topic, recordType, headline, msgType, recordJson, recordData) values (1784,'TB-AARTool_FD','null','2019-09-13 08:52:54.285','2019-09-13 08:52:54.285','system_logging','Log','New Generic Callback Consumer created for topic: map_layer_update','Info','{"id": "TB-AARTool_FD", "dateTimeSent": 1568357348800, "level": "INFO", "log": "New Generic Callback Consumer created for topic: map_layer_update"}','null');
insert into aar_service.record (id, clientId, sessionId, createDate, trialDate, topic, recordType, headline, msgType, recordJson, recordData) values (1785,'TB-AARTool_FD','null','2019-09-13 08:52:54.41','2019-09-13 08:52:54.41','system_logging','Log','addCallback-->','Info','{"id": "TB-AARTool_FD", "dateTimeSent": 1568357348815, "level": "INFO", "log": "addCallback-->"}','null');
insert into aar_service.record (id, clientId, sessionId, createDate, trialDate, topic, recordType, headline, msgType, recordJson, recordData) values (1786,'TB-AARTool_FD','null','2019-09-13 08:52:54.545','2019-09-13 08:52:54.545','system_logging','Log','New Generic Callback Consumer created for topic: system_timing_control','Info','{"id": "TB-AARTool_FD", "dateTimeSent": 1568357566334, "level": "INFO", "log": "New Generic Callback Consumer created for topic: system_timing_control"}','null');
insert into aar_service.record (id, clientId, sessionId, createDate, trialDate, topic, recordType, headline, msgType, recordJson, recordData) values (1788,'TB-AARTool_FD','null','2019-09-13 08:52:54.782','2019-09-13 08:52:54.782','system_logging','Log','initializeProducers -->','Info','{"id": "TB-AARTool_FD", "dateTimeSent": 1568357566381, "level": "INFO", "log": "initializeProducers -->"}','null');
insert into aar_service.record (id, clientId, sessionId, createDate, trialDate, topic, recordType, headline, msgType, recordJson, recordData) values (1789,'TB-AARTool_FD','null','2019-09-13 08:52:54.907','2019-09-13 08:52:54.907','system_logging','Log','--> addCallback: system_topic_access_invite','Info','{"id": "TB-AARTool_FD", "dateTimeSent": 1568357566381, "level": "INFO", "log": "--> addCallback: system_topic_access_invite"}','null');
insert into aar_service.record (id, clientId, sessionId, createDate, trialDate, topic, recordType, headline, msgType, recordJson, recordData) values (1790,'TB-AARTool_FD','null','2019-09-13 08:52:55.042','2019-09-13 08:52:55.042','system_logging','Log','New Generic Callback Consumer created for topic: system_topic_access_invite','Info','{"id": "TB-AARTool_FD", "dateTimeSent": 1568357566396, "level": "INFO", "log": "New Generic Callback Consumer created for topic: system_topic_access_invite"}','null');
insert into aar_service.record (id, clientId, sessionId, createDate, trialDate, topic, recordType, headline, msgType, recordJson, recordData) values (1791,'TB-AARTool_FD','null','2019-09-13 08:52:55.171','2019-09-13 08:52:55.171','system_logging','Log','addCallback-->','Info','{"id": "TB-AARTool_FD", "dateTimeSent": 1568357566396, "level": "INFO", "log": "addCallback-->"}','null');
insert into aar_service.record (id, clientId, sessionId, createDate, trialDate, topic, recordType, headline, msgType, recordJson, recordData) values (1792,'TB-AARTool_FD','null','2019-09-13 08:52:55.296','2019-09-13 08:52:55.296','system_logging','Log','--> addCallback: system_timing_control','Info','{"id": "TB-AARTool_FD", "dateTimeSent": 1568357566396, "level": "INFO", "log": "--> addCallback: system_timing_control"}','null');
insert into aar_service.record (id, clientId, sessionId, createDate, trialDate, topic, recordType, headline, msgType, recordJson, recordData) values (1793,'TB-AARTool_FD','null','2019-09-13 08:52:55.421','2019-09-13 08:52:55.421','system_logging','Log','New Generic Callback Consumer created for topic: system_timing_control','Info','{"id": "TB-AARTool_FD", "dateTimeSent": 1568357566412, "level": "INFO", "log": "New Generic Callback Consumer created for topic: system_timing_control"}','null');
insert into aar_service.record (id, clientId, sessionId, createDate, trialDate, topic, recordType, headline, msgType, recordJson, recordData) values (1794,'TB-AARTool_FD','null','2019-09-13 08:52:55.551','2019-09-13 08:52:55.551','system_logging','Log','addCallback-->','Info','{"id": "TB-AARTool_FD", "dateTimeSent": 1568357566412, "level": "INFO", "log": "addCallback-->"}','null');
insert into aar_service.record (id, clientId, sessionId, createDate, trialDate, topic, recordType, headline, msgType, recordJson, recordData) values (1795,'TB-AARTool_FD','null','2019-09-13 08:52:55.681','2019-09-13 08:52:55.681','system_logging','Log','--> addCallback: system_observer_tool_answer','Info','{"id": "TB-AARTool_FD", "dateTimeSent": 1568357566427, "level": "INFO", "log": "--> addCallback: system_observer_tool_answer"}','null');
insert into aar_service.record (id, clientId, sessionId, createDate, trialDate, topic, recordType, headline, msgType, recordJson, recordData) values (1796,'TB-AARTool_FD','null','2019-09-13 08:52:55.796','2019-09-13 08:52:55.796','system_logging','Log','New Generic Callback Consumer created for topic: system_observer_tool_answer','Info','{"id": "TB-AARTool_FD", "dateTimeSent": 1568357566427, "level": "INFO", "log": "New Generic Callback Consumer created for topic: system_observer_tool_answer"}','null');
insert into aar_service.record (id, clientId, sessionId, createDate, trialDate, topic, recordType, headline, msgType, recordJson, recordData) values (1797,'TB-AARTool_FD','null','2019-09-13 08:52:55.921','2019-09-13 08:52:55.921','system_logging','Log','addCallback-->','Info','{"id": "TB-AARTool_FD", "dateTimeSent": 1568357566443, "level": "INFO", "log": "addCallback-->"}','null');
insert into aar_service.record (id, clientId, sessionId, createDate, trialDate, topic, recordType, headline, msgType, recordJson, recordData) values (1798,'TB-AARTool_FD','null','2019-09-13 08:52:56.051','2019-09-13 08:52:56.051','system_logging','Log','--> addCallback: system_tm_session_mgmt','Info','{"id": "TB-AARTool_FD", "dateTimeSent": 1568357566443, "level": "INFO", "log": "--> addCallback: system_tm_session_mgmt"}','null');
insert into aar_service.record (id, clientId, sessionId, createDate, trialDate, topic, recordType, headline, msgType, recordJson, recordData) values (1799,'TB-AARTool_FD','null','2019-09-13 08:52:56.16','2019-09-13 08:52:56.16','system_logging','Log','New Generic Callback Consumer created for topic: system_tm_session_mgmt','Info','{"id": "TB-AARTool_FD", "dateTimeSent": 1568357566459, "level": "INFO", "log": "New Generic Callback Consumer created for topic: system_tm_session_mgmt"}','null');
insert into aar_service.record (id, clientId, sessionId, createDate, trialDate, topic, recordType, headline, msgType, recordJson, recordData) values (1800,'TB-AARTool_FD','null','2019-09-13 08:52:56.285','2019-09-13 08:52:56.285','system_logging','Log','addCallback-->','Info','{"id": "TB-AARTool_FD", "dateTimeSent": 1568357566459, "level": "INFO", "log": "addCallback-->"}','null');
insert into aar_service.record (id, clientId, sessionId, createDate, trialDate, topic, recordType, headline, msgType, recordJson, recordData) values (1801,'TB-AARTool_FD','null','2019-09-13 08:52:56.41','2019-09-13 08:52:56.41','system_logging','Log','--> addCallback: system_tm_phase_message','Info','{"id": "TB-AARTool_FD", "dateTimeSent": 1568357566459, "level": "INFO", "log": "--> addCallback: system_tm_phase_message"}','null');
insert into aar_service.record (id, clientId, sessionId, createDate, trialDate, topic, recordType, headline, msgType, recordJson, recordData) values (1802,'TB-AARTool_FD','null','2019-09-13 08:52:56.545','2019-09-13 08:52:56.545','system_logging','Log','New Generic Callback Consumer created for topic: system_tm_phase_message','Info','{"id": "TB-AARTool_FD", "dateTimeSent": 1568357566474, "level": "INFO", "log": "New Generic Callback Consumer created for topic: system_tm_phase_message"}','null');
insert into aar_service.record (id, clientId, sessionId, createDate, trialDate, topic, recordType, headline, msgType, recordJson, recordData) values (1803,'TB-AARTool_FD','null','2019-09-13 08:52:56.669','2019-09-13 08:52:56.669','system_logging','Log','addCallback-->','Info','{"id": "TB-AARTool_FD", "dateTimeSent": 1568357566490, "level": "INFO", "log": "addCallback-->"}','null');
insert into aar_service.record (id, clientId, sessionId, createDate, trialDate, topic, recordType, headline, msgType, recordJson, recordData) values (1804,'TB-AARTool_FD','null','2019-09-13 08:52:56.781','2019-09-13 08:52:56.781','system_logging','Log','--> addCallback: system_tm_role_player','Info','{"id": "TB-AARTool_FD", "dateTimeSent": 1568357566494, "level": "INFO", "log": "--> addCallback: system_tm_role_player"}','null');
insert into aar_service.record (id, clientId, sessionId, createDate, trialDate, topic, recordType, headline, msgType, recordJson, recordData) values (1805,'TB-AARTool_FD','null','2019-09-13 08:52:56.906','2019-09-13 08:52:56.906','system_logging','Log','New Generic Callback Consumer created for topic: system_tm_role_player','Info','{"id": "TB-AARTool_FD", "dateTimeSent": 1568357566505, "level": "INFO", "log": "New Generic Callback Consumer created for topic: system_tm_role_player"}','null');
insert into aar_service.record (id, clientId, sessionId, createDate, trialDate, topic, recordType, headline, msgType, recordJson, recordData) values (1806,'TB-AARTool_FD','null','2019-09-13 08:52:57.034','2019-09-13 08:52:57.034','system_logging','Log','addCallback-->','Info','{"id": "TB-AARTool_FD", "dateTimeSent": 1568357566518, "level": "INFO", "log": "addCallback-->"}','null');
insert into aar_service.record (id, clientId, sessionId, createDate, trialDate, topic, recordType, headline, msgType, recordJson, recordData) values (1807,'TB-AARTool_FD','null','2019-09-13 08:52:57.164','2019-09-13 08:52:57.164','system_logging','Log','New Generic Callback Consumer created for topic: system_logging','Info','{"id": "TB-AARTool_FD", "dateTimeSent": 1568357566527, "level": "INFO", "log": "New Generic Callback Consumer created for topic: system_logging"}','null');
insert into aar_service.record (id, clientId, sessionId, createDate, trialDate, topic, recordType, headline, msgType, recordJson, recordData) values (1808,'TB-AARTool_FD','null','2019-09-13 08:52:57.287','2019-09-13 08:52:57.287','system_logging','Log','The AARService is up!','Info','{"id": "TB-AARTool_FD", "dateTimeSent": 1568357566533, "level": "INFO", "log": "The AARService is up!"}','null');
insert into aar_service.record (id, clientId, sessionId, createDate, trialDate, topic, recordType, headline, msgType, recordJson, recordData) values (1809,'TB-AARTool_FD','null','2019-09-13 08:52:57.41','2019-09-13 08:52:57.41','system_logging','Log','--> addCallback: photo_geojson','Info','{"id": "TB-AARTool_FD", "dateTimeSent": 1568357566539, "level": "INFO", "log": "--> addCallback: photo_geojson"}','null');
insert into aar_service.record (id, clientId, sessionId, createDate, trialDate, topic, recordType, headline, msgType, recordJson, recordData) values (1810,'TB-AARTool_FD','null','2019-09-13 08:52:57.538','2019-09-13 08:52:57.538','system_logging','Log','New Generic Callback Consumer created for topic: photo_geojson','Info','{"id": "TB-AARTool_FD", "dateTimeSent": 1568357566549, "level": "INFO", "log": "New Generic Callback Consumer created for topic: photo_geojson"}','null');
insert into aar_service.record (id, clientId, sessionId, createDate, trialDate, topic, recordType, headline, msgType, recordJson, recordData) values (1811,'TB-AARTool_FD','null','2019-09-13 08:52:57.662','2019-09-13 08:52:57.662','system_logging','Log','addCallback-->','Info','{"id": "TB-AARTool_FD", "dateTimeSent": 1568357566554, "level": "INFO", "log": "addCallback-->"}','null');
insert into aar_service.record (id, clientId, sessionId, createDate, trialDate, topic, recordType, headline, msgType, recordJson, recordData) values (1812,'TB-AARTool_FD','null','2019-09-13 08:52:57.783','2019-09-13 08:52:57.783','system_logging','Log','--> addCallback: asign_info','Info','{"id": "TB-AARTool_FD", "dateTimeSent": 1568357566559, "level": "INFO", "log": "--> addCallback: asign_info"}','null');
insert into aar_service.record (id, clientId, sessionId, createDate, trialDate, topic, recordType, headline, msgType, recordJson, recordData) values (1813,'TB-AARTool_FD','null','2019-09-13 08:52:57.908','2019-09-13 08:52:57.908','system_logging','Log','New Generic Callback Consumer created for topic: asign_info','Info','{"id": "TB-AARTool_FD", "dateTimeSent": 1568357566568, "level": "INFO", "log": "New Generic Callback Consumer created for topic: asign_info"}','null');
insert into aar_service.record (id, clientId, sessionId, createDate, trialDate, topic, recordType, headline, msgType, recordJson, recordData) values (1814,'TB-AARTool_FD','null','2019-09-13 08:52:58.034','2019-09-13 08:52:58.034','system_logging','Log','addCallback-->','Info','{"id": "TB-AARTool_FD", "dateTimeSent": 1568357566572, "level": "INFO", "log": "addCallback-->"}','null');
insert into aar_service.record (id, clientId, sessionId, createDate, trialDate, topic, recordType, headline, msgType, recordJson, recordData) values (1815,'TB-AARTool_FD','null','2019-09-13 08:52:58.159','2019-09-13 08:52:58.159','system_logging','Log','--> addCallback: large_data_update','Info','{"id": "TB-AARTool_FD", "dateTimeSent": 1568357566578, "level": "INFO", "log": "--> addCallback: large_data_update"}','null');
insert into aar_service.record (id, clientId, sessionId, createDate, trialDate, topic, recordType, headline, msgType, recordJson, recordData) values (1816,'TB-AARTool_FD','null','2019-09-13 08:52:58.283','2019-09-13 08:52:58.284','system_logging','Log','New Generic Callback Consumer created for topic: large_data_update','Info','{"id": "TB-AARTool_FD", "dateTimeSent": 1568357566585, "level": "INFO", "log": "New Generic Callback Consumer created for topic: large_data_update"}','null');
insert into aar_service.record (id, clientId, sessionId, createDate, trialDate, topic, recordType, headline, msgType, recordJson, recordData) values (1817,'TB-AARTool_FD','null','2019-09-13 08:52:58.408','2019-09-13 08:52:58.408','system_logging','Log','addCallback-->','Info','{"id": "TB-AARTool_FD", "dateTimeSent": 1568357566590, "level": "INFO", "log": "addCallback-->"}','null');
insert into aar_service.record (id, clientId, sessionId, createDate, trialDate, topic, recordType, headline, msgType, recordJson, recordData) values (1818,'TB-AARTool_FD','null','2019-09-13 08:52:58.53','2019-09-13 08:52:58.53','system_logging','Log','--> addCallback: crowd-tasker_info','Info','{"id": "TB-AARTool_FD", "dateTimeSent": 1568357566597, "level": "INFO", "log": "--> addCallback: crowd-tasker_info"}','null');
insert into aar_service.record (id, clientId, sessionId, createDate, trialDate, topic, recordType, headline, msgType, recordJson, recordData) values (1819,'TB-AARTool_FD','null','2019-09-13 08:52:58.661','2019-09-13 08:52:58.661','system_logging','Log','New Generic Callback Consumer created for topic: crowd-tasker_info','Info','{"id": "TB-AARTool_FD", "dateTimeSent": 1568357566606, "level": "INFO", "log": "New Generic Callback Consumer created for topic: crowd-tasker_info"}','null');
insert into aar_service.record (id, clientId, sessionId, createDate, trialDate, topic, recordType, headline, msgType, recordJson, recordData) values (1820,'TB-AARTool_FD','null','2019-09-13 08:52:58.789','2019-09-13 08:52:58.789','system_logging','Log','addCallback-->','Info','{"id": "TB-AARTool_FD", "dateTimeSent": 1568357566612, "level": "INFO", "log": "addCallback-->"}','null');
insert into aar_service.record (id, clientId, sessionId, createDate, trialDate, topic, recordType, headline, msgType, recordJson, recordData) values (1821,'TB-AARTool_FD','null','2019-09-13 08:52:58.907','2019-09-13 08:52:58.907','system_logging','Log','--> addCallback: map_layer_update','Info','{"id": "TB-AARTool_FD", "dateTimeSent": 1568357566617, "level": "INFO", "log": "--> addCallback: map_layer_update"}','null');
insert into aar_service.record (id, clientId, sessionId, createDate, trialDate, topic, recordType, headline, msgType, recordJson, recordData) values (1822,'TB-AARTool_FD','null','2019-09-13 08:52:59.035','2019-09-13 08:52:59.035','system_logging','Log','New Generic Callback Consumer created for topic: map_layer_update','Info','{"id": "TB-AARTool_FD", "dateTimeSent": 1568357566625, "level": "INFO", "log": "New Generic Callback Consumer created for topic: map_layer_update"}','null');
insert into aar_service.record (id, clientId, sessionId, createDate, trialDate, topic, recordType, headline, msgType, recordJson, recordData) values (1823,'TB-AARTool_FD','null','2019-09-13 08:52:59.167','2019-09-13 08:52:59.167','system_logging','Log','addCallback-->','Info','{"id": "TB-AARTool_FD", "dateTimeSent": 1568357566631, "level": "INFO", "log": "addCallback-->"}','null');
insert into aar_service.record (id, clientId, sessionId, createDate, trialDate, topic, recordType, headline, msgType, recordJson, recordData) values (1824,'asign_photo','null','2019-09-13 08:57:00.517','2019-09-13 08:57:00.517','photo_geojson','FeatureCollection','null','Info','{"type": "FeatureCollection", "bbox": null, "features": [{"type": "Feature", "bbox": null, "geometry": {"type": "Point", "coordinates": [14.860718, 47.560379]}, "properties": {"id": 27390, "priority": 0, "viewed": false, "signature": "38413d57480c531b003a13c3a883bf72", "instant": "2019-09-13 06:56:26", "created": "2019-09-13 06:56:46", "updated": "2019-09-13 06:56:48.880577", "caption": "This is how it looks", "interpretation": null, "meta": {"Source": {"filename": "original.jpg", "camera_make": "Apple", "width": 4032, "size": 8389478, "height": 3024, "direction": 85.0, "camera_model": "iPhone 7", "field_of_view": null}}, "version": null, "application_id": "8f0cf7ac-92b4-47d1-9745-a393e18e71b7", "seen": null, "started": null, "stopped": null, "location_latitude": 47.560379, "location_longitude": 14.860718, "location_time": "2019-09-13 06:55:57", "location_accuracy": 1210.0, "location_altitude": 684.667358, "location_provider": null, "location_speed": null, "location_meta": null, "mission_id": null, "mission_name": null, "thumbnail_hash": "adca283f94511f2ce7d1d164002dd1fd", "preview_hash": "8be6a26af09baa87b512f03c271f0221", "category_id": null, "category_name": null, "application_device_type": 3, "application_last_login": "2019-09-13 06:52:39.616428", "application_phone": null, "application_last_rate": null, "application_updated": "2019-09-13 06:52:39.616428", "application_created": "2019-08-21 15:12:07.427551", "application_application_type": 4, "application_connection_type": 1, "application_connection_state": 1, "user_name": "driver10", "user_id": 807, "user_username": "driver10", "user_color": "DA1A1A", "user_connection_type": 0, "user_last_login": null, "user_last_rate": null, "observation_url": "https://thor.ansur.no/signs/processing/27390", "observation_type": "photo", "preview_url": "https://thor.ansur.no/display/file/8be6a26af09baa87b512f03c271f0221/driver10/38413d57480c531b003a13c3a883bf72/preview.jpg", "preview_with_overlay_url": "https://thor.ansur.no/display/displayWithOverlays/8be6a26af09baa87b512f03c271f0221/driver10/38413d57480c531b003a13c3a883bf72/preview.jpg", "thumbnail_url": "https://thor.ansur.no/display/file/adca283f94511f2ce7d1d164002dd1fd/driver10/38413d57480c531b003a13c3a883bf72/thumb.jpg", "files": [{"id": 83124, "file_type": 1, "size": 8389478, "state": 0, "created": "2019-09-13 06:56:46", "request_until": null, "meta": null, "hash": "38413d57480c531b003a13c3a883bf72", "url": null}, {"id": 83125, "file_type": 0, "size": 39921, "state": 3, "created": "2019-09-13 06:56:46", "request_until": "2019-10-13 06:56:46", "meta": null, "hash": "8be6a26af09baa87b512f03c271f0221", "url": "https://thor.ansur.no/display/media/83125/driver10/38413d57480c531b003a13c3a883bf72/preview.jpg"}, {"id": 83126, "file_type": 3, "size": 16372, "state": 3, "created": "2019-09-13 06:56:48", "request_until": null, "meta": "", "hash": "adca283f94511f2ce7d1d164002dd1fd", "url": "https://thor.ansur.no/display/media/83126/driver10/38413d57480c531b003a13c3a883bf72/thumb.jpg"}]}}]}','null');
insert into aar_service.file (id, name, mimeType, url, record_id) values (145,'record/attachements/38413d57480c531b003a13c3a883bf72/preview.jpg','null','https://thor.ansur.no/display/media/83125/driver10/38413d57480c531b003a13c3a883bf72/preview.jpg',1824);
insert into aar_service.file (id, name, mimeType, url, record_id) values (146,'record/attachements/38413d57480c531b003a13c3a883bf72/thumb.jpg','null','https://thor.ansur.no/display/media/83126/driver10/38413d57480c531b003a13c3a883bf72/thumb.jpg',1824);
insert into aar_service.record (id, clientId, sessionId, createDate, trialDate, topic, recordType, headline, msgType, recordJson, recordData) values (1825,'TB-AARTool','null','2019-09-13 08:57:49.842','2019-09-13 08:57:49.842','system_logging','Log','New Generic Callback Consumer created for topic: system_timing_control','Info','{"id": "TB-AARTool", "dateTimeSent": 1568357868438, "level": "INFO", "log": "New Generic Callback Consumer created for topic: system_timing_control"}','null');
insert into aar_service.record (id, clientId, sessionId, createDate, trialDate, topic, recordType, headline, msgType, recordJson, recordData) values (1826,'TB-AARTool','null','2019-09-13 08:57:49.998','2019-09-13 08:57:49.998','system_logging','Log','initCoreTopics -->','Info','{"id": "TB-AARTool", "dateTimeSent": 1568357868461, "level": "INFO", "log": "initCoreTopics -->"}','null');
insert into aar_service.record (id, clientId, sessionId, createDate, trialDate, topic, recordType, headline, msgType, recordJson, recordData) values (1827,'TB-AARTool','null','2019-09-13 08:57:50.123','2019-09-13 08:57:50.123','system_logging','Log','initializeProducers -->','Info','{"id": "TB-AARTool", "dateTimeSent": 1568357868464, "level": "INFO", "log": "initializeProducers -->"}','null');
insert into aar_service.record (id, clientId, sessionId, createDate, trialDate, topic, recordType, headline, msgType, recordJson, recordData) values (1828,'TB-AARTool','null','2019-09-13 08:57:50.248','2019-09-13 08:57:50.248','system_logging','Log','--> addCallback: system_topic_access_invite','Info','{"id": "TB-AARTool", "dateTimeSent": 1568357868466, "level": "INFO", "log": "--> addCallback: system_topic_access_invite"}','null');
insert into aar_service.record (id, clientId, sessionId, createDate, trialDate, topic, recordType, headline, msgType, recordJson, recordData) values (1829,'TB-AARTool','null','2019-09-13 08:57:50.357','2019-09-13 08:57:50.357','system_logging','Log','New Generic Callback Consumer created for topic: system_topic_access_invite','Info','{"id": "TB-AARTool", "dateTimeSent": 1568357868487, "level": "INFO", "log": "New Generic Callback Consumer created for topic: system_topic_access_invite"}','null');
insert into aar_service.record (id, clientId, sessionId, createDate, trialDate, topic, recordType, headline, msgType, recordJson, recordData) values (1830,'TB-AARTool','null','2019-09-13 08:57:50.482','2019-09-13 08:57:50.482','system_logging','Log','addCallback-->','Info','{"id": "TB-AARTool", "dateTimeSent": 1568357868496, "level": "INFO", "log": "addCallback-->"}','null');
insert into aar_service.record (id, clientId, sessionId, createDate, trialDate, topic, recordType, headline, msgType, recordJson, recordData) values (1831,'TB-AARTool','null','2019-09-13 08:57:50.607','2019-09-13 08:57:50.607','system_logging','Log','--> addCallback: system_timing_control','Info','{"id": "TB-AARTool", "dateTimeSent": 1568357868502, "level": "INFO", "log": "--> addCallback: system_timing_control"}','null');
insert into aar_service.record (id, clientId, sessionId, createDate, trialDate, topic, recordType, headline, msgType, recordJson, recordData) values (1832,'TB-AARTool','null','2019-09-13 08:57:50.734','2019-09-13 08:57:50.734','system_logging','Log','New Generic Callback Consumer created for topic: system_timing_control','Info','{"id": "TB-AARTool", "dateTimeSent": 1568357868510, "level": "INFO", "log": "New Generic Callback Consumer created for topic: system_timing_control"}','null');
insert into aar_service.record (id, clientId, sessionId, createDate, trialDate, topic, recordType, headline, msgType, recordJson, recordData) values (1833,'TB-AARTool','null','2019-09-13 08:57:50.859','2019-09-13 08:57:50.859','system_logging','Log','addCallback-->','Info','{"id": "TB-AARTool", "dateTimeSent": 1568357868512, "level": "INFO", "log": "addCallback-->"}','null');
insert into aar_service.record (id, clientId, sessionId, createDate, trialDate, topic, recordType, headline, msgType, recordJson, recordData) values (1834,'TB-AARTool','null','2019-09-13 08:57:50.984','2019-09-13 08:57:50.984','system_logging','Log','--> addCallback: system_observer_tool_answer','Info','{"id": "TB-AARTool", "dateTimeSent": 1568357868516, "level": "INFO", "log": "--> addCallback: system_observer_tool_answer"}','null');
insert into aar_service.record (id, clientId, sessionId, createDate, trialDate, topic, recordType, headline, msgType, recordJson, recordData) values (1835,'TB-AARTool','null','2019-09-13 08:57:51.109','2019-09-13 08:57:51.109','system_logging','Log','New Generic Callback Consumer created for topic: system_observer_tool_answer','Info','{"id": "TB-AARTool", "dateTimeSent": 1568357868527, "level": "INFO", "log": "New Generic Callback Consumer created for topic: system_observer_tool_answer"}','null');
insert into aar_service.record (id, clientId, sessionId, createDate, trialDate, topic, recordType, headline, msgType, recordJson, recordData) values (1836,'TB-AARTool','null','2019-09-13 08:57:51.234','2019-09-13 08:57:51.234','system_logging','Log','addCallback-->','Info','{"id": "TB-AARTool", "dateTimeSent": 1568357868530, "level": "INFO", "log": "addCallback-->"}','null');
insert into aar_service.record (id, clientId, sessionId, createDate, trialDate, topic, recordType, headline, msgType, recordJson, recordData) values (1837,'TB-AARTool','null','2019-09-13 08:57:51.359','2019-09-13 08:57:51.359','system_logging','Log','--> addCallback: system_tm_session_mgmt','Info','{"id": "TB-AARTool", "dateTimeSent": 1568357868532, "level": "INFO", "log": "--> addCallback: system_tm_session_mgmt"}','null');
insert into aar_service.record (id, clientId, sessionId, createDate, trialDate, topic, recordType, headline, msgType, recordJson, recordData) values (1838,'TB-AARTool','null','2019-09-13 08:57:51.484','2019-09-13 08:57:51.484','system_logging','Log','New Generic Callback Consumer created for topic: system_tm_session_mgmt','Info','{"id": "TB-AARTool", "dateTimeSent": 1568357868539, "level": "INFO", "log": "New Generic Callback Consumer created for topic: system_tm_session_mgmt"}','null');
insert into aar_service.record (id, clientId, sessionId, createDate, trialDate, topic, recordType, headline, msgType, recordJson, recordData) values (1839,'TB-AARTool','null','2019-09-13 08:57:51.609','2019-09-13 08:57:51.609','system_logging','Log','addCallback-->','Info','{"id": "TB-AARTool", "dateTimeSent": 1568357868543, "level": "INFO", "log": "addCallback-->"}','null');
insert into aar_service.record (id, clientId, sessionId, createDate, trialDate, topic, recordType, headline, msgType, recordJson, recordData) values (1840,'TB-AARTool','null','2019-09-13 08:57:51.718','2019-09-13 08:57:51.718','system_logging','Log','--> addCallback: system_tm_phase_message','Info','{"id": "TB-AARTool", "dateTimeSent": 1568357868547, "level": "INFO", "log": "--> addCallback: system_tm_phase_message"}','null');
insert into aar_service.record (id, clientId, sessionId, createDate, trialDate, topic, recordType, headline, msgType, recordJson, recordData) values (1841,'TB-AARTool','null','2019-09-13 08:57:51.843','2019-09-13 08:57:51.843','system_logging','Log','New Generic Callback Consumer created for topic: system_tm_phase_message','Info','{"id": "TB-AARTool", "dateTimeSent": 1568357868560, "level": "INFO", "log": "New Generic Callback Consumer created for topic: system_tm_phase_message"}','null');
insert into aar_service.record (id, clientId, sessionId, createDate, trialDate, topic, recordType, headline, msgType, recordJson, recordData) values (1842,'TB-AARTool','null','2019-09-13 08:57:51.968','2019-09-13 08:57:51.968','system_logging','Log','addCallback-->','Info','{"id": "TB-AARTool", "dateTimeSent": 1568357868563, "level": "INFO", "log": "addCallback-->"}','null');
insert into aar_service.record (id, clientId, sessionId, createDate, trialDate, topic, recordType, headline, msgType, recordJson, recordData) values (1843,'TB-AARTool','null','2019-09-13 08:57:52.093','2019-09-13 08:57:52.093','system_logging','Log','--> addCallback: system_tm_role_player','Info','{"id": "TB-AARTool", "dateTimeSent": 1568357868565, "level": "INFO", "log": "--> addCallback: system_tm_role_player"}','null');
insert into aar_service.record (id, clientId, sessionId, createDate, trialDate, topic, recordType, headline, msgType, recordJson, recordData) values (1844,'TB-AARTool','null','2019-09-13 08:57:52.218','2019-09-13 08:57:52.218','system_logging','Log','New Generic Callback Consumer created for topic: system_tm_role_player','Info','{"id": "TB-AARTool", "dateTimeSent": 1568357868582, "level": "INFO", "log": "New Generic Callback Consumer created for topic: system_tm_role_player"}','null');
insert into aar_service.record (id, clientId, sessionId, createDate, trialDate, topic, recordType, headline, msgType, recordJson, recordData) values (1845,'TB-AARTool','null','2019-09-13 08:57:52.343','2019-09-13 08:57:52.343','system_logging','Log','addCallback-->','Info','{"id": "TB-AARTool", "dateTimeSent": 1568357868592, "level": "INFO", "log": "addCallback-->"}','null');
insert into aar_service.record (id, clientId, sessionId, createDate, trialDate, topic, recordType, headline, msgType, recordJson, recordData) values (1846,'TB-AARTool','null','2019-09-13 08:57:52.468','2019-09-13 08:57:52.468','system_logging','Log','New Generic Callback Consumer created for topic: system_logging','Info','{"id": "TB-AARTool", "dateTimeSent": 1568357868647, "level": "INFO", "log": "New Generic Callback Consumer created for topic: system_logging"}','null');
insert into aar_service.record (id, clientId, sessionId, createDate, trialDate, topic, recordType, headline, msgType, recordJson, recordData) values (1847,'TB-AARTool','null','2019-09-13 08:57:52.593','2019-09-13 08:57:52.593','system_logging','Log','The AARService is up!','Info','{"id": "TB-AARTool", "dateTimeSent": 1568357868649, "level": "INFO", "log": "The AARService is up!"}','null');
insert into aar_service.record (id, clientId, sessionId, createDate, trialDate, topic, recordType, headline, msgType, recordJson, recordData) values (1848,'TB-AARTool','null','2019-09-13 08:57:52.718','2019-09-13 08:57:52.718','system_logging','Log','--> addCallback: photo_geojson','Info','{"id": "TB-AARTool", "dateTimeSent": 1568357868653, "level": "INFO", "log": "--> addCallback: photo_geojson"}','null');
insert into aar_service.record (id, clientId, sessionId, createDate, trialDate, topic, recordType, headline, msgType, recordJson, recordData) values (1849,'TB-AARTool','null','2019-09-13 08:57:52.843','2019-09-13 08:57:52.843','system_logging','Log','New Generic Callback Consumer created for topic: photo_geojson','Info','{"id": "TB-AARTool", "dateTimeSent": 1568357868663, "level": "INFO", "log": "New Generic Callback Consumer created for topic: photo_geojson"}','null');
insert into aar_service.record (id, clientId, sessionId, createDate, trialDate, topic, recordType, headline, msgType, recordJson, recordData) values (1850,'TB-AARTool','null','2019-09-13 08:57:52.968','2019-09-13 08:57:52.968','system_logging','Log','addCallback-->','Info','{"id": "TB-AARTool", "dateTimeSent": 1568357868679, "level": "INFO", "log": "addCallback-->"}','null');
insert into aar_service.record (id, clientId, sessionId, createDate, trialDate, topic, recordType, headline, msgType, recordJson, recordData) values (1851,'TB-AARTool','null','2019-09-13 08:57:53.124','2019-09-13 08:57:53.124','system_logging','Log','--> addCallback: asign_info','Info','{"id": "TB-AARTool", "dateTimeSent": 1568357868683, "level": "INFO", "log": "--> addCallback: asign_info"}','null');
insert into aar_service.record (id, clientId, sessionId, createDate, trialDate, topic, recordType, headline, msgType, recordJson, recordData) values (1852,'TB-AARTool','null','2019-09-13 08:57:53.265','2019-09-13 08:57:53.265','system_logging','Log','New Generic Callback Consumer created for topic: asign_info','Info','{"id": "TB-AARTool", "dateTimeSent": 1568357868697, "level": "INFO", "log": "New Generic Callback Consumer created for topic: asign_info"}','null');
insert into aar_service.record (id, clientId, sessionId, createDate, trialDate, topic, recordType, headline, msgType, recordJson, recordData) values (1853,'TB-AARTool','null','2019-09-13 08:57:53.452','2019-09-13 08:57:53.452','system_logging','Log','addCallback-->','Info','{"id": "TB-AARTool", "dateTimeSent": 1568357868699, "level": "INFO", "log": "addCallback-->"}','null');
insert into aar_service.record (id, clientId, sessionId, createDate, trialDate, topic, recordType, headline, msgType, recordJson, recordData) values (1854,'TB-AARTool','null','2019-09-13 08:57:53.577','2019-09-13 08:57:53.577','system_logging','Log','--> addCallback: large_data_update','Info','{"id": "TB-AARTool", "dateTimeSent": 1568357868701, "level": "INFO", "log": "--> addCallback: large_data_update"}','null');
insert into aar_service.record (id, clientId, sessionId, createDate, trialDate, topic, recordType, headline, msgType, recordJson, recordData) values (1855,'TB-AARTool','null','2019-09-13 08:57:53.702','2019-09-13 08:57:53.702','system_logging','Log','New Generic Callback Consumer created for topic: large_data_update','Info','{"id": "TB-AARTool", "dateTimeSent": 1568357868707, "level": "INFO", "log": "New Generic Callback Consumer created for topic: large_data_update"}','null');
insert into aar_service.record (id, clientId, sessionId, createDate, trialDate, topic, recordType, headline, msgType, recordJson, recordData) values (1856,'TB-AARTool','null','2019-09-13 08:57:53.827','2019-09-13 08:57:53.827','system_logging','Log','addCallback-->','Info','{"id": "TB-AARTool", "dateTimeSent": 1568357868716, "level": "INFO", "log": "addCallback-->"}','null');
insert into aar_service.record (id, clientId, sessionId, createDate, trialDate, topic, recordType, headline, msgType, recordJson, recordData) values (1857,'TB-AARTool','null','2019-09-13 08:57:53.952','2019-09-13 08:57:53.952','system_logging','Log','--> addCallback: crowd-tasker_info','Info','{"id": "TB-AARTool", "dateTimeSent": 1568357868718, "level": "INFO", "log": "--> addCallback: crowd-tasker_info"}','null');
insert into aar_service.record (id, clientId, sessionId, createDate, trialDate, topic, recordType, headline, msgType, recordJson, recordData) values (1858,'TB-AARTool','null','2019-09-13 08:57:54.077','2019-09-13 08:57:54.077','system_logging','Log','New Generic Callback Consumer created for topic: crowd-tasker_info','Info','{"id": "TB-AARTool", "dateTimeSent": 1568357868729, "level": "INFO", "log": "New Generic Callback Consumer created for topic: crowd-tasker_info"}','null');
insert into aar_service.record (id, clientId, sessionId, createDate, trialDate, topic, recordType, headline, msgType, recordJson, recordData) values (1859,'TB-AARTool','null','2019-09-13 08:57:54.186','2019-09-13 08:57:54.202','system_logging','Log','addCallback-->','Info','{"id": "TB-AARTool", "dateTimeSent": 1568357868734, "level": "INFO", "log": "addCallback-->"}','null');
insert into aar_service.record (id, clientId, sessionId, createDate, trialDate, topic, recordType, headline, msgType, recordJson, recordData) values (1860,'TB-AARTool','null','2019-09-13 08:57:54.311','2019-09-13 08:57:54.311','system_logging','Log','--> addCallback: map_layer_update','Info','{"id": "TB-AARTool", "dateTimeSent": 1568357868737, "level": "INFO", "log": "--> addCallback: map_layer_update"}','null');
insert into aar_service.record (id, clientId, sessionId, createDate, trialDate, topic, recordType, headline, msgType, recordJson, recordData) values (1861,'TB-AARTool','null','2019-09-13 08:57:54.436','2019-09-13 08:57:54.436','system_logging','Log','New Generic Callback Consumer created for topic: map_layer_update','Info','{"id": "TB-AARTool", "dateTimeSent": 1568357868741, "level": "INFO", "log": "New Generic Callback Consumer created for topic: map_layer_update"}','null');
insert into aar_service.record (id, clientId, sessionId, createDate, trialDate, topic, recordType, headline, msgType, recordJson, recordData) values (1862,'TB-AARTool','null','2019-09-13 08:57:54.561','2019-09-13 08:57:54.561','system_logging','Log','addCallback-->','Info','{"id": "TB-AARTool", "dateTimeSent": 1568357868744, "level": "INFO", "log": "addCallback-->"}','null');
insert into aar_service.record (id, clientId, sessionId, createDate, trialDate, topic, recordType, headline, msgType, recordJson, recordData) values (1863,'TB-AARTool','null','2019-09-13 08:57:54.686','2019-09-13 08:57:54.686','system_logging','Log','Error in the Callback Consumer for topic: photo_geojson: null','Error','{"id": "TB-AARTool", "dateTimeSent": 1568357871734, "level": "ERROR", "log": "Error in the Callback Consumer for topic: photo_geojson: null"}','null');
insert into aar_service.record (id, clientId, sessionId, createDate, trialDate, topic, recordType, headline, msgType, recordJson, recordData) values (1864,'TB-AARTool','null','2019-09-13 09:03:57.413','2019-09-13 09:03:57.413','system_logging','Log','New Generic Callback Consumer created for topic: system_timing_control','Info','{"id": "TB-AARTool", "dateTimeSent": 1568358235970, "level": "INFO", "log": "New Generic Callback Consumer created for topic: system_timing_control"}','null');
insert into aar_service.record (id, clientId, sessionId, createDate, trialDate, topic, recordType, headline, msgType, recordJson, recordData) values (1865,'TB-AARTool','null','2019-09-13 09:03:57.538','2019-09-13 09:03:57.538','system_logging','Log','initCoreTopics -->','Info','{"id": "TB-AARTool", "dateTimeSent": 1568358236017, "level": "INFO", "log": "initCoreTopics -->"}','null');
insert into aar_service.record (id, clientId, sessionId, createDate, trialDate, topic, recordType, headline, msgType, recordJson, recordData) values (1866,'TB-AARTool','null','2019-09-13 09:03:57.663','2019-09-13 09:03:57.663','system_logging','Log','initializeProducers -->','Info','{"id": "TB-AARTool", "dateTimeSent": 1568358236021, "level": "INFO", "log": "initializeProducers -->"}','null');
insert into aar_service.record (id, clientId, sessionId, createDate, trialDate, topic, recordType, headline, msgType, recordJson, recordData) values (1867,'TB-AARTool','null','2019-09-13 09:03:57.788','2019-09-13 09:03:57.788','system_logging','Log','--> addCallback: system_topic_access_invite','Info','{"id": "TB-AARTool", "dateTimeSent": 1568358236025, "level": "INFO", "log": "--> addCallback: system_topic_access_invite"}','null');
insert into aar_service.record (id, clientId, sessionId, createDate, trialDate, topic, recordType, headline, msgType, recordJson, recordData) values (1868,'TB-AARTool','null','2019-09-13 09:03:57.913','2019-09-13 09:03:57.913','system_logging','Log','New Generic Callback Consumer created for topic: system_topic_access_invite','Info','{"id": "TB-AARTool", "dateTimeSent": 1568358236035, "level": "INFO", "log": "New Generic Callback Consumer created for topic: system_topic_access_invite"}','null');
insert into aar_service.record (id, clientId, sessionId, createDate, trialDate, topic, recordType, headline, msgType, recordJson, recordData) values (1869,'TB-AARTool','null','2019-09-13 09:03:58.038','2019-09-13 09:03:58.038','system_logging','Log','addCallback-->','Info','{"id": "TB-AARTool", "dateTimeSent": 1568358236040, "level": "INFO", "log": "addCallback-->"}','null');
insert into aar_service.record (id, clientId, sessionId, createDate, trialDate, topic, recordType, headline, msgType, recordJson, recordData) values (1870,'TB-AARTool','null','2019-09-13 09:03:58.147','2019-09-13 09:03:58.147','system_logging','Log','--> addCallback: system_timing_control','Info','{"id": "TB-AARTool", "dateTimeSent": 1568358236044, "level": "INFO", "log": "--> addCallback: system_timing_control"}','null');
insert into aar_service.record (id, clientId, sessionId, createDate, trialDate, topic, recordType, headline, msgType, recordJson, recordData) values (1871,'TB-AARTool','null','2019-09-13 09:03:58.272','2019-09-13 09:03:58.272','system_logging','Log','New Generic Callback Consumer created for topic: system_timing_control','Info','{"id": "TB-AARTool", "dateTimeSent": 1568358236054, "level": "INFO", "log": "New Generic Callback Consumer created for topic: system_timing_control"}','null');
insert into aar_service.record (id, clientId, sessionId, createDate, trialDate, topic, recordType, headline, msgType, recordJson, recordData) values (1872,'TB-AARTool','null','2019-09-13 09:03:58.397','2019-09-13 09:03:58.397','system_logging','Log','addCallback-->','Info','{"id": "TB-AARTool", "dateTimeSent": 1568358236059, "level": "INFO", "log": "addCallback-->"}','null');
insert into aar_service.record (id, clientId, sessionId, createDate, trialDate, topic, recordType, headline, msgType, recordJson, recordData) values (1873,'TB-AARTool','null','2019-09-13 09:03:58.522','2019-09-13 09:03:58.522','system_logging','Log','--> addCallback: system_observer_tool_answer','Info','{"id": "TB-AARTool", "dateTimeSent": 1568358236060, "level": "INFO", "log": "--> addCallback: system_observer_tool_answer"}','null');
insert into aar_service.record (id, clientId, sessionId, createDate, trialDate, topic, recordType, headline, msgType, recordJson, recordData) values (1874,'TB-AARTool','null','2019-09-13 09:03:58.647','2019-09-13 09:03:58.647','system_logging','Log','New Generic Callback Consumer created for topic: system_observer_tool_answer','Info','{"id": "TB-AARTool", "dateTimeSent": 1568358236070, "level": "INFO", "log": "New Generic Callback Consumer created for topic: system_observer_tool_answer"}','null');
insert into aar_service.record (id, clientId, sessionId, createDate, trialDate, topic, recordType, headline, msgType, recordJson, recordData) values (1875,'TB-AARTool','null','2019-09-13 09:03:58.772','2019-09-13 09:03:58.772','system_logging','Log','addCallback-->','Info','{"id": "TB-AARTool", "dateTimeSent": 1568358236085, "level": "INFO", "log": "addCallback-->"}','null');
insert into aar_service.record (id, clientId, sessionId, createDate, trialDate, topic, recordType, headline, msgType, recordJson, recordData) values (1876,'TB-AARTool','null','2019-09-13 09:03:58.897','2019-09-13 09:03:58.897','system_logging','Log','--> addCallback: system_tm_session_mgmt','Info','{"id": "TB-AARTool", "dateTimeSent": 1568358236089, "level": "INFO", "log": "--> addCallback: system_tm_session_mgmt"}','null');
insert into aar_service.record (id, clientId, sessionId, createDate, trialDate, topic, recordType, headline, msgType, recordJson, recordData) values (1877,'TB-AARTool','null','2019-09-13 09:03:59.022','2019-09-13 09:03:59.022','system_logging','Log','New Generic Callback Consumer created for topic: system_tm_session_mgmt','Info','{"id": "TB-AARTool", "dateTimeSent": 1568358236101, "level": "INFO", "log": "New Generic Callback Consumer created for topic: system_tm_session_mgmt"}','null');
insert into aar_service.record (id, clientId, sessionId, createDate, trialDate, topic, recordType, headline, msgType, recordJson, recordData) values (1878,'TB-AARTool','null','2019-09-13 09:03:59.147','2019-09-13 09:03:59.147','system_logging','Log','addCallback-->','Info','{"id": "TB-AARTool", "dateTimeSent": 1568358236104, "level": "INFO", "log": "addCallback-->"}','null');
insert into aar_service.record (id, clientId, sessionId, createDate, trialDate, topic, recordType, headline, msgType, recordJson, recordData) values (1879,'TB-AARTool','null','2019-09-13 09:03:59.272','2019-09-13 09:03:59.272','system_logging','Log','--> addCallback: system_tm_phase_message','Info','{"id": "TB-AARTool", "dateTimeSent": 1568358236108, "level": "INFO", "log": "--> addCallback: system_tm_phase_message"}','null');
insert into aar_service.record (id, clientId, sessionId, createDate, trialDate, topic, recordType, headline, msgType, recordJson, recordData) values (1880,'TB-AARTool','null','2019-09-13 09:03:59.397','2019-09-13 09:03:59.397','system_logging','Log','New Generic Callback Consumer created for topic: system_tm_phase_message','Info','{"id": "TB-AARTool", "dateTimeSent": 1568358236122, "level": "INFO", "log": "New Generic Callback Consumer created for topic: system_tm_phase_message"}','null');
insert into aar_service.record (id, clientId, sessionId, createDate, trialDate, topic, recordType, headline, msgType, recordJson, recordData) values (1881,'TB-AARTool','null','2019-09-13 09:03:59.522','2019-09-13 09:03:59.522','system_logging','Log','addCallback-->','Info','{"id": "TB-AARTool", "dateTimeSent": 1568358236126, "level": "INFO", "log": "addCallback-->"}','null');
insert into aar_service.record (id, clientId, sessionId, createDate, trialDate, topic, recordType, headline, msgType, recordJson, recordData) values (1882,'TB-AARTool','null','2019-09-13 09:03:59.647','2019-09-13 09:03:59.647','system_logging','Log','--> addCallback: system_tm_role_player','Info','{"id": "TB-AARTool", "dateTimeSent": 1568358236128, "level": "INFO", "log": "--> addCallback: system_tm_role_player"}','null');
insert into aar_service.record (id, clientId, sessionId, createDate, trialDate, topic, recordType, headline, msgType, recordJson, recordData) values (1883,'TB-AARTool','null','2019-09-13 09:03:59.771','2019-09-13 09:03:59.771','system_logging','Log','New Generic Callback Consumer created for topic: system_tm_role_player','Info','{"id": "TB-AARTool", "dateTimeSent": 1568358236144, "level": "INFO", "log": "New Generic Callback Consumer created for topic: system_tm_role_player"}','null');
insert into aar_service.record (id, clientId, sessionId, createDate, trialDate, topic, recordType, headline, msgType, recordJson, recordData) values (1884,'TB-AARTool','null','2019-09-13 09:03:59.897','2019-09-13 09:03:59.897','system_logging','Log','addCallback-->','Info','{"id": "TB-AARTool", "dateTimeSent": 1568358236155, "level": "INFO", "log": "addCallback-->"}','null');
insert into aar_service.record (id, clientId, sessionId, createDate, trialDate, topic, recordType, headline, msgType, recordJson, recordData) values (1885,'TB-AARTool','null','2019-09-13 09:04:00.021','2019-09-13 09:04:00.021','system_logging','Log','New Generic Callback Consumer created for topic: system_logging','Info','{"id": "TB-AARTool", "dateTimeSent": 1568358236208, "level": "INFO", "log": "New Generic Callback Consumer created for topic: system_logging"}','null');
insert into aar_service.record (id, clientId, sessionId, createDate, trialDate, topic, recordType, headline, msgType, recordJson, recordData) values (1886,'TB-AARTool','null','2019-09-13 09:04:00.131','2019-09-13 09:04:00.131','system_logging','Log','The AARService is up!','Info','{"id": "TB-AARTool", "dateTimeSent": 1568358236210, "level": "INFO", "log": "The AARService is up!"}','null');
insert into aar_service.record (id, clientId, sessionId, createDate, trialDate, topic, recordType, headline, msgType, recordJson, recordData) values (1887,'TB-AARTool','null','2019-09-13 09:04:00.256','2019-09-13 09:04:00.256','system_logging','Log','--> addCallback: photo_geojson','Info','{"id": "TB-AARTool", "dateTimeSent": 1568358236212, "level": "INFO", "log": "--> addCallback: photo_geojson"}','null');
insert into aar_service.record (id, clientId, sessionId, createDate, trialDate, topic, recordType, headline, msgType, recordJson, recordData) values (1888,'TB-AARTool','null','2019-09-13 09:04:00.381','2019-09-13 09:04:00.381','system_logging','Log','New Generic Callback Consumer created for topic: photo_geojson','Info','{"id": "TB-AARTool", "dateTimeSent": 1568358236224, "level": "INFO", "log": "New Generic Callback Consumer created for topic: photo_geojson"}','null');
insert into aar_service.record (id, clientId, sessionId, createDate, trialDate, topic, recordType, headline, msgType, recordJson, recordData) values (1889,'TB-AARTool','null','2019-09-13 09:04:00.506','2019-09-13 09:04:00.506','system_logging','Log','addCallback-->','Info','{"id": "TB-AARTool", "dateTimeSent": 1568358236226, "level": "INFO", "log": "addCallback-->"}','null');
insert into aar_service.record (id, clientId, sessionId, createDate, trialDate, topic, recordType, headline, msgType, recordJson, recordData) values (1890,'TB-AARTool','null','2019-09-13 09:04:00.631','2019-09-13 09:04:00.631','system_logging','Log','--> addCallback: asign_info','Info','{"id": "TB-AARTool", "dateTimeSent": 1568358236228, "level": "INFO", "log": "--> addCallback: asign_info"}','null');
insert into aar_service.record (id, clientId, sessionId, createDate, trialDate, topic, recordType, headline, msgType, recordJson, recordData) values (1891,'TB-AARTool','null','2019-09-13 09:04:00.756','2019-09-13 09:04:00.756','system_logging','Log','New Generic Callback Consumer created for topic: asign_info','Info','{"id": "TB-AARTool", "dateTimeSent": 1568358236239, "level": "INFO", "log": "New Generic Callback Consumer created for topic: asign_info"}','null');
insert into aar_service.record (id, clientId, sessionId, createDate, trialDate, topic, recordType, headline, msgType, recordJson, recordData) values (1892,'TB-AARTool','null','2019-09-13 09:04:00.881','2019-09-13 09:04:00.881','system_logging','Log','addCallback-->','Info','{"id": "TB-AARTool", "dateTimeSent": 1568358236251, "level": "INFO", "log": "addCallback-->"}','null');
insert into aar_service.record (id, clientId, sessionId, createDate, trialDate, topic, recordType, headline, msgType, recordJson, recordData) values (1893,'TB-AARTool','null','2019-09-13 09:04:01.006','2019-09-13 09:04:01.006','system_logging','Log','--> addCallback: large_data_update','Info','{"id": "TB-AARTool", "dateTimeSent": 1568358236253, "level": "INFO", "log": "--> addCallback: large_data_update"}','null');
insert into aar_service.record (id, clientId, sessionId, createDate, trialDate, topic, recordType, headline, msgType, recordJson, recordData) values (1894,'TB-AARTool','null','2019-09-13 09:04:01.131','2019-09-13 09:04:01.131','system_logging','Log','New Generic Callback Consumer created for topic: large_data_update','Info','{"id": "TB-AARTool", "dateTimeSent": 1568358236259, "level": "INFO", "log": "New Generic Callback Consumer created for topic: large_data_update"}','null');
insert into aar_service.record (id, clientId, sessionId, createDate, trialDate, topic, recordType, headline, msgType, recordJson, recordData) values (1895,'TB-AARTool','null','2019-09-13 09:04:01.24','2019-09-13 09:04:01.24','system_logging','Log','addCallback-->','Info','{"id": "TB-AARTool", "dateTimeSent": 1568358236261, "level": "INFO", "log": "addCallback-->"}','null');
insert into aar_service.record (id, clientId, sessionId, createDate, trialDate, topic, recordType, headline, msgType, recordJson, recordData) values (1896,'TB-AARTool','null','2019-09-13 09:04:01.365','2019-09-13 09:04:01.365','system_logging','Log','--> addCallback: crowd-tasker_info','Info','{"id": "TB-AARTool", "dateTimeSent": 1568358236263, "level": "INFO", "log": "--> addCallback: crowd-tasker_info"}','null');
insert into aar_service.record (id, clientId, sessionId, createDate, trialDate, topic, recordType, headline, msgType, recordJson, recordData) values (1897,'TB-AARTool','null','2019-09-13 09:04:01.49','2019-09-13 09:04:01.49','system_logging','Log','New Generic Callback Consumer created for topic: crowd-tasker_info','Info','{"id": "TB-AARTool", "dateTimeSent": 1568358236268, "level": "INFO", "log": "New Generic Callback Consumer created for topic: crowd-tasker_info"}','null');
insert into aar_service.record (id, clientId, sessionId, createDate, trialDate, topic, recordType, headline, msgType, recordJson, recordData) values (1898,'TB-AARTool','null','2019-09-13 09:04:01.615','2019-09-13 09:04:01.615','system_logging','Log','addCallback-->','Info','{"id": "TB-AARTool", "dateTimeSent": 1568358236270, "level": "INFO", "log": "addCallback-->"}','null');
insert into aar_service.record (id, clientId, sessionId, createDate, trialDate, topic, recordType, headline, msgType, recordJson, recordData) values (1899,'TB-AARTool','null','2019-09-13 09:04:01.74','2019-09-13 09:04:01.74','system_logging','Log','--> addCallback: map_layer_update','Info','{"id": "TB-AARTool", "dateTimeSent": 1568358236273, "level": "INFO", "log": "--> addCallback: map_layer_update"}','null');
insert into aar_service.record (id, clientId, sessionId, createDate, trialDate, topic, recordType, headline, msgType, recordJson, recordData) values (1900,'TB-AARTool','null','2019-09-13 09:04:01.865','2019-09-13 09:04:01.865','system_logging','Log','New Generic Callback Consumer created for topic: map_layer_update','Info','{"id": "TB-AARTool", "dateTimeSent": 1568358236286, "level": "INFO", "log": "New Generic Callback Consumer created for topic: map_layer_update"}','null');
insert into aar_service.record (id, clientId, sessionId, createDate, trialDate, topic, recordType, headline, msgType, recordJson, recordData) values (1901,'TB-AARTool','null','2019-09-13 09:04:01.993','2019-09-13 09:04:01.993','system_logging','Log','addCallback-->','Info','{"id": "TB-AARTool", "dateTimeSent": 1568358236289, "level": "INFO", "log": "addCallback-->"}','null');
insert into aar_service.record (id, clientId, sessionId, createDate, trialDate, topic, recordType, headline, msgType, recordJson, recordData) values (1902,'view-terra-2','null','2019-09-13 09:15:52.566','2019-09-13 09:15:52.566','system_logging','Log','New Generic Callback Consumer created for topic: system_topic_access_invite','Info','{"id": "view-terra-2", "dateTimeSent": 1568358952794, "level": "INFO", "log": "New Generic Callback Consumer created for topic: system_topic_access_invite"}','null');
insert into aar_service.record (id, clientId, sessionId, createDate, trialDate, topic, recordType, headline, msgType, recordJson, recordData) values (1903,'view-terra-2','null','2019-09-13 09:15:52.681','2019-09-13 09:15:52.681','system_logging','Log','New Generic Callback Consumer created for topic: system_timing_control','Info','{"id": "view-terra-2", "dateTimeSent": 1568358952831, "level": "INFO", "log": "New Generic Callback Consumer created for topic: system_timing_control"}','null');
insert into aar_service.record (id, clientId, sessionId, createDate, trialDate, topic, recordType, headline, msgType, recordJson, recordData) values (1905,'view-terra-2','null','2019-09-13 09:15:52.989','2019-09-13 09:15:52.99','system_logging','Log','initializeProducers -->','Info','{"id": "view-terra-2", "dateTimeSent": 1568358952865, "level": "INFO", "log": "initializeProducers -->"}','null');
insert into aar_service.record (id, clientId, sessionId, createDate, trialDate, topic, recordType, headline, msgType, recordJson, recordData) values (1906,'view-terra-2','null','2019-09-13 09:16:10.632','2019-09-13 09:16:10.632','system_logging','Log','--> addCallback: asign_info','Info','{"id": "view-terra-2", "dateTimeSent": 1568358970884, "level": "INFO", "log": "--> addCallback: asign_info"}','null');
insert into aar_service.record (id, clientId, sessionId, createDate, trialDate, topic, recordType, headline, msgType, recordJson, recordData) values (1907,'view-terra-2','null','2019-09-13 09:16:10.773','2019-09-13 09:16:10.773','system_logging','Log','New Generic Callback Consumer created for topic: asign_info','Info','{"id": "view-terra-2", "dateTimeSent": 1568358970899, "level": "INFO", "log": "New Generic Callback Consumer created for topic: asign_info"}','null');
insert into aar_service.record (id, clientId, sessionId, createDate, trialDate, topic, recordType, headline, msgType, recordJson, recordData) values (1908,'view-terra-2','null','2019-09-13 09:16:10.911','2019-09-13 09:16:10.911','system_logging','Log','addCallback-->','Info','{"id": "view-terra-2", "dateTimeSent": 1568358970915, "level": "INFO", "log": "addCallback-->"}','null');
insert into aar_service.record (id, clientId, sessionId, createDate, trialDate, topic, recordType, headline, msgType, recordJson, recordData) values (1909,'view-terra-2','null','2019-09-13 09:16:11.047','2019-09-13 09:16:11.047','system_logging','Log','--> addCallback: crowd-tasker_info','Info','{"id": "view-terra-2", "dateTimeSent": 1568358970930, "level": "INFO", "log": "--> addCallback: crowd-tasker_info"}','null');
insert into aar_service.record (id, clientId, sessionId, createDate, trialDate, topic, recordType, headline, msgType, recordJson, recordData) values (1910,'view-terra-2','null','2019-09-13 09:16:11.182','2019-09-13 09:16:11.182','system_logging','Log','New Generic Callback Consumer created for topic: crowd-tasker_info','Info','{"id": "view-terra-2", "dateTimeSent": 1568358970930, "level": "INFO", "log": "New Generic Callback Consumer created for topic: crowd-tasker_info"}','null');
insert into aar_service.record (id, clientId, sessionId, createDate, trialDate, topic, recordType, headline, msgType, recordJson, recordData) values (1911,'view-terra-2','null','2019-09-13 09:16:11.314','2019-09-13 09:16:11.314','system_logging','Log','addCallback-->','Info','{"id": "view-terra-2", "dateTimeSent": 1568358970946, "level": "INFO", "log": "addCallback-->"}','null');
insert into aar_service.record (id, clientId, sessionId, createDate, trialDate, topic, recordType, headline, msgType, recordJson, recordData) values (1912,'view-terra-2','null','2019-09-13 09:16:11.464','2019-09-13 09:16:11.464','system_logging','Log','--> addCallback: photo_geojson','Info','{"id": "view-terra-2", "dateTimeSent": 1568358970962, "level": "INFO", "log": "--> addCallback: photo_geojson"}','null');
insert into aar_service.record (id, clientId, sessionId, createDate, trialDate, topic, recordType, headline, msgType, recordJson, recordData) values (1913,'view-terra-2','null','2019-09-13 09:16:11.596','2019-09-13 09:16:11.596','system_logging','Log','New Generic Callback Consumer created for topic: photo_geojson','Info','{"id": "view-terra-2", "dateTimeSent": 1568358970962, "level": "INFO", "log": "New Generic Callback Consumer created for topic: photo_geojson"}','null');
insert into aar_service.record (id, clientId, sessionId, createDate, trialDate, topic, recordType, headline, msgType, recordJson, recordData) values (1914,'view-terra-2','null','2019-09-13 09:16:11.732','2019-09-13 09:16:11.732','system_logging','Log','addCallback-->','Info','{"id": "view-terra-2", "dateTimeSent": 1568358970977, "level": "INFO", "log": "addCallback-->"}','null');
insert into aar_service.record (id, clientId, sessionId, createDate, trialDate, topic, recordType, headline, msgType, recordJson, recordData) values (1915,'view-terra-2','null','2019-09-13 09:16:11.874','2019-09-13 09:16:11.874','system_logging','Log','--> addCallback: map_layer_update','Info','{"id": "view-terra-2", "dateTimeSent": 1568358970977, "level": "INFO", "log": "--> addCallback: map_layer_update"}','null');
insert into aar_service.record (id, clientId, sessionId, createDate, trialDate, topic, recordType, headline, msgType, recordJson, recordData) values (1916,'view-terra-2','null','2019-09-13 09:16:12.006','2019-09-13 09:16:12.006','system_logging','Log','New Generic Callback Consumer created for topic: map_layer_update','Info','{"id": "view-terra-2", "dateTimeSent": 1568358970993, "level": "INFO", "log": "New Generic Callback Consumer created for topic: map_layer_update"}','null');
insert into aar_service.record (id, clientId, sessionId, createDate, trialDate, topic, recordType, headline, msgType, recordJson, recordData) values (1917,'view-terra-2','null','2019-09-13 09:16:12.138','2019-09-13 09:16:12.138','system_logging','Log','addCallback-->','Info','{"id": "view-terra-2", "dateTimeSent": 1568358970993, "level": "INFO", "log": "addCallback-->"}','null');
insert into aar_service.record (id, clientId, sessionId, createDate, trialDate, topic, recordType, headline, msgType, recordJson, recordData) values (1918,'airborne','null','2019-09-13 09:17:40.404','2019-09-13 09:17:40.404','system_logging','Log','New Generic Callback Consumer created for topic: system_topic_access_invite','Info','{"id": "airborne", "dateTimeSent": 1568359055794, "level": "INFO", "log": "New Generic Callback Consumer created for topic: system_topic_access_invite"}','null');
insert into aar_service.record (id, clientId, sessionId, createDate, trialDate, topic, recordType, headline, msgType, recordJson, recordData) values (1919,'airborne','null','2019-09-13 09:17:40.529','2019-09-13 09:17:40.529','system_logging','Log','New Generic Callback Consumer created for topic: system_timing_control','Info','{"id": "airborne", "dateTimeSent": 1568359055858, "level": "INFO", "log": "New Generic Callback Consumer created for topic: system_timing_control"}','null');
insert into aar_service.record (id, clientId, sessionId, createDate, trialDate, topic, recordType, headline, msgType, recordJson, recordData) values (1920,'airborne','null','2019-09-13 09:17:40.668','2019-09-13 09:17:40.668','system_logging','Log','initCoreTopics -->','Info','{"id": "airborne", "dateTimeSent": 1568359055869, "level": "INFO", "log": "initCoreTopics -->"}','null');
insert into aar_service.record (id, clientId, sessionId, createDate, trialDate, topic, recordType, headline, msgType, recordJson, recordData) values (1921,'airborne','null','2019-09-13 09:17:40.798','2019-09-13 09:17:40.798','system_logging','Log','initializeProducers -->','Info','{"id": "airborne", "dateTimeSent": 1568359055879, "level": "INFO", "log": "initializeProducers -->"}','null');
insert into aar_service.record (id, clientId, sessionId, createDate, trialDate, topic, recordType, headline, msgType, recordJson, recordData) values (1922,'view-terra-1','null','2019-09-13 09:18:52.87','2019-09-13 09:18:52.87','system_logging','Log','New Generic Callback Consumer created for topic: system_topic_access_invite','Info','{"id": "view-terra-1", "dateTimeSent": 1568359132170, "level": "INFO", "log": "New Generic Callback Consumer created for topic: system_topic_access_invite"}','null');
insert into aar_service.record (id, clientId, sessionId, createDate, trialDate, topic, recordType, headline, msgType, recordJson, recordData) values (1923,'view-terra-1','null','2019-09-13 09:18:52.995','2019-09-13 09:18:52.995','system_logging','Log','New Generic Callback Consumer created for topic: system_timing_control','Info','{"id": "view-terra-1", "dateTimeSent": 1568359132310, "level": "INFO", "log": "New Generic Callback Consumer created for topic: system_timing_control"}','null');
insert into aar_service.record (id, clientId, sessionId, createDate, trialDate, topic, recordType, headline, msgType, recordJson, recordData) values (1924,'view-terra-1','null','2019-09-13 09:18:53.132','2019-09-13 09:18:53.132','system_logging','Log','initCoreTopics -->','Info','{"id": "view-terra-1", "dateTimeSent": 1568359132326, "level": "INFO", "log": "initCoreTopics -->"}','null');
insert into aar_service.record (id, clientId, sessionId, createDate, trialDate, topic, recordType, headline, msgType, recordJson, recordData) values (1925,'view-terra-1','null','2019-09-13 09:18:53.272','2019-09-13 09:18:53.272','system_logging','Log','initializeProducers -->','Info','{"id": "view-terra-1", "dateTimeSent": 1568359132342, "level": "INFO", "log": "initializeProducers -->"}','null');
insert into aar_service.record (id, clientId, sessionId, createDate, trialDate, topic, recordType, headline, msgType, recordJson, recordData) values (1926,'asign_photo','null','2019-09-13 09:19:35.866','2019-09-13 09:19:35.866','photo_geojson','FeatureCollection','null','Info','{"type": "FeatureCollection", "bbox": null, "features": [{"type": "Feature", "bbox": null, "geometry": {"type": "Point", "coordinates": [14.86069, 47.560192]}, "properties": {"id": 27391, "priority": 1, "viewed": false, "signature": "4ec780385a9522b3a27ab2d5d23b5796", "instant": "2019-09-13 07:19:04", "created": "2019-09-13 07:19:21", "updated": "2019-09-13 07:19:25.43337", "caption": "Bj", "interpretation": null, "meta": {"Source": {"filename": "original.jpg", "camera_make": "Apple", "width": 3024, "size": 5990641, "height": 4032, "direction": 143.0, "camera_model": "iPhone 6s Plus", "field_of_view": null}}, "version": null, "application_id": "a7fae54e-a7fd-4e11-8008-7f2f1a8207ca", "seen": null, "started": null, "stopped": null, "location_latitude": 47.560192, "location_longitude": 14.86069, "location_time": "2019-09-13 07:19:02", "location_accuracy": 10.0, "location_altitude": 660.51001, "location_provider": null, "location_speed": null, "location_meta": null, "mission_id": null, "mission_name": null, "thumbnail_hash": "60c96365355ca29c3dbcb2144849aeb8", "preview_hash": "51f6e7ab7fb9b56e9fdc84908d8bcc9b", "category_id": null, "category_name": null, "application_device_type": 3, "application_last_login": "2019-09-13 07:18:25.250896", "application_phone": null, "application_last_rate": null, "application_updated": "2019-09-13 07:18:25.250896", "application_created": "2019-09-11 08:58:00.323881", "application_application_type": 4, "application_connection_type": 1, "application_connection_state": 1, "user_name": "driver12", "user_id": 811, "user_username": "driver12", "user_color": "FFFFFF", "user_connection_type": 0, "user_last_login": null, "user_last_rate": null, "observation_url": "https://thor.ansur.no/signs/processing/27391", "observation_type": "photo", "preview_url": "https://thor.ansur.no/display/file/51f6e7ab7fb9b56e9fdc84908d8bcc9b/driver12/4ec780385a9522b3a27ab2d5d23b5796/preview.jpg", "preview_with_overlay_url": "https://thor.ansur.no/display/displayWithOverlays/51f6e7ab7fb9b56e9fdc84908d8bcc9b/driver12/4ec780385a9522b3a27ab2d5d23b5796/preview.jpg", "thumbnail_url": "https://thor.ansur.no/display/file/60c96365355ca29c3dbcb2144849aeb8/driver12/4ec780385a9522b3a27ab2d5d23b5796/thumb.jpg", "files": [{"id": 83127, "file_type": 1, "size": 5990641, "state": 0, "created": "2019-09-13 07:19:21", "request_until": null, "meta": null, "hash": "4ec780385a9522b3a27ab2d5d23b5796", "url": null}, {"id": 83128, "file_type": 0, "size": 30070, "state": 3, "created": "2019-09-13 07:19:21", "request_until": "2019-10-13 07:19:21", "meta": null, "hash": "51f6e7ab7fb9b56e9fdc84908d8bcc9b", "url": "https://thor.ansur.no/display/media/83128/driver12/4ec780385a9522b3a27ab2d5d23b5796/preview.jpg"}, {"id": 83129, "file_type": 3, "size": 20513, "state": 3, "created": "2019-09-13 07:19:23", "request_until": null, "meta": "", "hash": "60c96365355ca29c3dbcb2144849aeb8", "url": "https://thor.ansur.no/display/media/83129/driver12/4ec780385a9522b3a27ab2d5d23b5796/thumb.jpg"}, {"id": 83130, "file_type": 11, "size": 27893, "state": 3, "created": "2019-09-13 07:19:25", "request_until": null, "meta": null, "hash": "85cd627dd28ff433cdcb7685d7adebce", "url": "https://thor.ansur.no/display/media/83130/driver12/4ec780385a9522b3a27ab2d5d23b5796/audio_caption_1568359165.4323.m4a"}]}}]}','null');
insert into aar_service.file (id, name, mimeType, url, record_id) values (147,'record/attachements/4ec780385a9522b3a27ab2d5d23b5796/preview.jpg','null','https://thor.ansur.no/display/media/83128/driver12/4ec780385a9522b3a27ab2d5d23b5796/preview.jpg',1926);
insert into aar_service.file (id, name, mimeType, url, record_id) values (148,'record/attachements/4ec780385a9522b3a27ab2d5d23b5796/thumb.jpg','null','https://thor.ansur.no/display/media/83129/driver12/4ec780385a9522b3a27ab2d5d23b5796/thumb.jpg',1926);
insert into aar_service.file (id, name, mimeType, url, record_id) values (149,'record/attachements/4ec780385a9522b3a27ab2d5d23b5796/audio_caption_1568359165.4323.m4a','null','https://thor.ansur.no/display/media/83130/driver12/4ec780385a9522b3a27ab2d5d23b5796/audio_caption_1568359165.4323.m4a',1926);
insert into aar_service.record (id, clientId, sessionId, createDate, trialDate, topic, recordType, headline, msgType, recordJson, recordData) values (1927,'view-terra-1','null','2019-09-13 09:21:57.621','2019-09-13 09:21:57.621','system_logging','Log','--> addCallback: asign_info','Info','{"id": "view-terra-1", "dateTimeSent": 1568359316978, "level": "INFO", "log": "--> addCallback: asign_info"}','null');
insert into aar_service.record (id, clientId, sessionId, createDate, trialDate, topic, recordType, headline, msgType, recordJson, recordData) values (1928,'view-terra-1','null','2019-09-13 09:21:57.758','2019-09-13 09:21:57.758','system_logging','Log','New Generic Callback Consumer created for topic: asign_info','Info','{"id": "view-terra-1", "dateTimeSent": 1568359317032, "level": "INFO", "log": "New Generic Callback Consumer created for topic: asign_info"}','null');
insert into aar_service.record (id, clientId, sessionId, createDate, trialDate, topic, recordType, headline, msgType, recordJson, recordData) values (1929,'view-terra-1','null','2019-09-13 09:21:57.888','2019-09-13 09:21:57.888','system_logging','Log','addCallback-->','Info','{"id": "view-terra-1", "dateTimeSent": 1568359317032, "level": "INFO", "log": "addCallback-->"}','null');
insert into aar_service.record (id, clientId, sessionId, createDate, trialDate, topic, recordType, headline, msgType, recordJson, recordData) values (1930,'view-terra-1','null','2019-09-13 09:21:58.004','2019-09-13 09:21:58.004','system_logging','Log','--> addCallback: crowd-tasker_info','Info','{"id": "view-terra-1", "dateTimeSent": 1568359317079, "level": "INFO", "log": "--> addCallback: crowd-tasker_info"}','null');
insert into aar_service.record (id, clientId, sessionId, createDate, trialDate, topic, recordType, headline, msgType, recordJson, recordData) values (1931,'view-terra-1','null','2019-09-13 09:21:58.138','2019-09-13 09:21:58.138','system_logging','Log','New Generic Callback Consumer created for topic: crowd-tasker_info','Info','{"id": "view-terra-1", "dateTimeSent": 1568359317117, "level": "INFO", "log": "New Generic Callback Consumer created for topic: crowd-tasker_info"}','null');
insert into aar_service.record (id, clientId, sessionId, createDate, trialDate, topic, recordType, headline, msgType, recordJson, recordData) values (1932,'view-terra-1','null','2019-09-13 09:21:58.269','2019-09-13 09:21:58.269','system_logging','Log','addCallback-->','Info','{"id": "view-terra-1", "dateTimeSent": 1568359317132, "level": "INFO", "log": "addCallback-->"}','null');
insert into aar_service.record (id, clientId, sessionId, createDate, trialDate, topic, recordType, headline, msgType, recordJson, recordData) values (1933,'view-terra-1','null','2019-09-13 09:21:58.387','2019-09-13 09:21:58.387','system_logging','Log','--> addCallback: photo_geojson','Info','{"id": "view-terra-1", "dateTimeSent": 1568359317163, "level": "INFO", "log": "--> addCallback: photo_geojson"}','null');
insert into aar_service.record (id, clientId, sessionId, createDate, trialDate, topic, recordType, headline, msgType, recordJson, recordData) values (1934,'view-terra-1','null','2019-09-13 09:21:58.52','2019-09-13 09:21:58.52','system_logging','Log','New Generic Callback Consumer created for topic: photo_geojson','Info','{"id": "view-terra-1", "dateTimeSent": 1568359317201, "level": "INFO", "log": "New Generic Callback Consumer created for topic: photo_geojson"}','null');
insert into aar_service.record (id, clientId, sessionId, createDate, trialDate, topic, recordType, headline, msgType, recordJson, recordData) values (1935,'view-terra-1','null','2019-09-13 09:21:58.651','2019-09-13 09:21:58.651','system_logging','Log','addCallback-->','Info','{"id": "view-terra-1", "dateTimeSent": 1568359317217, "level": "INFO", "log": "addCallback-->"}','null');
insert into aar_service.record (id, clientId, sessionId, createDate, trialDate, topic, recordType, headline, msgType, recordJson, recordData) values (1936,'view-terra-1','null','2019-09-13 09:21:58.783','2019-09-13 09:21:58.783','system_logging','Log','--> addCallback: map_layer_update','Info','{"id": "view-terra-1", "dateTimeSent": 1568359317248, "level": "INFO", "log": "--> addCallback: map_layer_update"}','null');
insert into aar_service.record (id, clientId, sessionId, createDate, trialDate, topic, recordType, headline, msgType, recordJson, recordData) values (1937,'view-terra-1','null','2019-09-13 09:21:58.903','2019-09-13 09:21:58.903','system_logging','Log','New Generic Callback Consumer created for topic: map_layer_update','Info','{"id": "view-terra-1", "dateTimeSent": 1568359317302, "level": "INFO", "log": "New Generic Callback Consumer created for topic: map_layer_update"}','null');
insert into aar_service.record (id, clientId, sessionId, createDate, trialDate, topic, recordType, headline, msgType, recordJson, recordData) values (1938,'view-terra-1','null','2019-09-13 09:21:59.035','2019-09-13 09:21:59.035','system_logging','Log','addCallback-->','Info','{"id": "view-terra-1", "dateTimeSent": 1568359317302, "level": "INFO", "log": "addCallback-->"}','null');
insert into aar_service.record (id, clientId, sessionId, createDate, trialDate, topic, recordType, headline, msgType, recordJson, recordData) values (1939,'asign_photo','null','2019-09-13 09:27:25.971','2019-09-13 09:27:25.971','photo_geojson','FeatureCollection','null','Info','{"type": "FeatureCollection", "bbox": null, "features": [{"type": "Feature", "bbox": null, "geometry": {"type": "Point", "coordinates": [14.860644, 47.559925]}, "properties": {"id": 27393, "priority": 1, "viewed": false, "signature": "64c26da1a7534fa13cb0189d5925e46b", "instant": "2019-09-13 07:26:35", "created": "2019-09-13 07:27:13", "updated": "2019-09-13 07:27:15.13261", "caption": "", "interpretation": null, "meta": {"Source": {"filename": "original.jpg", "camera_make": "Apple", "width": 3024, "size": 5576926, "height": 4032, "direction": 166.0, "camera_model": "iPhone 6s Plus", "field_of_view": null}}, "version": null, "application_id": "a7fae54e-a7fd-4e11-8008-7f2f1a8207ca", "seen": null, "started": null, "stopped": null, "location_latitude": 47.559925, "location_longitude": 14.860644, "location_time": "2019-09-13 07:26:34", "location_accuracy": 30.0, "location_altitude": 674.03894, "location_provider": null, "location_speed": null, "location_meta": null, "mission_id": null, "mission_name": null, "thumbnail_hash": "9261f6fce8d183195efcda27accfec24", "preview_hash": "9bdc6cb34dc8d18006afb0c864cc1ebf", "category_id": null, "category_name": null, "application_device_type": 3, "application_last_login": "2019-09-13 07:25:49.603695", "application_phone": null, "application_last_rate": null, "application_updated": "2019-09-13 07:25:49.603695", "application_created": "2019-09-11 08:58:00.323881", "application_application_type": 4, "application_connection_type": 1, "application_connection_state": 1, "user_name": "driver12", "user_id": 811, "user_username": "driver12", "user_color": "FFFFFF", "user_connection_type": 0, "user_last_login": null, "user_last_rate": null, "observation_url": "https://thor.ansur.no/signs/processing/27393", "observation_type": "photo", "preview_url": "https://thor.ansur.no/display/file/9bdc6cb34dc8d18006afb0c864cc1ebf/driver12/64c26da1a7534fa13cb0189d5925e46b/preview.jpg", "preview_with_overlay_url": "https://thor.ansur.no/display/displayWithOverlays/9bdc6cb34dc8d18006afb0c864cc1ebf/driver12/64c26da1a7534fa13cb0189d5925e46b/preview.jpg", "thumbnail_url": "https://thor.ansur.no/display/file/9261f6fce8d183195efcda27accfec24/driver12/64c26da1a7534fa13cb0189d5925e46b/thumb.jpg", "files": [{"id": 83131, "file_type": 1, "size": 5576926, "state": 0, "created": "2019-09-13 07:27:13", "request_until": null, "meta": null, "hash": "64c26da1a7534fa13cb0189d5925e46b", "url": null}, {"id": 83132, "file_type": 0, "size": 23734, "state": 3, "created": "2019-09-13 07:27:13", "request_until": "2019-10-13 07:27:13", "meta": null, "hash": "9bdc6cb34dc8d18006afb0c864cc1ebf", "url": "https://thor.ansur.no/display/media/83132/driver12/64c26da1a7534fa13cb0189d5925e46b/preview.jpg"}, {"id": 83133, "file_type": 3, "size": 19539, "state": 3, "created": "2019-09-13 07:27:15", "request_until": null, "meta": "", "hash": "9261f6fce8d183195efcda27accfec24", "url": "https://thor.ansur.no/display/media/83133/driver12/64c26da1a7534fa13cb0189d5925e46b/thumb.jpg"}]}}]}','null');
insert into aar_service.file (id, name, mimeType, url, record_id) values (150,'record/attachements/64c26da1a7534fa13cb0189d5925e46b/preview.jpg','null','https://thor.ansur.no/display/media/83132/driver12/64c26da1a7534fa13cb0189d5925e46b/preview.jpg',1939);
insert into aar_service.file (id, name, mimeType, url, record_id) values (151,'record/attachements/64c26da1a7534fa13cb0189d5925e46b/thumb.jpg','null','https://thor.ansur.no/display/media/83133/driver12/64c26da1a7534fa13cb0189d5925e46b/thumb.jpg',1939);
insert into aar_service.record (id, clientId, sessionId, createDate, trialDate, topic, recordType, headline, msgType, recordJson, recordData) values (1940,'asign_photo','null','2019-09-13 09:28:51.037','2019-09-13 09:28:51.037','photo_geojson','FeatureCollection','null','Info','{"type": "FeatureCollection", "bbox": null, "features": [{"type": "Feature", "bbox": null, "geometry": {"type": "Point", "coordinates": [14.86069, 47.560192]}, "properties": {"id": 27391, "priority": 1, "viewed": false, "signature": "4ec780385a9522b3a27ab2d5d23b5796", "instant": "2019-09-13 07:19:04", "created": "2019-09-13 07:19:21", "updated": "2019-09-13 07:28:40.519491", "caption": "Bj", "interpretation": null, "meta": {"Source": {"filename": "original.jpg", "camera_make": "Apple", "width": 3024, "size": 5990641, "height": 4032, "direction": 143.0, "camera_model": "iPhone 6s Plus", "field_of_view": null}}, "version": null, "application_id": "a7fae54e-a7fd-4e11-8008-7f2f1a8207ca", "seen": null, "started": null, "stopped": null, "location_latitude": 47.560192, "location_longitude": 14.86069, "location_time": "2019-09-13 07:19:02", "location_accuracy": 10.0, "location_altitude": 660.51001, "location_provider": null, "location_speed": null, "location_meta": null, "mission_id": null, "mission_name": null, "thumbnail_hash": "60c96365355ca29c3dbcb2144849aeb8", "preview_hash": "51f6e7ab7fb9b56e9fdc84908d8bcc9b", "category_id": null, "category_name": null, "application_device_type": 3, "application_last_login": "2019-09-13 07:25:49.603695", "application_phone": null, "application_last_rate": null, "application_updated": "2019-09-13 07:25:49.603695", "application_created": "2019-09-11 08:58:00.323881", "application_application_type": 4, "application_connection_type": 1, "application_connection_state": 1, "user_name": "driver12", "user_id": 811, "user_username": "driver12", "user_color": "FFFFFF", "user_connection_type": 0, "user_last_login": null, "user_last_rate": null, "observation_url": "https://thor.ansur.no/signs/processing/27391", "observation_type": "photo", "preview_url": "https://thor.ansur.no/display/file/51f6e7ab7fb9b56e9fdc84908d8bcc9b/driver12/4ec780385a9522b3a27ab2d5d23b5796/preview.jpg", "preview_with_overlay_url": "https://thor.ansur.no/display/displayWithOverlays/51f6e7ab7fb9b56e9fdc84908d8bcc9b/driver12/4ec780385a9522b3a27ab2d5d23b5796/preview.jpg", "thumbnail_url": "https://thor.ansur.no/display/file/60c96365355ca29c3dbcb2144849aeb8/driver12/4ec780385a9522b3a27ab2d5d23b5796/thumb.jpg", "files": [{"id": 83127, "file_type": 1, "size": 5990641, "state": 0, "created": "2019-09-13 07:19:21", "request_until": null, "meta": null, "hash": "4ec780385a9522b3a27ab2d5d23b5796", "url": null}, {"id": 83128, "file_type": 0, "size": 30070, "state": 3, "created": "2019-09-13 07:19:21", "request_until": "2019-10-13 07:19:21", "meta": null, "hash": "51f6e7ab7fb9b56e9fdc84908d8bcc9b", "url": "https://thor.ansur.no/display/media/83128/driver12/4ec780385a9522b3a27ab2d5d23b5796/preview.jpg"}, {"id": 83129, "file_type": 3, "size": 20513, "state": 3, "created": "2019-09-13 07:19:23", "request_until": null, "meta": "", "hash": "60c96365355ca29c3dbcb2144849aeb8", "url": "https://thor.ansur.no/display/media/83129/driver12/4ec780385a9522b3a27ab2d5d23b5796/thumb.jpg"}, {"id": 83130, "file_type": 11, "size": 27893, "state": 3, "created": "2019-09-13 07:19:25", "request_until": null, "meta": null, "hash": "85cd627dd28ff433cdcb7685d7adebce", "url": "https://thor.ansur.no/display/media/83130/driver12/4ec780385a9522b3a27ab2d5d23b5796/audio_caption_1568359165.4323.m4a"}, {"id": 83134, "file_type": 2, "size": 71844, "state": 3, "created": "2019-09-13 07:28:36", "request_until": "2019-10-13 07:28:36", "meta": {"Region": {"x": 489, "y": 1234, "width": 696, "height": 499, "scale": 1.0, "quality": 85}}, "hash": "6463779a4012659ee2bbc4f817daa420", "url": "https://thor.ansur.no/display/media/83134/driver12/4ec780385a9522b3a27ab2d5d23b5796/roi_142538732.jpg"}]}}]}','null');
insert into aar_service.file (id, name, mimeType, url, record_id) values (152,'record/attachements/4ec780385a9522b3a27ab2d5d23b5796/preview.jpg','null','https://thor.ansur.no/display/media/83128/driver12/4ec780385a9522b3a27ab2d5d23b5796/preview.jpg',1940);
insert into aar_service.file (id, name, mimeType, url, record_id) values (153,'record/attachements/4ec780385a9522b3a27ab2d5d23b5796/thumb.jpg','null','https://thor.ansur.no/display/media/83129/driver12/4ec780385a9522b3a27ab2d5d23b5796/thumb.jpg',1940);
insert into aar_service.file (id, name, mimeType, url, record_id) values (154,'record/attachements/4ec780385a9522b3a27ab2d5d23b5796/audio_caption_1568359165.4323.m4a','null','https://thor.ansur.no/display/media/83130/driver12/4ec780385a9522b3a27ab2d5d23b5796/audio_caption_1568359165.4323.m4a',1940);
insert into aar_service.file (id, name, mimeType, url, record_id) values (155,'record/attachements/4ec780385a9522b3a27ab2d5d23b5796/roi_142538732.jpg','null','https://thor.ansur.no/display/media/83134/driver12/4ec780385a9522b3a27ab2d5d23b5796/roi_142538732.jpg',1940);
insert into aar_service.record (id, clientId, sessionId, createDate, trialDate, topic, recordType, headline, msgType, recordJson, recordData) values (1941,'asign_photo','null','2019-09-13 09:40:56.36','2019-09-13 09:40:56.36','photo_geojson','FeatureCollection','null','Info','{"type": "FeatureCollection", "bbox": null, "features": [{"type": "Feature", "bbox": null, "geometry": {"type": "Point", "coordinates": [14.860718, 47.560379]}, "properties": {"id": 27390, "priority": 0, "viewed": true, "signature": "38413d57480c531b003a13c3a883bf72", "instant": "2019-09-13 06:56:26", "created": "2019-09-13 06:56:46", "updated": "2019-09-13 07:40:42.675449", "caption": "This is how it looks", "interpretation": null, "meta": {"Source": {"filename": "original.jpg", "camera_make": "Apple", "width": 4032, "size": 8389478, "height": 3024, "direction": 85.0, "camera_model": "iPhone 7", "field_of_view": null}}, "version": null, "application_id": "8f0cf7ac-92b4-47d1-9745-a393e18e71b7", "seen": "2019-09-13 07:40:42", "started": null, "stopped": null, "location_latitude": 47.560379, "location_longitude": 14.860718, "location_time": "2019-09-13 06:55:57", "location_accuracy": 1210.0, "location_altitude": 684.667358, "location_provider": null, "location_speed": null, "location_meta": null, "mission_id": null, "mission_name": null, "thumbnail_hash": "adca283f94511f2ce7d1d164002dd1fd", "preview_hash": "8be6a26af09baa87b512f03c271f0221", "category_id": null, "category_name": null, "application_device_type": 3, "application_last_login": "2019-09-13 06:52:39.616428", "application_phone": null, "application_last_rate": null, "application_updated": "2019-09-13 07:34:52.655626", "application_created": "2019-08-21 15:12:07.427551", "application_application_type": 4, "application_connection_type": 1, "application_connection_state": 0, "user_name": "driver10", "user_id": 807, "user_username": "driver10", "user_color": "DA1A1A", "user_connection_type": 0, "user_last_login": null, "user_last_rate": null, "observation_url": "https://thor.ansur.no/signs/processing/27390", "observation_type": "photo", "preview_url": "https://thor.ansur.no/display/file/8be6a26af09baa87b512f03c271f0221/driver10/38413d57480c531b003a13c3a883bf72/preview.jpg", "preview_with_overlay_url": "https://thor.ansur.no/display/displayWithOverlays/8be6a26af09baa87b512f03c271f0221/driver10/38413d57480c531b003a13c3a883bf72/preview.jpg", "thumbnail_url": "https://thor.ansur.no/display/file/adca283f94511f2ce7d1d164002dd1fd/driver10/38413d57480c531b003a13c3a883bf72/thumb.jpg", "files": [{"id": 83124, "file_type": 1, "size": 8389478, "state": 0, "created": "2019-09-13 06:56:46", "request_until": null, "meta": null, "hash": "38413d57480c531b003a13c3a883bf72", "url": null}, {"id": 83125, "file_type": 0, "size": 39921, "state": 3, "created": "2019-09-13 06:56:46", "request_until": "2019-10-13 06:56:46", "meta": null, "hash": "8be6a26af09baa87b512f03c271f0221", "url": "https://thor.ansur.no/display/media/83125/driver10/38413d57480c531b003a13c3a883bf72/preview.jpg"}, {"id": 83126, "file_type": 3, "size": 16372, "state": 3, "created": "2019-09-13 06:56:48", "request_until": null, "meta": "", "hash": "adca283f94511f2ce7d1d164002dd1fd", "url": "https://thor.ansur.no/display/media/83126/driver10/38413d57480c531b003a13c3a883bf72/thumb.jpg"}]}}]}','null');
insert into aar_service.file (id, name, mimeType, url, record_id) values (156,'record/attachements/38413d57480c531b003a13c3a883bf72/preview.jpg','null','https://thor.ansur.no/display/media/83125/driver10/38413d57480c531b003a13c3a883bf72/preview.jpg',1941);
insert into aar_service.file (id, name, mimeType, url, record_id) values (157,'record/attachements/38413d57480c531b003a13c3a883bf72/thumb.jpg','null','https://thor.ansur.no/display/media/83126/driver10/38413d57480c531b003a13c3a883bf72/thumb.jpg',1941);
insert into aar_service.record (id, clientId, sessionId, createDate, trialDate, topic, recordType, headline, msgType, recordJson, recordData) values (1942,'airborne','null','2019-09-13 09:56:27.864','2019-09-13 09:56:27.864','system_logging','Log','--> addCallback: large_data_update','Info','{"id": "airborne", "dateTimeSent": 1568361383273, "level": "INFO", "log": "--> addCallback: large_data_update"}','null');
insert into aar_service.record (id, clientId, sessionId, createDate, trialDate, topic, recordType, headline, msgType, recordJson, recordData) values (1943,'airborne','null','2019-09-13 09:56:28.0','2019-09-13 09:56:28.0','system_logging','Log','New Generic Callback Consumer created for topic: large_data_update','Info','{"id": "airborne", "dateTimeSent": 1568361383316, "level": "INFO", "log": "New Generic Callback Consumer created for topic: large_data_update"}','null');
insert into aar_service.record (id, clientId, sessionId, createDate, trialDate, topic, recordType, headline, msgType, recordJson, recordData) values (1944,'airborne','null','2019-09-13 09:56:28.127','2019-09-13 09:56:28.127','system_logging','Log','addCallback-->','Info','{"id": "airborne", "dateTimeSent": 1568361383322, "level": "INFO", "log": "addCallback-->"}','null');
insert into aar_service.record (id, clientId, sessionId, createDate, trialDate, topic, recordType, headline, msgType, recordJson, recordData) values (1945,'TB-Ost','null','2019-09-13 09:58:22.4','2019-09-13 09:58:22.4','system_observer_tool_answer','ObserverToolAnswer','A new observation was reported by: Block4_Chemical_Spill-viewTerra_Observer','Info','{"trialId": 13, "sessionId": 217, "answerId": 1505, "timeSendUTC": 1568361500, "timeWhen": 1568361502000, "observationTypeName": "Block4_Chemical_Spill-viewTerra_Observer", "observervationTypeId": 1583, "observationTypeDescription": "How many years of professional experience do you have in crisis management? ", "description": "", "multiplicity": true, "questions": [{"id": 3138, "name": "How many years of professional experience do you h", "description": "-", "answer": "More than 15 years", "comment": "", "typeOfQuestion": "radiobutton"}]}','null');
insert into aar_service.record (id, clientId, sessionId, createDate, trialDate, topic, recordType, headline, msgType, recordJson, recordData) values (1946,'TB-Ost','null','2019-09-13 09:58:51.721','2019-09-13 09:58:51.721','system_observer_tool_answer','ObserverToolAnswer','A new observation was reported by: Block4_Chemical_Spill-viewTerra_Observer','Info','{"trialId": 13, "sessionId": 217, "answerId": 1506, "timeSendUTC": 1568361530, "timeWhen": 1568361531000, "observationTypeName": "Block4_Chemical_Spill-viewTerra_Observer", "observervationTypeId": 1584, "observationTypeDescription": "How much would you agree with the statement that you have experience and knowledge regarding situation assessment?", "description": "", "multiplicity": true, "questions": [{"id": 3139, "name": "How much would you agree with the statement that y", "description": "-", "answer": "Strongly agree", "comment": "", "typeOfQuestion": "radiobutton"}]}','null');
insert into aar_service.record (id, clientId, sessionId, createDate, trialDate, topic, recordType, headline, msgType, recordJson, recordData) values (1947,'TB-Ost','null','2019-09-13 09:59:44.812','2019-09-13 09:59:44.812','system_observer_tool_answer','ObserverToolAnswer','A new observation was reported by: Block4_Chemical_Spill-CrowdTasker_Observer','Info','{"trialId": 13, "sessionId": 217, "answerId": 1507, "timeSendUTC": 1568361583, "timeWhen": 1568361582000, "observationTypeName": "Block4_Chemical_Spill-CrowdTasker_Observer", "observervationTypeId": 1608, "observationTypeDescription": "How many years of professional experience do you have in crisis management? ", "description": "", "multiplicity": true, "questions": [{"id": 2928, "name": "How many years of professional experience do you h", "description": "-", "answer": "6 - 10 years", "comment": "", "typeOfQuestion": "radiobutton"}]}','null');
insert into aar_service.record (id, clientId, sessionId, createDate, trialDate, topic, recordType, headline, msgType, recordJson, recordData) values (1948,'TB-Ost','null','2019-09-13 09:59:54.184','2019-09-13 09:59:54.184','system_observer_tool_answer','ObserverToolAnswer','A new observation was reported by: Block4_Chemical_Spill-CrowdTasker_Observer','Info','{"trialId": 13, "sessionId": 217, "answerId": 1508, "timeSendUTC": 1568361592, "timeWhen": 1568361591000, "observationTypeName": "Block4_Chemical_Spill-CrowdTasker_Observer", "observervationTypeId": 1609, "observationTypeDescription": "How much would you agree with the statement that you have experience and knowledge regarding situation assesment?", "description": "", "multiplicity": true, "questions": [{"id": 2927, "name": "How much would you agree with the statement that y", "description": "-", "answer": "Agree", "comment": "", "typeOfQuestion": "radiobutton"}]}','null');
insert into aar_service.record (id, clientId, sessionId, createDate, trialDate, topic, recordType, headline, msgType, recordJson, recordData) values (1949,'TB-Ost','null','2019-09-13 10:04:28.359','2019-09-13 10:04:28.359','system_observer_tool_answer','ObserverToolAnswer','A new observation was reported by: Block4_Chemical_Spill-ASIGN_Observer','Info','{"trialId": 13, "sessionId": 217, "answerId": 1509, "timeSendUTC": 1568361866, "timeWhen": 1568361867000, "observationTypeName": "Block4_Chemical_Spill-ASIGN_Observer", "observervationTypeId": 1644, "observationTypeDescription": "How many years of professional experience do you have in crisis management? ", "description": "", "multiplicity": true, "questions": [{"id": 2863, "name": "How many years of professional experience do you h", "description": "-", "answer": "More than 15 years", "comment": "", "typeOfQuestion": "radiobutton"}]}','null');
insert into aar_service.record (id, clientId, sessionId, createDate, trialDate, topic, recordType, headline, msgType, recordJson, recordData) values (1950,'TB-Ost','null','2019-09-13 10:04:47.772','2019-09-13 10:04:47.772','system_observer_tool_answer','ObserverToolAnswer','A new observation was reported by: Block4_Chemical_Spill-ASIGN_Observer','Info','{"trialId": 13, "sessionId": 217, "answerId": 1510, "timeSendUTC": 1568361886, "timeWhen": 1568361886000, "observationTypeName": "Block4_Chemical_Spill-ASIGN_Observer", "observervationTypeId": 1645, "observationTypeDescription": "How much would you agree with the statement that you have experience and knowledge regarding volunteer management?", "description": "", "multiplicity": true, "questions": [{"id": 2855, "name": "How much would you agree with the statement that y", "description": "-", "answer": "Not applicable", "comment": "", "typeOfQuestion": "radiobutton"}]}','null');
insert into aar_service.record (id, clientId, sessionId, createDate, trialDate, topic, recordType, headline, msgType, recordJson, recordData) values (1951,'TB-TrialMgmt','null','2019-09-13 10:08:43.529','2019-09-13 10:08:43.529','system_tm_session_mgmt','SessionMgmt','90ec55b0-59bd-4f97-bc44-01edcdbfa587, START','Info','{"trialId": "e040fdc7-72d1-4e4a-b8f1-dff598ca476f", "trialName": "Trial 3: The Austrian Trial", "scenarioId": "8e755374-06e3-4163-9544-4c1d825ca536", "scenarioName": "Block 4 - Chemical leak", "sessionId": "90ec55b0-59bd-4f97-bc44-01edcdbfa587", "sessionName": "New session", "sessionState": "START", "comment": null}','null');
insert into aar_service.record (id, clientId, sessionId, createDate, trialDate, topic, recordType, headline, msgType, recordJson, recordData) values (1952,'TB-TrialMgmt','null','2019-09-13 10:08:45.286','2019-09-13 10:08:45.286','system_tm_phase_message','PhaseMessage','INCIDENT, state: true','Info','{"id": "03c47dc9-2904-4ad3-a07e-3075ef9b5458", "phase": "INCIDENT", "isStarting": true, "alternativeName": null}','null');
insert into aar_service.record (id, clientId, sessionId, createDate, trialDate, topic, recordType, headline, msgType, recordJson, recordData) values (1953,'asign_mission','null','2019-09-13 10:09:34.855','2019-09-13 10:09:34.855','asign_info','FeatureCollection','Chemical Spill - Danger, Leave now!','Info','{"type": "FeatureCollection", "bbox": null, "features": [{"type": "Feature", "bbox": null, "geometry": {"type": "Polygon", "coordinates": [[[14.8658537871233, 47.5566790058289], [14.867055416762, 47.5556479532985], [14.8662829405657, 47.5545705390216], [14.8641543392296, 47.5549876049269], [14.8645491609204, 47.556261952502], [14.8658537871233, 47.5566790058289]]]}, "properties": {"end_time": null, "name": "Chemical Spill - Danger, Leave now!", "description": null, "start_time": null, "id": 254.0, "user_limit": null}}]}','null');
insert into aar_service.record (id, clientId, sessionId, createDate, trialDate, topic, recordType, headline, msgType, recordJson, recordData) values (1954,'TB-Ost','null','2019-09-13 10:10:02.584','2019-09-13 10:10:02.584','system_observer_tool_answer','ObserverToolAnswer','A new observation was reported by: Block4_Chemical_Spill-DLR_Observer','Info','{"trialId": 13, "sessionId": 217, "answerId": 1511, "timeSendUTC": 1568362201, "timeWhen": 1568362203000, "observationTypeName": "Block4_Chemical_Spill-DLR_Observer", "observervationTypeId": 1707, "observationTypeDescription": "How many years of professional experience do you have in crisis management? ", "description": "", "multiplicity": true, "questions": [{"id": 3034, "name": "How many years of professional experience do you h", "description": "-", "answer": "More than 15 years", "comment": "", "typeOfQuestion": "radiobutton"}]}','null');
insert into aar_service.record (id, clientId, sessionId, createDate, trialDate, topic, recordType, headline, msgType, recordJson, recordData) values (1955,'TB-Ost','null','2019-09-13 10:10:10.719','2019-09-13 10:10:10.719','system_observer_tool_answer','ObserverToolAnswer','A new observation was reported by: Block4_Chemical_Spill-DLR_Observer','Info','{"trialId": 13, "sessionId": 217, "answerId": 1512, "timeSendUTC": 1568362209, "timeWhen": 1568362211000, "observationTypeName": "Block4_Chemical_Spill-DLR_Observer", "observervationTypeId": 1708, "observationTypeDescription": "How much would you agree with the statement that you have experience and knowledge regarding situation assessment?", "description": "", "multiplicity": true, "questions": [{"id": 3033, "name": "How much would you agree with the statement that y", "description": "-", "answer": "Agree", "comment": "", "typeOfQuestion": "radiobutton"}]}','null');
insert into aar_service.record (id, clientId, sessionId, createDate, trialDate, topic, recordType, headline, msgType, recordJson, recordData) values (1956,'TB-Ost','null','2019-09-13 10:11:23.757','2019-09-13 10:11:23.757','system_observer_tool_answer','ObserverToolAnswer','A new observation was reported by: Block4_Chemical_Spill-ASIGN_Observer','Info','{"trialId": 13, "sessionId": 217, "answerId": 1513, "timeSendUTC": 1568362282, "timeWhen": 1568362283000, "observationTypeName": "Block4_Chemical_Spill-ASIGN_Observer", "observervationTypeId": 1644, "observationTypeDescription": "How many years of professional experience do you have in crisis management? ", "description": "", "multiplicity": true, "questions": [{"id": 2863, "name": "How many years of professional experience do you h", "description": "-", "answer": "More than 15 years", "comment": "", "typeOfQuestion": "radiobutton"}]}','null');
insert into aar_service.record (id, clientId, sessionId, createDate, trialDate, topic, recordType, headline, msgType, recordJson, recordData) values (1957,'TB-Ost','null','2019-09-13 10:11:39.595','2019-09-13 10:11:39.595','system_observer_tool_answer','ObserverToolAnswer','A new observation was reported by: Block4_Chemical_Spill-ASIGN_Observer','Info','{"trialId": 13, "sessionId": 217, "answerId": 1514, "timeSendUTC": 1568362298, "timeWhen": 1568362299000, "observationTypeName": "Block4_Chemical_Spill-ASIGN_Observer", "observervationTypeId": 1645, "observationTypeDescription": "How much would you agree with the statement that you have experience and knowledge regarding volunteer management?", "description": "", "multiplicity": true, "questions": [{"id": 2855, "name": "How much would you agree with the statement that y", "description": "-", "answer": "Strongly agree", "comment": "", "typeOfQuestion": "radiobutton"}]}','null');
insert into aar_service.record (id, clientId, sessionId, createDate, trialDate, topic, recordType, headline, msgType, recordJson, recordData) values (1958,'TB-Ost','null','2019-09-13 10:11:40.716','2019-09-13 10:11:40.716','system_observer_tool_answer','ObserverToolAnswer','A new observation was reported by: Block4_Chemical_Spill-viewTerra_Observer','Info','{"trialId": 13, "sessionId": 217, "answerId": 1515, "timeSendUTC": 1568362299, "timeWhen": 1568362300000, "observationTypeName": "Block4_Chemical_Spill-viewTerra_Observer", "observervationTypeId": 1583, "observationTypeDescription": "How many years of professional experience do you have in crisis management? ", "description": "", "multiplicity": true, "questions": [{"id": 3138, "name": "How many years of professional experience do you h", "description": "-", "answer": "0 - 5 years", "comment": "", "typeOfQuestion": "radiobutton"}]}','null');
insert into aar_service.record (id, clientId, sessionId, createDate, trialDate, topic, recordType, headline, msgType, recordJson, recordData) values (1959,'TB-Ost','null','2019-09-13 10:12:22.575','2019-09-13 10:12:22.575','system_observer_tool_answer','ObserverToolAnswer','A new observation was reported by: Block4_Chemical_Spill-viewTerra_Observer','Info','{"trialId": 13, "sessionId": 217, "answerId": 1516, "timeSendUTC": 1568362341, "timeWhen": 1568362342000, "observationTypeName": "Block4_Chemical_Spill-viewTerra_Observer", "observervationTypeId": 1584, "observationTypeDescription": "How much would you agree with the statement that you have experience and knowledge regarding situation assessment?", "description": "", "multiplicity": true, "questions": [{"id": 3139, "name": "How much would you agree with the statement that y", "description": "-", "answer": "Strongly disagree", "comment": "", "typeOfQuestion": "radiobutton"}]}','null');
insert into aar_service.record (id, clientId, sessionId, createDate, trialDate, topic, recordType, headline, msgType, recordJson, recordData) values (1960,'TB-Ost','null','2019-09-13 10:12:49.895','2019-09-13 10:12:49.895','system_observer_tool_answer','ObserverToolAnswer','A new observation was reported by: Block4_Chemical_Spill-viewTerra_Observer','Info','{"trialId": 13, "sessionId": 217, "answerId": 1517, "timeSendUTC": 1568362368, "timeWhen": 1568362370000, "observationTypeName": "Block4_Chemical_Spill-viewTerra_Observer", "observervationTypeId": 1585, "observationTypeDescription": "Was the commander able locate the object of interest (e.g. factory) in vieWTerra Evolution \u2019s 4D Earth Viewer?", "description": "", "multiplicity": true, "questions": [{"id": 3140, "name": "Was the commander able locate the object of intere", "description": "-", "answer": "Strongly disagree", "comment": "", "typeOfQuestion": "radiobutton"}]}','null');
insert into aar_service.record (id, clientId, sessionId, createDate, trialDate, topic, recordType, headline, msgType, recordJson, recordData) values (1961,'TB-Ost','null','2019-09-13 10:13:13.378','2019-09-13 10:13:13.378','system_observer_tool_answer','ObserverToolAnswer','A new observation was reported by: Block4_Chemical_Spill-viewTerra_Observer','Info','{"trialId": 13, "sessionId": 217, "answerId": 1518, "timeSendUTC": 1568362391, "timeWhen": 1568362393000, "observationTypeName": "Block4_Chemical_Spill-viewTerra_Observer", "observervationTypeId": 1586, "observationTypeDescription": "Was vieWTerra Evolution able to import danger zone shape from ASIGN?", "description": "", "multiplicity": true, "questions": [{"id": 3141, "name": "Was vieWTerra Evolution able to import danger zone", "description": "-", "answer": "Strongly disagree", "comment": "", "typeOfQuestion": "radiobutton"}]}','null');
insert into aar_service.record (id, clientId, sessionId, createDate, trialDate, topic, recordType, headline, msgType, recordJson, recordData) values (1962,'TB-TrialMgmt','null','2019-09-13 10:13:36.343','2019-09-13 10:13:36.343','system_tm_role_player','RolePlayerMessage','The inhabitants alerted if life is endangered.','Info','{"id": "04006f2e-92cf-4c93-b313-881c96dfbfbe", "type": "ACTION", "title": "", "headline": "The inhabitants alerted if life is endangered.", "description": "The inhabitants in the area should be alerted in the case their life is endangered.", "rolePlayerName": "ARC - EXCON", "participantNames": null, "comment": ""}','null');
insert into aar_service.record (id, clientId, sessionId, createDate, trialDate, topic, recordType, headline, msgType, recordJson, recordData) values (1963,'TB-Ost','null','2019-09-13 10:13:39.922','2019-09-13 10:13:39.922','system_observer_tool_answer','ObserverToolAnswer','A new observation was reported by: Block4_Chemical_Spill-viewTerra_Observer','Info','{"trialId": 13, "sessionId": 217, "answerId": 1519, "timeSendUTC": 1568362418, "timeWhen": 1568362420000, "observationTypeName": "Block4_Chemical_Spill-viewTerra_Observer", "observervationTypeId": 1587, "observationTypeDescription": "Was the commander able to identify the dangerous zone in 3D landscape?", "description": "", "multiplicity": true, "questions": [{"id": 3142, "name": "Was the commander able to identify the dangerous z", "description": "-", "answer": "Strongly disagree", "comment": "", "typeOfQuestion": "radiobutton"}]}','null');
insert into aar_service.record (id, clientId, sessionId, createDate, trialDate, topic, recordType, headline, msgType, recordJson, recordData) values (1964,'TB-Ost','null','2019-09-13 10:14:38.925','2019-09-13 10:14:38.925','system_observer_tool_answer','ObserverToolAnswer','A new observation was reported by: Block4_Chemical_Spill-viewTerra_Observer','Info','{"trialId": 13, "sessionId": 217, "answerId": 1520, "timeSendUTC": 1568362477, "timeWhen": 1568362478000, "observationTypeName": "Block4_Chemical_Spill-viewTerra_Observer", "observervationTypeId": 1589, "observationTypeDescription": "The S2-S3 uses other sources of visualisation (e.g google maps, paper maps, etc\u2026) for comparison with the viewterra.", "description": "", "multiplicity": true, "questions": [{"id": 3144, "name": "The S2-S3 uses other sources of visualisation (e.g", "description": "-", "answer": "[Agree]", "comment": "Google maps open, printed maps on the wall", "typeOfQuestion": "checkbox"}]}','null');
insert into aar_service.record (id, clientId, sessionId, createDate, trialDate, topic, recordType, headline, msgType, recordJson, recordData) values (1965,'asign_photo','null','2019-09-13 10:15:26.774','2019-09-13 10:15:26.774','photo_geojson','FeatureCollection','Chemical Spill - Danger, Leave now!','Info','{"type": "FeatureCollection", "bbox": null, "features": [{"type": "Feature", "bbox": null, "geometry": {"type": "Point", "coordinates": [14.867219, 47.555561]}, "properties": {"id": 27394, "priority": 1, "viewed": false, "signature": "4284cc1dacd58221baa5a9b9b91a590f", "instant": "2019-09-13 08:13:58", "created": "2019-09-13 08:15:12", "updated": "2019-09-13 08:15:16.03474", "caption": "Also liquid spill on the road", "interpretation": null, "meta": {"Source": {"filename": "original.jpg", "camera_make": "Apple", "width": 3024, "size": 9250474, "height": 4032, "direction": 28.0, "camera_model": "iPhone 6s Plus", "field_of_view": null}}, "version": null, "application_id": "a7fae54e-a7fd-4e11-8008-7f2f1a8207ca", "seen": null, "started": null, "stopped": null, "location_latitude": 47.555561, "location_longitude": 14.867219, "location_time": "2019-09-13 08:13:44", "location_accuracy": 5.0, "location_altitude": 684.87085, "location_provider": null, "location_speed": null, "location_meta": null, "mission_id": 254, "mission_name": "Chemical Spill - Danger, Leave now!", "thumbnail_hash": "733a3b4c02de13437885f28ce2c6ee25", "preview_hash": "60f3d569ee02188f94dc056ff774930b", "category_id": null, "category_name": null, "application_device_type": 3, "application_last_login": "2019-09-13 08:07:58.434896", "application_phone": null, "application_last_rate": null, "application_updated": "2019-09-13 08:07:58.434896", "application_created": "2019-09-11 08:58:00.323881", "application_application_type": 4, "application_connection_type": 1, "application_connection_state": 1, "user_name": "driver12", "user_id": 811, "user_username": "driver12", "user_color": "FFFFFF", "user_connection_type": 0, "user_last_login": null, "user_last_rate": null, "observation_url": "https://thor.ansur.no/signs/processing/27394", "observation_type": "photo", "preview_url": "https://thor.ansur.no/display/file/60f3d569ee02188f94dc056ff774930b/driver12/4284cc1dacd58221baa5a9b9b91a590f/preview.jpg", "preview_with_overlay_url": "https://thor.ansur.no/display/displayWithOverlays/60f3d569ee02188f94dc056ff774930b/driver12/4284cc1dacd58221baa5a9b9b91a590f/preview.jpg", "thumbnail_url": "https://thor.ansur.no/display/file/733a3b4c02de13437885f28ce2c6ee25/driver12/4284cc1dacd58221baa5a9b9b91a590f/thumb.jpg", "files": [{"id": 83135, "file_type": 1, "size": 9250474, "state": 0, "created": "2019-09-13 08:15:12", "request_until": null, "meta": null, "hash": "4284cc1dacd58221baa5a9b9b91a590f", "url": null}, {"id": 83136, "file_type": 0, "size": 56548, "state": 3, "created": "2019-09-13 08:15:12", "request_until": "2019-10-13 08:15:12", "meta": null, "hash": "60f3d569ee02188f94dc056ff774930b", "url": "https://thor.ansur.no/display/media/83136/driver12/4284cc1dacd58221baa5a9b9b91a590f/preview.jpg"}, {"id": 83137, "file_type": 3, "size": 25892, "state": 3, "created": "2019-09-13 08:15:16", "request_until": null, "meta": "", "hash": "733a3b4c02de13437885f28ce2c6ee25", "url": "https://thor.ansur.no/display/media/83137/driver12/4284cc1dacd58221baa5a9b9b91a590f/thumb.jpg"}, {"id": 83138, "file_type": 11, "size": 54329, "state": 3, "created": "2019-09-13 08:15:17", "request_until": null, "meta": null, "hash": "637496d2a21c751d206bfa2a1e0a8700", "url": "https://thor.ansur.no/display/media/83138/driver12/4284cc1dacd58221baa5a9b9b91a590f/audio_caption_1568362517.7121.m4a"}]}}]}','null');
insert into aar_service.file (id, name, mimeType, url, record_id) values (158,'record/attachements/4284cc1dacd58221baa5a9b9b91a590f/preview.jpg','null','https://thor.ansur.no/display/media/83136/driver12/4284cc1dacd58221baa5a9b9b91a590f/preview.jpg',1965);
insert into aar_service.file (id, name, mimeType, url, record_id) values (159,'record/attachements/4284cc1dacd58221baa5a9b9b91a590f/thumb.jpg','null','https://thor.ansur.no/display/media/83137/driver12/4284cc1dacd58221baa5a9b9b91a590f/thumb.jpg',1965);
insert into aar_service.file (id, name, mimeType, url, record_id) values (160,'record/attachements/4284cc1dacd58221baa5a9b9b91a590f/audio_caption_1568362517.7121.m4a','null','https://thor.ansur.no/display/media/83138/driver12/4284cc1dacd58221baa5a9b9b91a590f/audio_caption_1568362517.7121.m4a',1965);
insert into aar_service.record (id, clientId, sessionId, createDate, trialDate, topic, recordType, headline, msgType, recordJson, recordData) values (2305,'TB-Ost','null','2019-09-13 15:58:59.078','2019-09-13 15:58:59.078','system_observer_tool_answer','ObserverToolAnswer','A new observation was reported by: Block5_USAR_Teams-ASIGN_Field_Observer','Info','{"trialId": 13, "sessionId": 220, "answerId": 1711, "timeSendUTC": 1568383136, "timeWhen": 1568382196000, "observationTypeName": "Block5_USAR_Teams-ASIGN_Field_Observer", "observervationTypeId": 1773, "observationTypeDescription": "Was ASIGN able to send geo-imagery?", "description": "", "multiplicity": true, "questions": [{"id": 2835, "name": "Was ASIGN able to send geo-imagery?", "description": "-", "answer": "Agree", "comment": "", "typeOfQuestion": "radiobutton"}]}','null');
insert into aar_service.record (id, clientId, sessionId, createDate, trialDate, topic, recordType, headline, msgType, recordJson, recordData) values (1966,'asign_photo','null','2019-09-13 10:15:31.837','2019-09-13 10:15:31.837','photo_geojson','FeatureCollection','Chemical Spill - Danger, Leave now!','Info','{"type": "FeatureCollection", "bbox": null, "features": [{"type": "Feature", "bbox": null, "geometry": {"type": "Point", "coordinates": [14.867219, 47.555561]}, "properties": {"id": 27394, "priority": 1, "viewed": true, "signature": "4284cc1dacd58221baa5a9b9b91a590f", "instant": "2019-09-13 08:13:58", "created": "2019-09-13 08:15:12", "updated": "2019-09-13 08:15:19.609096", "caption": "Also liquid spill on the road", "interpretation": null, "meta": {"Source": {"filename": "original.jpg", "camera_make": "Apple", "width": 3024, "size": 9250474, "height": 4032, "direction": 28.0, "camera_model": "iPhone 6s Plus", "field_of_view": null}}, "version": null, "application_id": "a7fae54e-a7fd-4e11-8008-7f2f1a8207ca", "seen": "2019-09-13 08:15:19", "started": null, "stopped": null, "location_latitude": 47.555561, "location_longitude": 14.867219, "location_time": "2019-09-13 08:13:44", "location_accuracy": 5.0, "location_altitude": 684.87085, "location_provider": null, "location_speed": null, "location_meta": null, "mission_id": 254, "mission_name": "Chemical Spill - Danger, Leave now!", "thumbnail_hash": "733a3b4c02de13437885f28ce2c6ee25", "preview_hash": "60f3d569ee02188f94dc056ff774930b", "category_id": null, "category_name": null, "application_device_type": 3, "application_last_login": "2019-09-13 08:07:58.434896", "application_phone": null, "application_last_rate": null, "application_updated": "2019-09-13 08:07:58.434896", "application_created": "2019-09-11 08:58:00.323881", "application_application_type": 4, "application_connection_type": 1, "application_connection_state": 1, "user_name": "driver12", "user_id": 811, "user_username": "driver12", "user_color": "FFFFFF", "user_connection_type": 0, "user_last_login": null, "user_last_rate": null, "observation_url": "https://thor.ansur.no/signs/processing/27394", "observation_type": "photo", "preview_url": "https://thor.ansur.no/display/file/60f3d569ee02188f94dc056ff774930b/driver12/4284cc1dacd58221baa5a9b9b91a590f/preview.jpg", "preview_with_overlay_url": "https://thor.ansur.no/display/displayWithOverlays/60f3d569ee02188f94dc056ff774930b/driver12/4284cc1dacd58221baa5a9b9b91a590f/preview.jpg", "thumbnail_url": "https://thor.ansur.no/display/file/733a3b4c02de13437885f28ce2c6ee25/driver12/4284cc1dacd58221baa5a9b9b91a590f/thumb.jpg", "files": [{"id": 83135, "file_type": 1, "size": 9250474, "state": 0, "created": "2019-09-13 08:15:12", "request_until": null, "meta": null, "hash": "4284cc1dacd58221baa5a9b9b91a590f", "url": null}, {"id": 83136, "file_type": 0, "size": 56548, "state": 3, "created": "2019-09-13 08:15:12", "request_until": "2019-10-13 08:15:12", "meta": null, "hash": "60f3d569ee02188f94dc056ff774930b", "url": "https://thor.ansur.no/display/media/83136/driver12/4284cc1dacd58221baa5a9b9b91a590f/preview.jpg"}, {"id": 83137, "file_type": 3, "size": 25892, "state": 3, "created": "2019-09-13 08:15:16", "request_until": null, "meta": "", "hash": "733a3b4c02de13437885f28ce2c6ee25", "url": "https://thor.ansur.no/display/media/83137/driver12/4284cc1dacd58221baa5a9b9b91a590f/thumb.jpg"}, {"id": 83138, "file_type": 11, "size": 54329, "state": 3, "created": "2019-09-13 08:15:17", "request_until": null, "meta": null, "hash": "637496d2a21c751d206bfa2a1e0a8700", "url": "https://thor.ansur.no/display/media/83138/driver12/4284cc1dacd58221baa5a9b9b91a590f/audio_caption_1568362517.7121.m4a"}]}}]}','null');
insert into aar_service.file (id, name, mimeType, url, record_id) values (161,'record/attachements/4284cc1dacd58221baa5a9b9b91a590f/preview.jpg','null','https://thor.ansur.no/display/media/83136/driver12/4284cc1dacd58221baa5a9b9b91a590f/preview.jpg',1966);
insert into aar_service.file (id, name, mimeType, url, record_id) values (162,'record/attachements/4284cc1dacd58221baa5a9b9b91a590f/thumb.jpg','null','https://thor.ansur.no/display/media/83137/driver12/4284cc1dacd58221baa5a9b9b91a590f/thumb.jpg',1966);
insert into aar_service.file (id, name, mimeType, url, record_id) values (163,'record/attachements/4284cc1dacd58221baa5a9b9b91a590f/audio_caption_1568362517.7121.m4a','null','https://thor.ansur.no/display/media/83138/driver12/4284cc1dacd58221baa5a9b9b91a590f/audio_caption_1568362517.7121.m4a',1966);
insert into aar_service.record (id, clientId, sessionId, createDate, trialDate, topic, recordType, headline, msgType, recordJson, recordData) values (1967,'asign_photo','null','2019-09-13 10:15:41.916','2019-09-13 10:15:41.916','photo_geojson','FeatureCollection','Chemical Spill - Danger, Leave now!','Info','{"type": "FeatureCollection", "bbox": null, "features": [{"type": "Feature", "bbox": null, "geometry": {"type": "Point", "coordinates": [14.867219, 47.555561]}, "properties": {"id": 27394, "priority": 1, "viewed": true, "signature": "4284cc1dacd58221baa5a9b9b91a590f", "instant": "2019-09-13 08:13:58", "created": "2019-09-13 08:15:12", "updated": "2019-09-13 08:15:33.619928", "caption": "Also liquid spill on the road", "interpretation": null, "meta": {"Source": {"filename": "original.jpg", "camera_make": "Apple", "width": 3024, "size": 9250474, "height": 4032, "direction": 28.0, "camera_model": "iPhone 6s Plus", "field_of_view": null}}, "version": null, "application_id": "a7fae54e-a7fd-4e11-8008-7f2f1a8207ca", "seen": "2019-09-13 08:15:19", "started": null, "stopped": null, "location_latitude": 47.555561, "location_longitude": 14.867219, "location_time": "2019-09-13 08:13:44", "location_accuracy": 5.0, "location_altitude": 684.87085, "location_provider": null, "location_speed": null, "location_meta": null, "mission_id": 254, "mission_name": "Chemical Spill - Danger, Leave now!", "thumbnail_hash": "733a3b4c02de13437885f28ce2c6ee25", "preview_hash": "60f3d569ee02188f94dc056ff774930b", "category_id": null, "category_name": null, "application_device_type": 3, "application_last_login": "2019-09-13 08:07:58.434896", "application_phone": null, "application_last_rate": null, "application_updated": "2019-09-13 08:07:58.434896", "application_created": "2019-09-11 08:58:00.323881", "application_application_type": 4, "application_connection_type": 1, "application_connection_state": 1, "user_name": "driver12", "user_id": 811, "user_username": "driver12", "user_color": "FFFFFF", "user_connection_type": 0, "user_last_login": null, "user_last_rate": null, "observation_url": "https://thor.ansur.no/signs/processing/27394", "observation_type": "photo", "preview_url": "https://thor.ansur.no/display/file/60f3d569ee02188f94dc056ff774930b/driver12/4284cc1dacd58221baa5a9b9b91a590f/preview.jpg", "preview_with_overlay_url": "https://thor.ansur.no/display/displayWithOverlays/60f3d569ee02188f94dc056ff774930b/driver12/4284cc1dacd58221baa5a9b9b91a590f/preview.jpg", "thumbnail_url": "https://thor.ansur.no/display/file/733a3b4c02de13437885f28ce2c6ee25/driver12/4284cc1dacd58221baa5a9b9b91a590f/thumb.jpg", "files": [{"id": 83135, "file_type": 1, "size": 9250474, "state": 0, "created": "2019-09-13 08:15:12", "request_until": null, "meta": null, "hash": "4284cc1dacd58221baa5a9b9b91a590f", "url": null}, {"id": 83136, "file_type": 0, "size": 56548, "state": 3, "created": "2019-09-13 08:15:12", "request_until": "2019-10-13 08:15:12", "meta": null, "hash": "60f3d569ee02188f94dc056ff774930b", "url": "https://thor.ansur.no/display/media/83136/driver12/4284cc1dacd58221baa5a9b9b91a590f/preview.jpg"}, {"id": 83137, "file_type": 3, "size": 25892, "state": 3, "created": "2019-09-13 08:15:16", "request_until": null, "meta": "", "hash": "733a3b4c02de13437885f28ce2c6ee25", "url": "https://thor.ansur.no/display/media/83137/driver12/4284cc1dacd58221baa5a9b9b91a590f/thumb.jpg"}, {"id": 83138, "file_type": 11, "size": 54329, "state": 3, "created": "2019-09-13 08:15:17", "request_until": null, "meta": null, "hash": "637496d2a21c751d206bfa2a1e0a8700", "url": "https://thor.ansur.no/display/media/83138/driver12/4284cc1dacd58221baa5a9b9b91a590f/audio_caption_1568362517.7121.m4a"}, {"id": 83139, "file_type": 2, "size": 137324, "state": 3, "created": "2019-09-13 08:15:32", "request_until": "2019-10-13 08:15:32", "meta": {"Region": {"x": 905, "y": 1654, "width": 646, "height": 646, "scale": 1.0, "quality": 90}}, "hash": "6821a334f766a8c201b2f1d621c30fa9", "url": "https://thor.ansur.no/display/media/83139/driver12/4284cc1dacd58221baa5a9b9b91a590f/roi_1491752337.jpg"}]}}]}','null');
insert into aar_service.file (id, name, mimeType, url, record_id) values (164,'record/attachements/4284cc1dacd58221baa5a9b9b91a590f/preview.jpg','null','https://thor.ansur.no/display/media/83136/driver12/4284cc1dacd58221baa5a9b9b91a590f/preview.jpg',1967);
insert into aar_service.file (id, name, mimeType, url, record_id) values (165,'record/attachements/4284cc1dacd58221baa5a9b9b91a590f/thumb.jpg','null','https://thor.ansur.no/display/media/83137/driver12/4284cc1dacd58221baa5a9b9b91a590f/thumb.jpg',1967);
insert into aar_service.file (id, name, mimeType, url, record_id) values (166,'record/attachements/4284cc1dacd58221baa5a9b9b91a590f/audio_caption_1568362517.7121.m4a','null','https://thor.ansur.no/display/media/83138/driver12/4284cc1dacd58221baa5a9b9b91a590f/audio_caption_1568362517.7121.m4a',1967);
insert into aar_service.file (id, name, mimeType, url, record_id) values (167,'record/attachements/4284cc1dacd58221baa5a9b9b91a590f/roi_1491752337.jpg','null','https://thor.ansur.no/display/media/83139/driver12/4284cc1dacd58221baa5a9b9b91a590f/roi_1491752337.jpg',1967);
insert into aar_service.record (id, clientId, sessionId, createDate, trialDate, topic, recordType, headline, msgType, recordJson, recordData) values (1968,'asign_photo','null','2019-09-13 10:16:51.971','2019-09-13 10:16:51.971','photo_geojson','FeatureCollection','Chemical Spill - Danger, Leave now!','Info','{"type": "FeatureCollection", "bbox": null, "features": [{"type": "Feature", "bbox": null, "geometry": {"type": "Point", "coordinates": [14.866658, 47.555958]}, "properties": {"id": 27395, "priority": 1, "viewed": true, "signature": "4141418e428ad01e29be38eb16d6600d", "instant": "2019-09-13 08:15:50", "created": "2019-09-13 08:16:42", "updated": "2019-09-13 08:16:49.190998", "caption": "Hi there a day you can use to voicemail capability here", "interpretation": null, "meta": {"Source": {"filename": "original.jpg", "camera_make": "Apple", "width": 4032, "size": 9551060, "height": 3024, "direction": 4.0, "camera_model": "iPhone X", "field_of_view": null}}, "version": null, "application_id": "6ff1f0c0-fbe4-4bd4-bd52-06083b37e6b9", "seen": "2019-09-13 08:16:49", "started": null, "stopped": null, "location_latitude": 47.555958, "location_longitude": 14.866658, "location_time": "2019-09-13 08:15:46", "location_accuracy": 16.0, "location_altitude": 680.847534, "location_provider": null, "location_speed": null, "location_meta": null, "mission_id": 254, "mission_name": "Chemical Spill - Danger, Leave now!", "thumbnail_hash": "056133975d1739e617eac7c55b5c013f", "preview_hash": "ffafaf0bc085053293a68641cbb06b48", "category_id": null, "category_name": null, "application_device_type": 3, "application_last_login": "2019-09-13 08:12:35.709812", "application_phone": null, "application_last_rate": null, "application_updated": "2019-09-13 08:12:35.709812", "application_created": "2019-09-11 09:22:07.448009", "application_application_type": 4, "application_connection_type": 1, "application_connection_state": 1, "user_name": "driver14", "user_id": 813, "user_username": "driver14", "user_color": "E51717", "user_connection_type": 0, "user_last_login": null, "user_last_rate": null, "observation_url": "https://thor.ansur.no/signs/processing/27395", "observation_type": "photo", "preview_url": "https://thor.ansur.no/display/file/ffafaf0bc085053293a68641cbb06b48/driver14/4141418e428ad01e29be38eb16d6600d/preview.jpg", "preview_with_overlay_url": "https://thor.ansur.no/display/displayWithOverlays/ffafaf0bc085053293a68641cbb06b48/driver14/4141418e428ad01e29be38eb16d6600d/preview.jpg", "thumbnail_url": "https://thor.ansur.no/display/file/056133975d1739e617eac7c55b5c013f/driver14/4141418e428ad01e29be38eb16d6600d/thumb.jpg", "files": [{"id": 83140, "file_type": 1, "size": 9551060, "state": 0, "created": "2019-09-13 08:16:42", "request_until": null, "meta": null, "hash": "4141418e428ad01e29be38eb16d6600d", "url": null}, {"id": 83141, "file_type": 0, "size": 46615, "state": 3, "created": "2019-09-13 08:16:42", "request_until": "2019-10-13 08:16:42", "meta": null, "hash": "ffafaf0bc085053293a68641cbb06b48", "url": "https://thor.ansur.no/display/media/83141/driver14/4141418e428ad01e29be38eb16d6600d/preview.jpg"}, {"id": 83142, "file_type": 3, "size": 14641, "state": 3, "created": "2019-09-13 08:16:45", "request_until": null, "meta": "", "hash": "056133975d1739e617eac7c55b5c013f", "url": "https://thor.ansur.no/display/media/83142/driver14/4141418e428ad01e29be38eb16d6600d/thumb.jpg"}, {"id": 83143, "file_type": 11, "size": 34800, "state": 3, "created": "2019-09-13 08:16:46", "request_until": null, "meta": null, "hash": "a229a045e1eb7f387ac4ca10f09b8d78", "url": "https://thor.ansur.no/display/media/83143/driver14/4141418e428ad01e29be38eb16d6600d/audio_caption_1568362606.4944.m4a"}]}}]}','null');
insert into aar_service.file (id, name, mimeType, url, record_id) values (168,'record/attachements/4141418e428ad01e29be38eb16d6600d/preview.jpg','null','https://thor.ansur.no/display/media/83141/driver14/4141418e428ad01e29be38eb16d6600d/preview.jpg',1968);
insert into aar_service.file (id, name, mimeType, url, record_id) values (169,'record/attachements/4141418e428ad01e29be38eb16d6600d/thumb.jpg','null','https://thor.ansur.no/display/media/83142/driver14/4141418e428ad01e29be38eb16d6600d/thumb.jpg',1968);
insert into aar_service.file (id, name, mimeType, url, record_id) values (170,'record/attachements/4141418e428ad01e29be38eb16d6600d/audio_caption_1568362606.4944.m4a','null','https://thor.ansur.no/display/media/83143/driver14/4141418e428ad01e29be38eb16d6600d/audio_caption_1568362606.4944.m4a',1968);
insert into aar_service.record (id, clientId, sessionId, createDate, trialDate, topic, recordType, headline, msgType, recordJson, recordData) values (1969,'TB-Ost','null','2019-09-13 10:16:57.641','2019-09-13 10:16:57.641','system_observer_tool_answer','ObserverToolAnswer','A new observation was reported by: Block4_Chemical_Spill-viewTerra_Observer','Info','{"trialId": 13, "sessionId": 217, "answerId": 1521, "timeSendUTC": 1568362616, "timeWhen": 1568362617000, "observationTypeName": "Block4_Chemical_Spill-viewTerra_Observer", "observervationTypeId": 1591, "observationTypeDescription": "Can you observe, the S2 is using the information received by the viewterra?", "description": "", "multiplicity": true, "questions": [{"id": 3145, "name": "Can you observe, the S2 is using the information r", "description": "-", "answer": "[Agree]", "comment": "", "typeOfQuestion": "checkbox"}]}','null');
insert into aar_service.record (id, clientId, sessionId, createDate, trialDate, topic, recordType, headline, msgType, recordJson, recordData) values (1970,'asign_photo','null','2019-09-13 10:17:12.032','2019-09-13 10:17:12.032','photo_geojson','FeatureCollection','Chemical Spill - Danger, Leave now!','Info','{"type": "FeatureCollection", "bbox": null, "features": [{"type": "Feature", "bbox": null, "geometry": {"type": "Point", "coordinates": [14.866658, 47.555958]}, "properties": {"id": 27395, "priority": 1, "viewed": true, "signature": "4141418e428ad01e29be38eb16d6600d", "instant": "2019-09-13 08:15:50", "created": "2019-09-13 08:16:42", "updated": "2019-09-13 08:17:08.705951", "caption": "Hi there a day you can use to voicemail capability here", "interpretation": null, "meta": {"Source": {"filename": "original.jpg", "camera_make": "Apple", "width": 4032, "size": 9551060, "height": 3024, "direction": 4.0, "camera_model": "iPhone X", "field_of_view": null}}, "version": null, "application_id": "6ff1f0c0-fbe4-4bd4-bd52-06083b37e6b9", "seen": "2019-09-13 08:16:49", "started": null, "stopped": null, "location_latitude": 47.555958, "location_longitude": 14.866658, "location_time": "2019-09-13 08:15:46", "location_accuracy": 16.0, "location_altitude": 680.847534, "location_provider": null, "location_speed": null, "location_meta": null, "mission_id": 254, "mission_name": "Chemical Spill - Danger, Leave now!", "thumbnail_hash": "056133975d1739e617eac7c55b5c013f", "preview_hash": "ffafaf0bc085053293a68641cbb06b48", "category_id": null, "category_name": null, "application_device_type": 3, "application_last_login": "2019-09-13 08:12:35.709812", "application_phone": null, "application_last_rate": null, "application_updated": "2019-09-13 08:12:35.709812", "application_created": "2019-09-11 09:22:07.448009", "application_application_type": 4, "application_connection_type": 1, "application_connection_state": 1, "user_name": "driver14", "user_id": 813, "user_username": "driver14", "user_color": "E51717", "user_connection_type": 0, "user_last_login": null, "user_last_rate": null, "observation_url": "https://thor.ansur.no/signs/processing/27395", "observation_type": "photo", "preview_url": "https://thor.ansur.no/display/file/ffafaf0bc085053293a68641cbb06b48/driver14/4141418e428ad01e29be38eb16d6600d/preview.jpg", "preview_with_overlay_url": "https://thor.ansur.no/display/displayWithOverlays/ffafaf0bc085053293a68641cbb06b48/driver14/4141418e428ad01e29be38eb16d6600d/preview.jpg", "thumbnail_url": "https://thor.ansur.no/display/file/056133975d1739e617eac7c55b5c013f/driver14/4141418e428ad01e29be38eb16d6600d/thumb.jpg", "files": [{"id": 83140, "file_type": 1, "size": 9551060, "state": 0, "created": "2019-09-13 08:16:42", "request_until": null, "meta": null, "hash": "4141418e428ad01e29be38eb16d6600d", "url": null}, {"id": 83141, "file_type": 0, "size": 46615, "state": 3, "created": "2019-09-13 08:16:42", "request_until": "2019-10-13 08:16:42", "meta": null, "hash": "ffafaf0bc085053293a68641cbb06b48", "url": "https://thor.ansur.no/display/media/83141/driver14/4141418e428ad01e29be38eb16d6600d/preview.jpg"}, {"id": 83142, "file_type": 3, "size": 14641, "state": 3, "created": "2019-09-13 08:16:45", "request_until": null, "meta": "", "hash": "056133975d1739e617eac7c55b5c013f", "url": "https://thor.ansur.no/display/media/83142/driver14/4141418e428ad01e29be38eb16d6600d/thumb.jpg"}, {"id": 83143, "file_type": 11, "size": 34800, "state": 3, "created": "2019-09-13 08:16:46", "request_until": null, "meta": null, "hash": "a229a045e1eb7f387ac4ca10f09b8d78", "url": "https://thor.ansur.no/display/media/83143/driver14/4141418e428ad01e29be38eb16d6600d/audio_caption_1568362606.4944.m4a"}, {"id": 83144, "file_type": 2, "size": null, "state": 0, "created": "2019-09-13 08:17:08", "request_until": "2019-10-13 08:17:08", "meta": {"Region": {"x": 1033, "y": 1594, "width": 352, "height": 341, "scale": 1.0, "quality": 85}}, "hash": null, "url": null}]}}]}','null');
insert into aar_service.file (id, name, mimeType, url, record_id) values (171,'record/attachements/4141418e428ad01e29be38eb16d6600d/preview.jpg','null','https://thor.ansur.no/display/media/83141/driver14/4141418e428ad01e29be38eb16d6600d/preview.jpg',1970);
insert into aar_service.file (id, name, mimeType, url, record_id) values (172,'record/attachements/4141418e428ad01e29be38eb16d6600d/thumb.jpg','null','https://thor.ansur.no/display/media/83142/driver14/4141418e428ad01e29be38eb16d6600d/thumb.jpg',1970);
insert into aar_service.file (id, name, mimeType, url, record_id) values (173,'record/attachements/4141418e428ad01e29be38eb16d6600d/audio_caption_1568362606.4944.m4a','null','https://thor.ansur.no/display/media/83143/driver14/4141418e428ad01e29be38eb16d6600d/audio_caption_1568362606.4944.m4a',1970);
insert into aar_service.record (id, clientId, sessionId, createDate, trialDate, topic, recordType, headline, msgType, recordJson, recordData) values (1994,'TB-Ost','null','2019-09-13 10:31:51.612','2019-09-13 10:31:51.612','system_observer_tool_answer','ObserverToolAnswer','A new observation was reported by: Block4_Chemical_Spill-DLR_Observer','Info','{"trialId": 13, "sessionId": 217, "answerId": 1536, "timeSendUTC": 1568363510, "timeWhen": 1568363512000, "observationTypeName": "Block4_Chemical_Spill-DLR_Observer", "observervationTypeId": 1711, "observationTypeDescription": "The S2-S3 requests aditional maps to the DLR operator.", "description": "", "multiplicity": true, "questions": [{"id": 3030, "name": "The S2-S3 requests aditional maps to the DLR opera", "description": "-", "answer": "[Not applicable]", "comment": "", "typeOfQuestion": "checkbox"}]}','null');
insert into aar_service.record (id, clientId, sessionId, createDate, trialDate, topic, recordType, headline, msgType, recordJson, recordData) values (1971,'TB-Ost','null','2019-09-13 10:17:18.528','2019-09-13 10:17:18.528','system_observer_tool_answer','ObserverToolAnswer','A new observation was reported by: Block4_Chemical_Spill-CrowdTasker_Observer','Info','{"trialId": 13, "sessionId": 217, "answerId": 1522, "timeSendUTC": 1568362637, "timeWhen": 1568362635000, "observationTypeName": "Block4_Chemical_Spill-CrowdTasker_Observer", "observervationTypeId": 1610, "observationTypeDescription": "CrowdTasker and ASIGN can exchange information (i.e., CrowdTasker was able to import the danger zone shape created in ASIGN).", "description": "", "multiplicity": true, "questions": [{"id": 2930, "name": "CrowdTasker and ASIGN can exchange information (i.", "description": "-", "answer": "Strongly agree", "comment": "Worked perfectly", "typeOfQuestion": "radiobutton"}]}','null');
insert into aar_service.record (id, clientId, sessionId, createDate, trialDate, topic, recordType, headline, msgType, recordJson, recordData) values (1972,'asign_photo','null','2019-09-13 10:17:22.107','2019-09-13 10:17:22.107','photo_geojson','FeatureCollection','Chemical Spill - Danger, Leave now!','Info','{"type": "FeatureCollection", "bbox": null, "features": [{"type": "Feature", "bbox": null, "geometry": {"type": "Point", "coordinates": [14.866658, 47.555958]}, "properties": {"id": 27395, "priority": 1, "viewed": true, "signature": "4141418e428ad01e29be38eb16d6600d", "instant": "2019-09-13 08:15:50", "created": "2019-09-13 08:16:42", "updated": "2019-09-13 08:17:12.314525", "caption": "Hi there a day you can use to voicemail capability here", "interpretation": null, "meta": {"Source": {"filename": "original.jpg", "camera_make": "Apple", "width": 4032, "size": 9551060, "height": 3024, "direction": 4.0, "camera_model": "iPhone X", "field_of_view": null}}, "version": null, "application_id": "6ff1f0c0-fbe4-4bd4-bd52-06083b37e6b9", "seen": "2019-09-13 08:16:49", "started": null, "stopped": null, "location_latitude": 47.555958, "location_longitude": 14.866658, "location_time": "2019-09-13 08:15:46", "location_accuracy": 16.0, "location_altitude": 680.847534, "location_provider": null, "location_speed": null, "location_meta": null, "mission_id": 254, "mission_name": "Chemical Spill - Danger, Leave now!", "thumbnail_hash": "056133975d1739e617eac7c55b5c013f", "preview_hash": "ffafaf0bc085053293a68641cbb06b48", "category_id": null, "category_name": null, "application_device_type": 3, "application_last_login": "2019-09-13 08:12:35.709812", "application_phone": null, "application_last_rate": null, "application_updated": "2019-09-13 08:12:35.709812", "application_created": "2019-09-11 09:22:07.448009", "application_application_type": 4, "application_connection_type": 1, "application_connection_state": 1, "user_name": "driver14", "user_id": 813, "user_username": "driver14", "user_color": "E51717", "user_connection_type": 0, "user_last_login": null, "user_last_rate": null, "observation_url": "https://thor.ansur.no/signs/processing/27395", "observation_type": "photo", "preview_url": "https://thor.ansur.no/display/file/ffafaf0bc085053293a68641cbb06b48/driver14/4141418e428ad01e29be38eb16d6600d/preview.jpg", "preview_with_overlay_url": "https://thor.ansur.no/display/displayWithOverlays/ffafaf0bc085053293a68641cbb06b48/driver14/4141418e428ad01e29be38eb16d6600d/preview.jpg", "thumbnail_url": "https://thor.ansur.no/display/file/056133975d1739e617eac7c55b5c013f/driver14/4141418e428ad01e29be38eb16d6600d/thumb.jpg", "files": [{"id": 83140, "file_type": 1, "size": 9551060, "state": 0, "created": "2019-09-13 08:16:42", "request_until": null, "meta": null, "hash": "4141418e428ad01e29be38eb16d6600d", "url": null}, {"id": 83141, "file_type": 0, "size": 46615, "state": 3, "created": "2019-09-13 08:16:42", "request_until": "2019-10-13 08:16:42", "meta": null, "hash": "ffafaf0bc085053293a68641cbb06b48", "url": "https://thor.ansur.no/display/media/83141/driver14/4141418e428ad01e29be38eb16d6600d/preview.jpg"}, {"id": 83142, "file_type": 3, "size": 14641, "state": 3, "created": "2019-09-13 08:16:45", "request_until": null, "meta": "", "hash": "056133975d1739e617eac7c55b5c013f", "url": "https://thor.ansur.no/display/media/83142/driver14/4141418e428ad01e29be38eb16d6600d/thumb.jpg"}, {"id": 83143, "file_type": 11, "size": 34800, "state": 3, "created": "2019-09-13 08:16:46", "request_until": null, "meta": null, "hash": "a229a045e1eb7f387ac4ca10f09b8d78", "url": "https://thor.ansur.no/display/media/83143/driver14/4141418e428ad01e29be38eb16d6600d/audio_caption_1568362606.4944.m4a"}, {"id": 83144, "file_type": 2, "size": 50318, "state": 3, "created": "2019-09-13 08:17:08", "request_until": "2019-10-13 08:17:08", "meta": {"Region": {"x": 1033, "y": 1594, "width": 352, "height": 341, "scale": 1.0, "quality": 85}}, "hash": "ff98cc7062217407939b4594d5723ef2", "url": "https://thor.ansur.no/display/media/83144/driver14/4141418e428ad01e29be38eb16d6600d/roi_2143010267.jpg"}]}}]}','null');
insert into aar_service.file (id, name, mimeType, url, record_id) values (174,'record/attachements/4141418e428ad01e29be38eb16d6600d/preview.jpg','null','https://thor.ansur.no/display/media/83141/driver14/4141418e428ad01e29be38eb16d6600d/preview.jpg',1972);
insert into aar_service.file (id, name, mimeType, url, record_id) values (175,'record/attachements/4141418e428ad01e29be38eb16d6600d/thumb.jpg','null','https://thor.ansur.no/display/media/83142/driver14/4141418e428ad01e29be38eb16d6600d/thumb.jpg',1972);
insert into aar_service.file (id, name, mimeType, url, record_id) values (176,'record/attachements/4141418e428ad01e29be38eb16d6600d/audio_caption_1568362606.4944.m4a','null','https://thor.ansur.no/display/media/83143/driver14/4141418e428ad01e29be38eb16d6600d/audio_caption_1568362606.4944.m4a',1972);
insert into aar_service.file (id, name, mimeType, url, record_id) values (177,'record/attachements/4141418e428ad01e29be38eb16d6600d/roi_2143010267.jpg','null','https://thor.ansur.no/display/media/83144/driver14/4141418e428ad01e29be38eb16d6600d/roi_2143010267.jpg',1972);
insert into aar_service.record (id, clientId, sessionId, createDate, trialDate, topic, recordType, headline, msgType, recordJson, recordData) values (1973,'asign_photo','null','2019-09-13 10:17:57.167','2019-09-13 10:17:57.167','photo_geojson','FeatureCollection','Chemical Spill - Danger, Leave now!','Info','{"type": "FeatureCollection", "bbox": null, "features": [{"type": "Feature", "bbox": null, "geometry": {"type": "Point", "coordinates": [14.867219, 47.555561]}, "properties": {"id": 27394, "priority": 1, "viewed": true, "signature": "4284cc1dacd58221baa5a9b9b91a590f", "instant": "2019-09-13 08:13:58", "created": "2019-09-13 08:15:12", "updated": "2019-09-13 08:17:47.06526", "caption": "Also liquid spill on the road", "interpretation": null, "meta": {"Source": {"filename": "original.jpg", "camera_make": "Apple", "width": 3024, "size": 9250474, "height": 4032, "direction": 28.0, "camera_model": "iPhone 6s Plus", "field_of_view": null}}, "version": null, "application_id": "a7fae54e-a7fd-4e11-8008-7f2f1a8207ca", "seen": "2019-09-13 08:15:19", "started": null, "stopped": null, "location_latitude": 47.555561, "location_longitude": 14.867219, "location_time": "2019-09-13 08:13:44", "location_accuracy": 5.0, "location_altitude": 684.87085, "location_provider": null, "location_speed": null, "location_meta": null, "mission_id": 254, "mission_name": "Chemical Spill - Danger, Leave now!", "thumbnail_hash": "733a3b4c02de13437885f28ce2c6ee25", "preview_hash": "60f3d569ee02188f94dc056ff774930b", "category_id": null, "category_name": null, "application_device_type": 3, "application_last_login": "2019-09-13 08:07:58.434896", "application_phone": null, "application_last_rate": null, "application_updated": "2019-09-13 08:07:58.434896", "application_created": "2019-09-11 08:58:00.323881", "application_application_type": 4, "application_connection_type": 1, "application_connection_state": 1, "user_name": "driver12", "user_id": 811, "user_username": "driver12", "user_color": "FFFFFF", "user_connection_type": 0, "user_last_login": null, "user_last_rate": null, "observation_url": "https://thor.ansur.no/signs/processing/27394", "observation_type": "photo", "preview_url": "https://thor.ansur.no/display/file/60f3d569ee02188f94dc056ff774930b/driver12/4284cc1dacd58221baa5a9b9b91a590f/preview.jpg", "preview_with_overlay_url": "https://thor.ansur.no/display/displayWithOverlays/60f3d569ee02188f94dc056ff774930b/driver12/4284cc1dacd58221baa5a9b9b91a590f/preview.jpg", "thumbnail_url": "https://thor.ansur.no/display/file/733a3b4c02de13437885f28ce2c6ee25/driver12/4284cc1dacd58221baa5a9b9b91a590f/thumb.jpg", "files": [{"id": 83135, "file_type": 1, "size": 9250474, "state": 0, "created": "2019-09-13 08:15:12", "request_until": null, "meta": null, "hash": "4284cc1dacd58221baa5a9b9b91a590f", "url": null}, {"id": 83136, "file_type": 0, "size": 56548, "state": 3, "created": "2019-09-13 08:15:12", "request_until": "2019-10-13 08:15:12", "meta": null, "hash": "60f3d569ee02188f94dc056ff774930b", "url": "https://thor.ansur.no/display/media/83136/driver12/4284cc1dacd58221baa5a9b9b91a590f/preview.jpg"}, {"id": 83137, "file_type": 3, "size": 25892, "state": 3, "created": "2019-09-13 08:15:16", "request_until": null, "meta": "", "hash": "733a3b4c02de13437885f28ce2c6ee25", "url": "https://thor.ansur.no/display/media/83137/driver12/4284cc1dacd58221baa5a9b9b91a590f/thumb.jpg"}, {"id": 83138, "file_type": 11, "size": 54329, "state": 3, "created": "2019-09-13 08:15:17", "request_until": null, "meta": null, "hash": "637496d2a21c751d206bfa2a1e0a8700", "url": "https://thor.ansur.no/display/media/83138/driver12/4284cc1dacd58221baa5a9b9b91a590f/audio_caption_1568362517.7121.m4a"}, {"id": 83139, "file_type": 2, "size": 137324, "state": 3, "created": "2019-09-13 08:15:32", "request_until": "2019-10-13 08:15:32", "meta": {"Region": {"x": 905, "y": 1654, "width": 646, "height": 646, "scale": 1.0, "quality": 90}}, "hash": "6821a334f766a8c201b2f1d621c30fa9", "url": "https://thor.ansur.no/display/media/83139/driver12/4284cc1dacd58221baa5a9b9b91a590f/roi_1491752337.jpg"}, {"id": 83145, "file_type": 2, "size": 32572, "state": 3, "created": "2019-09-13 08:17:45", "request_until": "2019-10-13 08:17:45", "meta": {"Region": {"x": 1015, "y": 1732, "width": 342, "height": 362, "scale": 1.0, "quality": 90}}, "hash": "3afe912e677a5f5f9b928abd870a773a", "url": "https://thor.ansur.no/display/media/83145/driver12/4284cc1dacd58221baa5a9b9b91a590f/roi_282407869.jpg"}]}}]}','null');
insert into aar_service.file (id, name, mimeType, url, record_id) values (178,'record/attachements/4284cc1dacd58221baa5a9b9b91a590f/preview.jpg','null','https://thor.ansur.no/display/media/83136/driver12/4284cc1dacd58221baa5a9b9b91a590f/preview.jpg',1973);
insert into aar_service.file (id, name, mimeType, url, record_id) values (179,'record/attachements/4284cc1dacd58221baa5a9b9b91a590f/thumb.jpg','null','https://thor.ansur.no/display/media/83137/driver12/4284cc1dacd58221baa5a9b9b91a590f/thumb.jpg',1973);
insert into aar_service.file (id, name, mimeType, url, record_id) values (180,'record/attachements/4284cc1dacd58221baa5a9b9b91a590f/audio_caption_1568362517.7121.m4a','null','https://thor.ansur.no/display/media/83138/driver12/4284cc1dacd58221baa5a9b9b91a590f/audio_caption_1568362517.7121.m4a',1973);
insert into aar_service.file (id, name, mimeType, url, record_id) values (181,'record/attachements/4284cc1dacd58221baa5a9b9b91a590f/roi_1491752337.jpg','null','https://thor.ansur.no/display/media/83139/driver12/4284cc1dacd58221baa5a9b9b91a590f/roi_1491752337.jpg',1973);
insert into aar_service.file (id, name, mimeType, url, record_id) values (182,'record/attachements/4284cc1dacd58221baa5a9b9b91a590f/roi_282407869.jpg','null','https://thor.ansur.no/display/media/83145/driver12/4284cc1dacd58221baa5a9b9b91a590f/roi_282407869.jpg',1973);
insert into aar_service.record (id, clientId, sessionId, createDate, trialDate, topic, recordType, headline, msgType, recordJson, recordData) values (1974,'TB-Ost','null','2019-09-13 10:20:21.748','2019-09-13 10:20:21.748','system_observer_tool_answer','ObserverToolAnswer','A new observation was reported by: Block4_Chemical_Spill-CrowdTasker_Observer','Info','{"trialId": 13, "sessionId": 217, "answerId": 1523, "timeSendUTC": 1568362820, "timeWhen": 1568362818000, "observationTypeName": "Block4_Chemical_Spill-CrowdTasker_Observer", "observervationTypeId": 1611, "observationTypeDescription": "CrowdTasker was able to publish a warning for the danger zone that was defined in ASIGN.", "description": "", "multiplicity": true, "questions": [{"id": 2926, "name": "CrowdTasker was able to publish a warning for the ", "description": "-", "answer": "Strongly agree", "comment": "Worked also perfectly, but that was shown also yesterday. So nothing new", "typeOfQuestion": "radiobutton"}]}','null');
insert into aar_service.record (id, clientId, sessionId, createDate, trialDate, topic, recordType, headline, msgType, recordJson, recordData) values (1975,'airborne','null','2019-09-13 10:20:33.395','2019-09-13 10:20:33.395','large_data_update','LargeDataUpdate','New LargeFile available: Chemical_Spill','Info','{"url": "ftp://f_argos:Vabene01@plapperkaefer/ftp/mosaike/Flug2_20190911_101915_15cm_489000_5268000.tif", "title": "Chemical_Spill", "description": "47.565324,14.853762,47.551851,14.873736", "dataType": "image_geotiff"}','null');
insert into aar_service.file (id, name, mimeType, url, record_id) values (183,'record/attachements/Flug2_20190911_101915_15cm_489000_5268000.tif','image_geotiff','ftp://f_argos:Vabene01@plapperkaefer/ftp/mosaike/Flug2_20190911_101915_15cm_489000_5268000.tif',1975);
insert into aar_service.record (id, clientId, sessionId, createDate, trialDate, topic, recordType, headline, msgType, recordJson, recordData) values (1976,'TB-GeoServer','null','2019-09-13 10:20:50.799','2019-09-13 10:20:50.799','map_layer_update','MapLayerUpdate','Flug2_20190911_101915_15cm_489000_526800, CREATE','Info','{"url": "http://192.168.178.93:8180/geoserver/driver/wms", "title": "Flug2_20190911_101915_15cm_489000_526800", "description": "47.565324,14.853762,47.551851,14.873736", "username": null, "password": null, "updateType": "CREATE", "layerType": "WMS"}','null');
insert into aar_service.record (id, clientId, sessionId, createDate, trialDate, topic, recordType, headline, msgType, recordJson, recordData) values (1977,'TB-Ost','null','2019-09-13 10:20:54.502','2019-09-13 10:20:54.502','system_observer_tool_answer','ObserverToolAnswer','A new observation was reported by: Block4_Chemical_Spill-ASIGN_Observer','Info','{"trialId": 13, "sessionId": 217, "answerId": 1524, "timeSendUTC": 1568362853, "timeWhen": 1568362853000, "observationTypeName": "Block4_Chemical_Spill-ASIGN_Observer", "observervationTypeId": 1648, "observationTypeDescription": "Was ASIGN able to send out a \u201Cdo not enter! Leave now!\u201D alarm to responders?", "description": "", "multiplicity": true, "questions": [{"id": 2857, "name": "Was ASIGN able to send out a \u201Cdo not enter! Leave ", "description": "-", "answer": "Strongly agree", "comment": "", "typeOfQuestion": "radiobutton"}]}','null');
insert into aar_service.record (id, clientId, sessionId, createDate, trialDate, topic, recordType, headline, msgType, recordJson, recordData) values (1978,'TB-Ost','null','2019-09-13 10:21:08.543','2019-09-13 10:21:08.543','system_observer_tool_answer','ObserverToolAnswer','A new observation was reported by: Block4_Chemical_Spill-ASIGN_Observer','Info','{"trialId": 13, "sessionId": 217, "answerId": 1525, "timeSendUTC": 1568362867, "timeWhen": 1568362867000, "observationTypeName": "Block4_Chemical_Spill-ASIGN_Observer", "observervationTypeId": 1647, "observationTypeDescription": "WasASIGN operatorable to draw danger zone polygones?", "description": "", "multiplicity": true, "questions": [{"id": 2856, "name": "WasASIGN operatorable to draw danger zone polygo", "description": "-", "answer": "Strongly agree", "comment": "", "typeOfQuestion": "radiobutton"}]}','null');
insert into aar_service.record (id, clientId, sessionId, createDate, trialDate, topic, recordType, headline, msgType, recordJson, recordData) values (1979,'CrowdTaskerProducer','null','2019-09-13 10:21:19.583','2019-09-13 10:21:19.583','crowd-tasker_info','FeatureCollection','Crowdtasker Task Report','Info','{"type": "FeatureCollection", "bbox": null, "features": [{"type": "Feature", "bbox": null, "geometry": {"type": "Polygon", "coordinates": [[[14.871368, 47.579296], [14.828796, 47.532459], [14.881668, 47.508794], [14.939346, 47.524572], [14.967499, 47.586712], [14.871368, 47.579296]]]}, "properties": {"name": "Crowdtasker Task Report", "GUID": "e47a341e685d143", "description": "Incident Report", "title": "Damaged Building in Eisenerz", "type": "VOLUNTEER_REPORT", "content": "A Damaged Building in Eisenerz."}}, {"type": "Feature", "bbox": null, "geometry": {"type": "Point", "coordinates": [14.8848908, 47.5425814]}, "properties": {"image_ref": "https://crowdtasker.ait.ac.at/api/v3/cta/attachments/atbdfee66204e843"}}]}','null');
insert into aar_service.file (id, name, mimeType, url, record_id) values (184,'record/attachements/atbdfee66204e843','null','https://crowdtasker.ait.ac.at/api/v3/cta/attachments/atbdfee66204e843',1979);
insert into aar_service.record (id, clientId, sessionId, createDate, trialDate, topic, recordType, headline, msgType, recordJson, recordData) values (1980,'TB-Ost','null','2019-09-13 10:21:50.112','2019-09-13 10:21:50.112','system_observer_tool_answer','ObserverToolAnswer','A new observation was reported by: Block4_Chemical_Spill-CrowdTasker_Observer','Info','{"trialId": 13, "sessionId": 217, "answerId": 1526, "timeSendUTC": 1568362908, "timeWhen": 1568362907000, "observationTypeName": "Block4_Chemical_Spill-CrowdTasker_Observer", "observervationTypeId": 1612, "observationTypeDescription": "The S2 creates a report for the EL (head of operations), based on the information provided by Crowdtasker.", "description": "", "multiplicity": true, "questions": [{"id": 2929, "name": "The S2 creates a report for the EL (head of operat", "description": "-", "answer": "[Agree]", "comment": "Information was very useful according to S2", "typeOfQuestion": "checkbox"}]}','null');
insert into aar_service.record (id, clientId, sessionId, createDate, trialDate, topic, recordType, headline, msgType, recordJson, recordData) values (1981,'TB-Ost','null','2019-09-13 10:23:53.65','2019-09-13 10:23:53.65','system_observer_tool_answer','ObserverToolAnswer','A new observation was reported by: Block4_Chemical_Spill-CrowdTasker_Observer','Info','{"trialId": 13, "sessionId": 217, "answerId": 1527, "timeSendUTC": 1568363032, "timeWhen": 1568363030000, "observationTypeName": "Block4_Chemical_Spill-CrowdTasker_Observer", "observervationTypeId": 1615, "observationTypeDescription": "The S2 operator asks the Crowdtasker operator to task volunteers with additional assignments.", "description": "", "multiplicity": true, "questions": [{"id": 2923, "name": "The S2 operator asks the Crowdtasker operator to t", "description": "-", "answer": "[Agree]", "comment": "Yes spontaneously new tasks were defined", "typeOfQuestion": "checkbox"}]}','null');
insert into aar_service.record (id, clientId, sessionId, createDate, trialDate, topic, recordType, headline, msgType, recordJson, recordData) values (1982,'TB-Ost','null','2019-09-13 10:24:23.64','2019-09-13 10:24:23.64','system_observer_tool_answer','ObserverToolAnswer','A new observation was reported by: Block4_Chemical_Spill-CrowdTasker_Observer','Info','{"trialId": 13, "sessionId": 217, "answerId": 1528, "timeSendUTC": 1568363062, "timeWhen": 1568363060000, "observationTypeName": "Block4_Chemical_Spill-CrowdTasker_Observer", "observervationTypeId": 1616, "observationTypeDescription": "Can you observe, the S2 is using the information received by crowdtasker.", "description": "", "multiplicity": true, "questions": [{"id": 2922, "name": "Can you observe, the S2 is using the information r", "description": "-", "answer": "[Agree]", "comment": "Yes, information was very useful", "typeOfQuestion": "checkbox"}]}','null');
insert into aar_service.record (id, clientId, sessionId, createDate, trialDate, topic, recordType, headline, msgType, recordJson, recordData) values (1983,'asign_photo','null','2019-09-13 10:24:57.286','2019-09-13 10:24:57.286','photo_geojson','FeatureCollection','Chemical Spill - Danger, Leave now!','Info','{"type": "FeatureCollection", "bbox": null, "features": [{"type": "Feature", "bbox": null, "geometry": {"type": "Point", "coordinates": [14.866053, 47.556713]}, "properties": {"id": 27398, "priority": 2, "viewed": false, "signature": "aa9f1df7ff38f2942ae7013569770901", "instant": "2019-09-13 08:23:59", "created": "2019-09-13 08:24:44", "updated": "2019-09-13 08:24:48.06369", "caption": "The center of the danger zone is in the middle of the picture", "interpretation": null, "meta": {"Source": {"filename": "original.jpg", "camera_make": "Apple", "width": 3024, "size": 9191706, "height": 4032, "direction": 146.0, "camera_model": "iPhone 6s Plus", "field_of_view": null}}, "version": null, "application_id": "a7fae54e-a7fd-4e11-8008-7f2f1a8207ca", "seen": null, "started": null, "stopped": null, "location_latitude": 47.556713, "location_longitude": 14.866053, "location_time": "2019-09-13 08:23:55", "location_accuracy": 5.0, "location_altitude": 687.809326, "location_provider": null, "location_speed": null, "location_meta": null, "mission_id": 254, "mission_name": "Chemical Spill - Danger, Leave now!", "thumbnail_hash": "7dae72c2da60fd1932fb4a66b208aa08", "preview_hash": "4192ea8fe82a27e403fd5ab59a8effed", "category_id": null, "category_name": null, "application_device_type": 3, "application_last_login": "2019-09-13 08:07:58.434896", "application_phone": null, "application_last_rate": null, "application_updated": "2019-09-13 08:07:58.434896", "application_created": "2019-09-11 08:58:00.323881", "application_application_type": 4, "application_connection_type": 1, "application_connection_state": 1, "user_name": "driver12", "user_id": 811, "user_username": "driver12", "user_color": "FFFFFF", "user_connection_type": 0, "user_last_login": null, "user_last_rate": null, "observation_url": "https://thor.ansur.no/signs/processing/27398", "observation_type": "photo", "preview_url": "https://thor.ansur.no/display/file/4192ea8fe82a27e403fd5ab59a8effed/driver12/aa9f1df7ff38f2942ae7013569770901/preview.jpg", "preview_with_overlay_url": "https://thor.ansur.no/display/displayWithOverlays/4192ea8fe82a27e403fd5ab59a8effed/driver12/aa9f1df7ff38f2942ae7013569770901/preview.jpg", "thumbnail_url": "https://thor.ansur.no/display/file/7dae72c2da60fd1932fb4a66b208aa08/driver12/aa9f1df7ff38f2942ae7013569770901/thumb.jpg", "files": [{"id": 83155, "file_type": 1, "size": 9191706, "state": 0, "created": "2019-09-13 08:24:44", "request_until": null, "meta": null, "hash": "aa9f1df7ff38f2942ae7013569770901", "url": null}, {"id": 83156, "file_type": 0, "size": 45858, "state": 3, "created": "2019-09-13 08:24:44", "request_until": "2019-10-13 08:24:44", "meta": null, "hash": "4192ea8fe82a27e403fd5ab59a8effed", "url": "https://thor.ansur.no/display/media/83156/driver12/aa9f1df7ff38f2942ae7013569770901/preview.jpg"}, {"id": 83157, "file_type": 3, "size": 20653, "state": 3, "created": "2019-09-13 08:24:48", "request_until": null, "meta": "", "hash": "7dae72c2da60fd1932fb4a66b208aa08", "url": "https://thor.ansur.no/display/media/83157/driver12/aa9f1df7ff38f2942ae7013569770901/thumb.jpg"}]}}]}','null');
insert into aar_service.file (id, name, mimeType, url, record_id) values (185,'record/attachements/aa9f1df7ff38f2942ae7013569770901/preview.jpg','null','https://thor.ansur.no/display/media/83156/driver12/aa9f1df7ff38f2942ae7013569770901/preview.jpg',1983);
insert into aar_service.file (id, name, mimeType, url, record_id) values (186,'record/attachements/aa9f1df7ff38f2942ae7013569770901/thumb.jpg','null','https://thor.ansur.no/display/media/83157/driver12/aa9f1df7ff38f2942ae7013569770901/thumb.jpg',1983);
insert into aar_service.record (id, clientId, sessionId, createDate, trialDate, topic, recordType, headline, msgType, recordJson, recordData) values (1984,'TB-Ost','null','2019-09-13 10:26:27.684','2019-09-13 10:26:27.684','system_observer_tool_answer','ObserverToolAnswer','A new observation was reported by: Block4_Chemical_Spill-ASIGN_Observer','Info','{"trialId": 13, "sessionId": 217, "answerId": 1529, "timeSendUTC": 1568363186, "timeWhen": 1568363187000, "observationTypeName": "Block4_Chemical_Spill-ASIGN_Observer", "observervationTypeId": 1646, "observationTypeDescription": "Was ASIGN able to recieve a request for a \u201Cnot safe\u201D zone?", "description": "", "multiplicity": true, "questions": [{"id": 2854, "name": "Was ASIGN able to recieve a request for a \u201Cnot saf", "description": "-", "answer": "Agree", "comment": "It can gets voice massages and pictures directly from responders", "typeOfQuestion": "radiobutton"}]}','null');
insert into aar_service.record (id, clientId, sessionId, createDate, trialDate, topic, recordType, headline, msgType, recordJson, recordData) values (1985,'asign_photo','null','2019-09-13 10:26:42.366','2019-09-13 10:26:42.366','photo_geojson','FeatureCollection','Chemical Spill - Danger, Leave now!','Info','{"type": "FeatureCollection", "bbox": null, "features": [{"type": "Feature", "bbox": null, "geometry": {"type": "Point", "coordinates": [14.866053, 47.556713]}, "properties": {"id": 27398, "priority": 2, "viewed": true, "signature": "aa9f1df7ff38f2942ae7013569770901", "instant": "2019-09-13 08:23:59", "created": "2019-09-13 08:24:44", "updated": "2019-09-13 08:26:29.268906", "caption": "The center of the danger zone is in the middle of the picture", "interpretation": null, "meta": {"Source": {"filename": "original.jpg", "camera_make": "Apple", "width": 3024, "size": 9191706, "height": 4032, "direction": 146.0, "camera_model": "iPhone 6s Plus", "field_of_view": null}}, "version": null, "application_id": "a7fae54e-a7fd-4e11-8008-7f2f1a8207ca", "seen": "2019-09-13 08:26:29", "started": null, "stopped": null, "location_latitude": 47.556713, "location_longitude": 14.866053, "location_time": "2019-09-13 08:23:55", "location_accuracy": 5.0, "location_altitude": 687.809326, "location_provider": null, "location_speed": null, "location_meta": null, "mission_id": 254, "mission_name": "Chemical Spill - Danger, Leave now!", "thumbnail_hash": "7dae72c2da60fd1932fb4a66b208aa08", "preview_hash": "4192ea8fe82a27e403fd5ab59a8effed", "category_id": null, "category_name": null, "application_device_type": 3, "application_last_login": "2019-09-13 08:07:58.434896", "application_phone": null, "application_last_rate": null, "application_updated": "2019-09-13 08:07:58.434896", "application_created": "2019-09-11 08:58:00.323881", "application_application_type": 4, "application_connection_type": 1, "application_connection_state": 1, "user_name": "driver12", "user_id": 811, "user_username": "driver12", "user_color": "FFFFFF", "user_connection_type": 0, "user_last_login": null, "user_last_rate": null, "observation_url": "https://thor.ansur.no/signs/processing/27398", "observation_type": "photo", "preview_url": "https://thor.ansur.no/display/file/4192ea8fe82a27e403fd5ab59a8effed/driver12/aa9f1df7ff38f2942ae7013569770901/preview.jpg", "preview_with_overlay_url": "https://thor.ansur.no/display/displayWithOverlays/4192ea8fe82a27e403fd5ab59a8effed/driver12/aa9f1df7ff38f2942ae7013569770901/preview.jpg", "thumbnail_url": "https://thor.ansur.no/display/file/7dae72c2da60fd1932fb4a66b208aa08/driver12/aa9f1df7ff38f2942ae7013569770901/thumb.jpg", "files": [{"id": 83155, "file_type": 1, "size": 9191706, "state": 0, "created": "2019-09-13 08:24:44", "request_until": null, "meta": null, "hash": "aa9f1df7ff38f2942ae7013569770901", "url": null}, {"id": 83156, "file_type": 0, "size": 45858, "state": 3, "created": "2019-09-13 08:24:44", "request_until": "2019-10-13 08:24:44", "meta": null, "hash": "4192ea8fe82a27e403fd5ab59a8effed", "url": "https://thor.ansur.no/display/media/83156/driver12/aa9f1df7ff38f2942ae7013569770901/preview.jpg"}, {"id": 83157, "file_type": 3, "size": 20653, "state": 3, "created": "2019-09-13 08:24:48", "request_until": null, "meta": "", "hash": "7dae72c2da60fd1932fb4a66b208aa08", "url": "https://thor.ansur.no/display/media/83157/driver12/aa9f1df7ff38f2942ae7013569770901/thumb.jpg"}]}}]}','null');
insert into aar_service.file (id, name, mimeType, url, record_id) values (187,'record/attachements/aa9f1df7ff38f2942ae7013569770901/preview.jpg','null','https://thor.ansur.no/display/media/83156/driver12/aa9f1df7ff38f2942ae7013569770901/preview.jpg',1985);
insert into aar_service.file (id, name, mimeType, url, record_id) values (188,'record/attachements/aa9f1df7ff38f2942ae7013569770901/thumb.jpg','null','https://thor.ansur.no/display/media/83157/driver12/aa9f1df7ff38f2942ae7013569770901/thumb.jpg',1985);
insert into aar_service.record (id, clientId, sessionId, createDate, trialDate, topic, recordType, headline, msgType, recordJson, recordData) values (1993,'TB-Ost','null','2019-09-13 10:31:27.042','2019-09-13 10:31:27.042','system_observer_tool_answer','ObserverToolAnswer','A new observation was reported by: Block4_Chemical_Spill-DLR_Observer','Info','{"trialId": 13, "sessionId": 217, "answerId": 1535, "timeSendUTC": 1568363485, "timeWhen": 1568363487000, "observationTypeName": "Block4_Chemical_Spill-DLR_Observer", "observervationTypeId": 1709, "observationTypeDescription": "The S2 - S3 creates a report for the EL (head of operations) (head of operations, based on the information provided by DLR.", "description": "", "multiplicity": true, "questions": [{"id": 3032, "name": "The S2 - S3 creates a report for the EL (head of o", "description": "-", "answer": "[Agree]", "comment": "", "typeOfQuestion": "checkbox"}]}','null');
insert into aar_service.record (id, clientId, sessionId, createDate, trialDate, topic, recordType, headline, msgType, recordJson, recordData) values (1986,'asign_photo','null','2019-09-13 10:27:02.43','2019-09-13 10:27:02.43','photo_geojson','FeatureCollection','Chemical Spill - Danger, Leave now!','Info','{"type": "FeatureCollection", "bbox": null, "features": [{"type": "Feature", "bbox": null, "geometry": {"type": "Point", "coordinates": [14.866053, 47.556713]}, "properties": {"id": 27398, "priority": 2, "viewed": true, "signature": "aa9f1df7ff38f2942ae7013569770901", "instant": "2019-09-13 08:23:59", "created": "2019-09-13 08:24:44", "updated": "2019-09-13 08:26:57.653697", "caption": "The center of the danger zone is in the middle of the picture", "interpretation": null, "meta": {"Source": {"filename": "original.jpg", "camera_make": "Apple", "width": 3024, "size": 9191706, "height": 4032, "direction": 146.0, "camera_model": "iPhone 6s Plus", "field_of_view": null}}, "version": null, "application_id": "a7fae54e-a7fd-4e11-8008-7f2f1a8207ca", "seen": "2019-09-13 08:26:29", "started": null, "stopped": null, "location_latitude": 47.556713, "location_longitude": 14.866053, "location_time": "2019-09-13 08:23:55", "location_accuracy": 5.0, "location_altitude": 687.809326, "location_provider": null, "location_speed": null, "location_meta": null, "mission_id": 254, "mission_name": "Chemical Spill - Danger, Leave now!", "thumbnail_hash": "7dae72c2da60fd1932fb4a66b208aa08", "preview_hash": "4192ea8fe82a27e403fd5ab59a8effed", "category_id": null, "category_name": null, "application_device_type": 3, "application_last_login": "2019-09-13 08:07:58.434896", "application_phone": null, "application_last_rate": null, "application_updated": "2019-09-13 08:07:58.434896", "application_created": "2019-09-11 08:58:00.323881", "application_application_type": 4, "application_connection_type": 1, "application_connection_state": 1, "user_name": "driver12", "user_id": 811, "user_username": "driver12", "user_color": "FFFFFF", "user_connection_type": 0, "user_last_login": null, "user_last_rate": null, "observation_url": "https://thor.ansur.no/signs/processing/27398", "observation_type": "photo", "preview_url": "https://thor.ansur.no/display/file/4192ea8fe82a27e403fd5ab59a8effed/driver12/aa9f1df7ff38f2942ae7013569770901/preview.jpg", "preview_with_overlay_url": "https://thor.ansur.no/display/displayWithOverlays/4192ea8fe82a27e403fd5ab59a8effed/driver12/aa9f1df7ff38f2942ae7013569770901/preview.jpg", "thumbnail_url": "https://thor.ansur.no/display/file/7dae72c2da60fd1932fb4a66b208aa08/driver12/aa9f1df7ff38f2942ae7013569770901/thumb.jpg", "files": [{"id": 83155, "file_type": 1, "size": 9191706, "state": 0, "created": "2019-09-13 08:24:44", "request_until": null, "meta": null, "hash": "aa9f1df7ff38f2942ae7013569770901", "url": null}, {"id": 83156, "file_type": 0, "size": 45858, "state": 3, "created": "2019-09-13 08:24:44", "request_until": "2019-10-13 08:24:44", "meta": null, "hash": "4192ea8fe82a27e403fd5ab59a8effed", "url": "https://thor.ansur.no/display/media/83156/driver12/aa9f1df7ff38f2942ae7013569770901/preview.jpg"}, {"id": 83157, "file_type": 3, "size": 20653, "state": 3, "created": "2019-09-13 08:24:48", "request_until": null, "meta": "", "hash": "7dae72c2da60fd1932fb4a66b208aa08", "url": "https://thor.ansur.no/display/media/83157/driver12/aa9f1df7ff38f2942ae7013569770901/thumb.jpg"}, {"id": 83158, "file_type": 2, "size": 106723, "state": 3, "created": "2019-09-13 08:26:57", "request_until": "2019-10-13 08:26:57", "meta": {"Region": {"x": 1279, "y": 1189, "width": 646, "height": 646, "scale": 1.0, "quality": 90}}, "hash": "ef43108d4bd502038be21367eef6d639", "url": "https://thor.ansur.no/display/media/83158/driver12/aa9f1df7ff38f2942ae7013569770901/roi_1232704647.jpg"}]}}]}','null');
insert into aar_service.file (id, name, mimeType, url, record_id) values (189,'record/attachements/aa9f1df7ff38f2942ae7013569770901/preview.jpg','null','https://thor.ansur.no/display/media/83156/driver12/aa9f1df7ff38f2942ae7013569770901/preview.jpg',1986);
insert into aar_service.file (id, name, mimeType, url, record_id) values (190,'record/attachements/aa9f1df7ff38f2942ae7013569770901/thumb.jpg','null','https://thor.ansur.no/display/media/83157/driver12/aa9f1df7ff38f2942ae7013569770901/thumb.jpg',1986);
insert into aar_service.file (id, name, mimeType, url, record_id) values (191,'record/attachements/aa9f1df7ff38f2942ae7013569770901/roi_1232704647.jpg','null','https://thor.ansur.no/display/media/83158/driver12/aa9f1df7ff38f2942ae7013569770901/roi_1232704647.jpg',1986);
insert into aar_service.record (id, clientId, sessionId, createDate, trialDate, topic, recordType, headline, msgType, recordJson, recordData) values (1987,'asign_photo','null','2019-09-13 10:27:12.498','2019-09-13 10:27:12.498','photo_geojson','FeatureCollection','Chemical Spill - Danger, Leave now!','Info','{"type": "FeatureCollection", "bbox": null, "features": [{"type": "Feature", "bbox": null, "geometry": {"type": "Point", "coordinates": [14.866053, 47.556713]}, "properties": {"id": 27398, "priority": 2, "viewed": true, "signature": "aa9f1df7ff38f2942ae7013569770901", "instant": "2019-09-13 08:23:59", "created": "2019-09-13 08:24:44", "updated": "2019-09-13 08:26:58.609399", "caption": "The center of the danger zone is in the middle of the picture", "interpretation": null, "meta": {"Source": {"filename": "original.jpg", "camera_make": "Apple", "width": 3024, "size": 9191706, "height": 4032, "direction": 146.0, "camera_model": "iPhone 6s Plus", "field_of_view": null}}, "version": null, "application_id": "a7fae54e-a7fd-4e11-8008-7f2f1a8207ca", "seen": "2019-09-13 08:26:29", "started": null, "stopped": null, "location_latitude": 47.556713, "location_longitude": 14.866053, "location_time": "2019-09-13 08:23:55", "location_accuracy": 5.0, "location_altitude": 687.809326, "location_provider": null, "location_speed": null, "location_meta": null, "mission_id": 254, "mission_name": "Chemical Spill - Danger, Leave now!", "thumbnail_hash": "7dae72c2da60fd1932fb4a66b208aa08", "preview_hash": "4192ea8fe82a27e403fd5ab59a8effed", "category_id": null, "category_name": null, "application_device_type": 3, "application_last_login": "2019-09-13 08:07:58.434896", "application_phone": null, "application_last_rate": null, "application_updated": "2019-09-13 08:07:58.434896", "application_created": "2019-09-11 08:58:00.323881", "application_application_type": 4, "application_connection_type": 1, "application_connection_state": 1, "user_name": "driver12", "user_id": 811, "user_username": "driver12", "user_color": "FFFFFF", "user_connection_type": 0, "user_last_login": null, "user_last_rate": null, "observation_url": "https://thor.ansur.no/signs/processing/27398", "observation_type": "photo", "preview_url": "https://thor.ansur.no/display/file/4192ea8fe82a27e403fd5ab59a8effed/driver12/aa9f1df7ff38f2942ae7013569770901/preview.jpg", "preview_with_overlay_url": "https://thor.ansur.no/display/displayWithOverlays/4192ea8fe82a27e403fd5ab59a8effed/driver12/aa9f1df7ff38f2942ae7013569770901/preview.jpg", "thumbnail_url": "https://thor.ansur.no/display/file/7dae72c2da60fd1932fb4a66b208aa08/driver12/aa9f1df7ff38f2942ae7013569770901/thumb.jpg", "files": [{"id": 83155, "file_type": 1, "size": 9191706, "state": 0, "created": "2019-09-13 08:24:44", "request_until": null, "meta": null, "hash": "aa9f1df7ff38f2942ae7013569770901", "url": null}, {"id": 83156, "file_type": 0, "size": 45858, "state": 3, "created": "2019-09-13 08:24:44", "request_until": "2019-10-13 08:24:44", "meta": null, "hash": "4192ea8fe82a27e403fd5ab59a8effed", "url": "https://thor.ansur.no/display/media/83156/driver12/aa9f1df7ff38f2942ae7013569770901/preview.jpg"}, {"id": 83157, "file_type": 3, "size": 20653, "state": 3, "created": "2019-09-13 08:24:48", "request_until": null, "meta": "", "hash": "7dae72c2da60fd1932fb4a66b208aa08", "url": "https://thor.ansur.no/display/media/83157/driver12/aa9f1df7ff38f2942ae7013569770901/thumb.jpg"}, {"id": 83158, "file_type": 2, "size": 106723, "state": 3, "created": "2019-09-13 08:26:57", "request_until": "2019-10-13 08:26:57", "meta": {"Region": {"x": 1279, "y": 1189, "width": 646, "height": 646, "scale": 1.0, "quality": 90}}, "hash": "ef43108d4bd502038be21367eef6d639", "url": "https://thor.ansur.no/display/media/83158/driver12/aa9f1df7ff38f2942ae7013569770901/roi_1232704647.jpg"}]}}]}','null');
insert into aar_service.file (id, name, mimeType, url, record_id) values (192,'record/attachements/aa9f1df7ff38f2942ae7013569770901/preview.jpg','null','https://thor.ansur.no/display/media/83156/driver12/aa9f1df7ff38f2942ae7013569770901/preview.jpg',1987);
insert into aar_service.file (id, name, mimeType, url, record_id) values (193,'record/attachements/aa9f1df7ff38f2942ae7013569770901/thumb.jpg','null','https://thor.ansur.no/display/media/83157/driver12/aa9f1df7ff38f2942ae7013569770901/thumb.jpg',1987);
insert into aar_service.file (id, name, mimeType, url, record_id) values (194,'record/attachements/aa9f1df7ff38f2942ae7013569770901/roi_1232704647.jpg','null','https://thor.ansur.no/display/media/83158/driver12/aa9f1df7ff38f2942ae7013569770901/roi_1232704647.jpg',1987);
insert into aar_service.record (id, clientId, sessionId, createDate, trialDate, topic, recordType, headline, msgType, recordJson, recordData) values (1988,'TB-Ost','null','2019-09-13 10:27:53.141','2019-09-13 10:27:53.141','system_observer_tool_answer','ObserverToolAnswer','A new observation was reported by: Block4_Chemical_Spill-ASIGN_Observer','Info','{"trialId": 13, "sessionId": 217, "answerId": 1530, "timeSendUTC": 1568363271, "timeWhen": 1568363271000, "observationTypeName": "Block4_Chemical_Spill-ASIGN_Observer", "observervationTypeId": 1651, "observationTypeDescription": "The S2 uses other sources of information (e.g databases, internet,\u2026) for getting aditional information i.e: non visual information like population density, distance, resources allocation, etc since the information received  was not sufficient.", "description": "", "multiplicity": true, "questions": [{"id": 2860, "name": "The S2 uses other sources of information (e.g data", "description": "-", "answer": "[Agree]", "comment": "", "typeOfQuestion": "checkbox"}]}','null');
insert into aar_service.record (id, clientId, sessionId, createDate, trialDate, topic, recordType, headline, msgType, recordJson, recordData) values (1989,'TB-Ost','null','2019-09-13 10:28:47.568','2019-09-13 10:28:47.568','system_observer_tool_answer','ObserverToolAnswer','A new observation was reported by: Block4_Chemical_Spill-CrowdTasker_Observer','Info','{"trialId": 13, "sessionId": 217, "answerId": 1531, "timeSendUTC": 1568363326, "timeWhen": 1568363324000, "observationTypeName": "Block4_Chemical_Spill-CrowdTasker_Observer", "observervationTypeId": 1614, "observationTypeDescription": "The S2 uses other sources of information (e.g databases, internet,\u2026) for getting aditional information i.e: non visual information like population density, distance, resources allocation, etc since the information received  was not sufficient.", "description": "", "multiplicity": true, "questions": [{"id": 2924, "name": "The S2 uses other sources of information (e.g data", "description": "-", "answer": "[Agree]", "comment": "Yes, internet was used for searching for name of chemical industry and also the chemicals which are processed", "typeOfQuestion": "checkbox"}]}','null');
insert into aar_service.record (id, clientId, sessionId, createDate, trialDate, topic, recordType, headline, msgType, recordJson, recordData) values (1990,'TB-Ost','null','2019-09-13 10:30:13.444','2019-09-13 10:30:13.444','system_observer_tool_answer','ObserverToolAnswer','A new observation was reported by: Block4_Chemical_Spill-ASIGN_Observer','Info','{"trialId": 13, "sessionId": 217, "answerId": 1532, "timeSendUTC": 1568363411, "timeWhen": 1568363413000, "observationTypeName": "Block4_Chemical_Spill-ASIGN_Observer", "observervationTypeId": 1647, "observationTypeDescription": "WasASIGN operatorable to draw danger zone polygones?", "description": "", "multiplicity": true, "questions": [{"id": 2856, "name": "WasASIGN operatorable to draw danger zone polygo", "description": "-", "answer": "Agree", "comment": "Commander told the operator where the draw has to be", "typeOfQuestion": "radiobutton"}]}','null');
insert into aar_service.record (id, clientId, sessionId, createDate, trialDate, topic, recordType, headline, msgType, recordJson, recordData) values (1991,'TB-Ost','null','2019-09-13 10:30:51.987','2019-09-13 10:30:51.987','system_observer_tool_answer','ObserverToolAnswer','A new observation was reported by: Block4_Chemical_Spill-DLR_Observer','Info','{"trialId": 13, "sessionId": 217, "answerId": 1533, "timeSendUTC": 1568363450, "timeWhen": 1568363452000, "observationTypeName": "Block4_Chemical_Spill-DLR_Observer", "observervationTypeId": 1710, "observationTypeDescription": "The S2-S3 uses other sources of visualisation (e.g google maps, paper maps, etc\u2026) for comparison with the DLR maps.", "description": "", "multiplicity": true, "questions": [{"id": 3031, "name": "The S2-S3 uses other sources of visualisation (e.g", "description": "-", "answer": "[Agree]", "comment": "", "typeOfQuestion": "checkbox"}]}','null');
insert into aar_service.record (id, clientId, sessionId, createDate, trialDate, topic, recordType, headline, msgType, recordJson, recordData) values (1992,'TB-Ost','null','2019-09-13 10:31:05.058','2019-09-13 10:31:05.058','system_observer_tool_answer','ObserverToolAnswer','A new observation was reported by: Block4_Chemical_Spill-viewTerra_Observer','Info','{"trialId": 13, "sessionId": 217, "answerId": 1534, "timeSendUTC": 1568363463, "timeWhen": 1568363465000, "observationTypeName": "Block4_Chemical_Spill-viewTerra_Observer", "observervationTypeId": 1590, "observationTypeDescription": "The S2-S3 uses other sources of information (e.g databases, internet,\u2026) for getting aditional information i.e: non visual information like population density, distance, resources allocation, etc.", "description": "", "multiplicity": true, "questions": [{"id": 3146, "name": "The S2-S3 uses other sources of information (e.g d", "description": "-", "answer": "[Agree]", "comment": "Search for industry type on internet, what type of substance it can be.", "typeOfQuestion": "checkbox"}]}','null');
insert into aar_service.record (id, clientId, sessionId, createDate, trialDate, topic, recordType, headline, msgType, recordJson, recordData) values (1995,'TB-Ost','null','2019-09-13 10:32:41.325','2019-09-13 10:32:41.325','system_observer_tool_answer','ObserverToolAnswer','A new observation was reported by: Block4_Chemical_Spill-DLR_Observer','Info','{"trialId": 13, "sessionId": 217, "answerId": 1537, "timeSendUTC": 1568363559, "timeWhen": 1568363562000, "observationTypeName": "Block4_Chemical_Spill-DLR_Observer", "observervationTypeId": 1713, "observationTypeDescription": "The commander could easily identify affected objects in the imagery.", "description": "", "multiplicity": true, "questions": [{"id": 3035, "name": "The commander could easily identify affected objec", "description": "-", "answer": "Strongly agree", "comment": "Yes but not attributed to DLR solution", "typeOfQuestion": "radiobutton"}]}','null');
insert into aar_service.record (id, clientId, sessionId, createDate, trialDate, topic, recordType, headline, msgType, recordJson, recordData) values (1996,'TB-TrialMgmt','null','2019-09-13 10:32:57.55','2019-09-13 10:32:57.55','system_tm_role_player','RolePlayerMessage','Chlorine leak in recycling factory','Info','{"id": "f6dd2836-a3be-45cb-89bf-e66071b9c8e8", "type": "CALL", "title": "", "headline": "Chlorine leak in recycling factory", "description": "Fire brigade on site has tagged the area as potentially dangerous. A chlorine leak was controlled during the night in a recycling factory in the area (Primaras Handels GmbH).", "rolePlayerName": "ARC - EXCON", "participantNames": null, "comment": ""}','null');
insert into aar_service.record (id, clientId, sessionId, createDate, trialDate, topic, recordType, headline, msgType, recordJson, recordData) values (1997,'TB-TrialMgmt','null','2019-09-13 10:33:04.552','2019-09-13 10:33:04.552','system_tm_role_player','RolePlayerMessage','Assess the conditions of factories.','Info','{"id": "f9c937e3-c133-497f-892b-2ffcb728b5ee", "type": "ACTION", "title": "", "headline": "Assess the conditions of factories.", "description": "Assess the conditions of factories working with Hazardous Materials.", "rolePlayerName": "ARC - EXCON", "participantNames": null, "comment": ""}','null');
insert into aar_service.record (id, clientId, sessionId, createDate, trialDate, topic, recordType, headline, msgType, recordJson, recordData) values (1998,'TB-TrialMgmt','null','2019-09-13 10:33:12.56','2019-09-13 10:33:12.56','system_tm_role_player','RolePlayerMessage','Digital volunteers asked about neighbourhoods.','Info','{"id": "1c0b1c83-bf50-454b-98ca-74cd3501a540", "type": "ACTION", "title": "", "headline": "Digital volunteers asked about neighbourhoods.", "description": "Digital volunteers can be asked about the conditions in their neighbourhoods.", "rolePlayerName": "ARC - EXCON", "participantNames": null, "comment": ""}','null');
insert into aar_service.record (id, clientId, sessionId, createDate, trialDate, topic, recordType, headline, msgType, recordJson, recordData) values (1999,'asign_photo','null','2019-09-13 10:33:42.611','2019-09-13 10:33:42.611','photo_geojson','FeatureCollection','Chemical Spill - Danger, Leave now!','Info','{"type": "FeatureCollection", "bbox": null, "features": [{"type": "Feature", "bbox": null, "geometry": {"type": "Point", "coordinates": [14.866688, 47.556007]}, "properties": {"id": 27399, "priority": 0, "viewed": false, "signature": "675ad9bc3638bb774cd1e9f7982e7a5d", "instant": "2019-09-13 08:33:30", "created": "2019-09-13 08:33:33", "updated": "2019-09-13 08:33:34.598374", "caption": "", "interpretation": null, "meta": {"Source": {"filename": "original.jpg", "camera_make": "Apple", "width": 4032, "size": 9105779, "height": 3024, "direction": 108.0, "camera_model": "iPhone X", "field_of_view": null}}, "version": null, "application_id": "6ff1f0c0-fbe4-4bd4-bd52-06083b37e6b9", "seen": null, "started": null, "stopped": null, "location_latitude": 47.556007, "location_longitude": 14.866688, "location_time": "2019-09-13 08:32:57", "location_accuracy": 6.0, "location_altitude": 679.551636, "location_provider": null, "location_speed": null, "location_meta": null, "mission_id": 254, "mission_name": "Chemical Spill - Danger, Leave now!", "thumbnail_hash": "0469ae34ddc7d1f539b016734c1feba9", "preview_hash": "31f47dba3b77e4ae8d1bd460a97bba09", "category_id": null, "category_name": null, "application_device_type": 3, "application_last_login": "2019-09-13 08:12:35.709812", "application_phone": null, "application_last_rate": null, "application_updated": "2019-09-13 08:12:35.709812", "application_created": "2019-09-11 09:22:07.448009", "application_application_type": 4, "application_connection_type": 1, "application_connection_state": 1, "user_name": "driver14", "user_id": 813, "user_username": "driver14", "user_color": "E51717", "user_connection_type": 0, "user_last_login": null, "user_last_rate": null, "observation_url": "https://thor.ansur.no/signs/processing/27399", "observation_type": "photo", "preview_url": "https://thor.ansur.no/display/file/31f47dba3b77e4ae8d1bd460a97bba09/driver14/675ad9bc3638bb774cd1e9f7982e7a5d/preview.jpg", "preview_with_overlay_url": "https://thor.ansur.no/display/displayWithOverlays/31f47dba3b77e4ae8d1bd460a97bba09/driver14/675ad9bc3638bb774cd1e9f7982e7a5d/preview.jpg", "thumbnail_url": "https://thor.ansur.no/display/file/0469ae34ddc7d1f539b016734c1feba9/driver14/675ad9bc3638bb774cd1e9f7982e7a5d/thumb.jpg", "files": [{"id": 83160, "file_type": 1, "size": 9105779, "state": 0, "created": "2019-09-13 08:33:33", "request_until": null, "meta": null, "hash": "675ad9bc3638bb774cd1e9f7982e7a5d", "url": null}, {"id": 83161, "file_type": 0, "size": 43135, "state": 3, "created": "2019-09-13 08:33:33", "request_until": "2019-10-13 08:33:33", "meta": null, "hash": "31f47dba3b77e4ae8d1bd460a97bba09", "url": "https://thor.ansur.no/display/media/83161/driver14/675ad9bc3638bb774cd1e9f7982e7a5d/preview.jpg"}, {"id": 83162, "file_type": 3, "size": 14582, "state": 3, "created": "2019-09-13 08:33:34", "request_until": null, "meta": "", "hash": "0469ae34ddc7d1f539b016734c1feba9", "url": "https://thor.ansur.no/display/media/83162/driver14/675ad9bc3638bb774cd1e9f7982e7a5d/thumb.jpg"}]}}]}','null');
insert into aar_service.file (id, name, mimeType, url, record_id) values (195,'record/attachements/675ad9bc3638bb774cd1e9f7982e7a5d/preview.jpg','null','https://thor.ansur.no/display/media/83161/driver14/675ad9bc3638bb774cd1e9f7982e7a5d/preview.jpg',1999);
insert into aar_service.file (id, name, mimeType, url, record_id) values (196,'record/attachements/675ad9bc3638bb774cd1e9f7982e7a5d/thumb.jpg','null','https://thor.ansur.no/display/media/83162/driver14/675ad9bc3638bb774cd1e9f7982e7a5d/thumb.jpg',1999);
insert into aar_service.record (id, clientId, sessionId, createDate, trialDate, topic, recordType, headline, msgType, recordJson, recordData) values (2000,'TB-Ost','null','2019-09-13 10:33:43.01','2019-09-13 10:33:43.01','system_observer_tool_answer','ObserverToolAnswer','A new observation was reported by: Block4_Chemical_Spill-CrowdTasker_Observer','Info','{"trialId": 13, "sessionId": 217, "answerId": 1538, "timeSendUTC": 1568363621, "timeWhen": 1568363620000, "observationTypeName": "Block4_Chemical_Spill-CrowdTasker_Observer", "observervationTypeId": 1613, "observationTypeDescription": "The S2 uses other sources of visualisation (e.g google maps, paper maps, etc\u2026) for comparison with the information received.", "description": "", "multiplicity": true, "questions": [{"id": 2925, "name": "The S2 uses other sources of visualisation (e.g go", "description": "-", "answer": "[Agree]", "comment": "Google maps", "typeOfQuestion": "checkbox"}]}','null');
insert into aar_service.record (id, clientId, sessionId, createDate, trialDate, topic, recordType, headline, msgType, recordJson, recordData) values (2001,'asign_photo','null','2019-09-13 10:34:22.704','2019-09-13 10:34:22.704','photo_geojson','FeatureCollection','Chemical Spill - Danger, Leave now!','Info','{"type": "FeatureCollection", "bbox": null, "features": [{"type": "Feature", "bbox": null, "geometry": {"type": "Point", "coordinates": [14.866688, 47.556007]}, "properties": {"id": 27399, "priority": 0, "viewed": true, "signature": "675ad9bc3638bb774cd1e9f7982e7a5d", "instant": "2019-09-13 08:33:30", "created": "2019-09-13 08:33:33", "updated": "2019-09-13 08:34:17.3621", "caption": "", "interpretation": null, "meta": {"Source": {"filename": "original.jpg", "camera_make": "Apple", "width": 4032, "size": 9105779, "height": 3024, "direction": 108.0, "camera_model": "iPhone X", "field_of_view": null}}, "version": null, "application_id": "6ff1f0c0-fbe4-4bd4-bd52-06083b37e6b9", "seen": "2019-09-13 08:34:17", "started": null, "stopped": null, "location_latitude": 47.556007, "location_longitude": 14.866688, "location_time": "2019-09-13 08:32:57", "location_accuracy": 6.0, "location_altitude": 679.551636, "location_provider": null, "location_speed": null, "location_meta": null, "mission_id": 254, "mission_name": "Chemical Spill - Danger, Leave now!", "thumbnail_hash": "0469ae34ddc7d1f539b016734c1feba9", "preview_hash": "31f47dba3b77e4ae8d1bd460a97bba09", "category_id": null, "category_name": null, "application_device_type": 3, "application_last_login": "2019-09-13 08:12:35.709812", "application_phone": null, "application_last_rate": null, "application_updated": "2019-09-13 08:12:35.709812", "application_created": "2019-09-11 09:22:07.448009", "application_application_type": 4, "application_connection_type": 1, "application_connection_state": 1, "user_name": "driver14", "user_id": 813, "user_username": "driver14", "user_color": "E51717", "user_connection_type": 0, "user_last_login": null, "user_last_rate": null, "observation_url": "https://thor.ansur.no/signs/processing/27399", "observation_type": "photo", "preview_url": "https://thor.ansur.no/display/file/31f47dba3b77e4ae8d1bd460a97bba09/driver14/675ad9bc3638bb774cd1e9f7982e7a5d/preview.jpg", "preview_with_overlay_url": "https://thor.ansur.no/display/displayWithOverlays/31f47dba3b77e4ae8d1bd460a97bba09/driver14/675ad9bc3638bb774cd1e9f7982e7a5d/preview.jpg", "thumbnail_url": "https://thor.ansur.no/display/file/0469ae34ddc7d1f539b016734c1feba9/driver14/675ad9bc3638bb774cd1e9f7982e7a5d/thumb.jpg", "files": [{"id": 83160, "file_type": 1, "size": 9105779, "state": 0, "created": "2019-09-13 08:33:33", "request_until": null, "meta": null, "hash": "675ad9bc3638bb774cd1e9f7982e7a5d", "url": null}, {"id": 83161, "file_type": 0, "size": 43135, "state": 3, "created": "2019-09-13 08:33:33", "request_until": "2019-10-13 08:33:33", "meta": null, "hash": "31f47dba3b77e4ae8d1bd460a97bba09", "url": "https://thor.ansur.no/display/media/83161/driver14/675ad9bc3638bb774cd1e9f7982e7a5d/preview.jpg"}, {"id": 83162, "file_type": 3, "size": 14582, "state": 3, "created": "2019-09-13 08:33:34", "request_until": null, "meta": "", "hash": "0469ae34ddc7d1f539b016734c1feba9", "url": "https://thor.ansur.no/display/media/83162/driver14/675ad9bc3638bb774cd1e9f7982e7a5d/thumb.jpg"}]}}]}','null');
insert into aar_service.file (id, name, mimeType, url, record_id) values (197,'record/attachements/675ad9bc3638bb774cd1e9f7982e7a5d/preview.jpg','null','https://thor.ansur.no/display/media/83161/driver14/675ad9bc3638bb774cd1e9f7982e7a5d/preview.jpg',2001);
insert into aar_service.file (id, name, mimeType, url, record_id) values (198,'record/attachements/675ad9bc3638bb774cd1e9f7982e7a5d/thumb.jpg','null','https://thor.ansur.no/display/media/83162/driver14/675ad9bc3638bb774cd1e9f7982e7a5d/thumb.jpg',2001);
insert into aar_service.record (id, clientId, sessionId, createDate, trialDate, topic, recordType, headline, msgType, recordJson, recordData) values (2002,'TB-Ost','null','2019-09-13 10:35:19.516','2019-09-13 10:35:19.516','system_observer_tool_answer','ObserverToolAnswer','A new observation was reported by: Block4_Chemical_Spill-ASIGN_Observer','Info','{"trialId": 13, "sessionId": 217, "answerId": 1539, "timeSendUTC": 1568363718, "timeWhen": 1568363719000, "observationTypeName": "Block4_Chemical_Spill-ASIGN_Observer", "observervationTypeId": 1648, "observationTypeDescription": "Was ASIGN able to send out a \u201Cdo not enter! Leave now!\u201D alarm to responders?", "description": "", "multiplicity": true, "questions": [{"id": 2857, "name": "Was ASIGN able to send out a \u201Cdo not enter! Leave ", "description": "-", "answer": "Agree", "comment": "There are different ways to send alert to the responders.", "typeOfQuestion": "radiobutton"}]}','null');
insert into aar_service.record (id, clientId, sessionId, createDate, trialDate, topic, recordType, headline, msgType, recordJson, recordData) values (2051,'TB-Ost','null','2019-09-13 11:16:58.664','2019-09-13 11:16:58.664','system_observer_tool_answer','ObserverToolAnswer','A new observation was reported by: Block4_Chemical_Spill-viewTerra_Observer','Info','{"trialId": 13, "sessionId": 217, "answerId": 1553, "timeSendUTC": 1568366217, "timeWhen": 1568366218000, "observationTypeName": "Block4_Chemical_Spill-viewTerra_Observer", "observervationTypeId": 1586, "observationTypeDescription": "Was vieWTerra Evolution able to import danger zone shape from ASIGN?", "description": "", "multiplicity": true, "questions": [{"id": 3141, "name": "Was vieWTerra Evolution able to import danger zone", "description": "-", "answer": "Agree", "comment": "", "typeOfQuestion": "radiobutton"}]}','null');
insert into aar_service.record (id, clientId, sessionId, createDate, trialDate, topic, recordType, headline, msgType, recordJson, recordData) values (2003,'asign_photo','null','2019-09-13 10:36:37.788','2019-09-13 10:36:37.788','photo_geojson','FeatureCollection','Chemical Spill - Danger, Leave now!','Info','{"type": "FeatureCollection", "bbox": null, "features": [{"type": "Feature", "bbox": null, "geometry": {"type": "Point", "coordinates": [14.866688, 47.556007]}, "properties": {"id": 27399, "priority": 0, "viewed": true, "signature": "675ad9bc3638bb774cd1e9f7982e7a5d", "instant": "2019-09-13 08:33:30", "created": "2019-09-13 08:33:33", "updated": "2019-09-13 08:36:31.651471", "caption": "", "interpretation": null, "meta": {"Source": {"filename": "original.jpg", "camera_make": "Apple", "width": 4032, "size": 9105779, "height": 3024, "direction": 108.0, "camera_model": "iPhone X", "field_of_view": null}}, "version": null, "application_id": "6ff1f0c0-fbe4-4bd4-bd52-06083b37e6b9", "seen": "2019-09-13 08:34:17", "started": null, "stopped": null, "location_latitude": 47.556007, "location_longitude": 14.866688, "location_time": "2019-09-13 08:32:57", "location_accuracy": 6.0, "location_altitude": 679.551636, "location_provider": null, "location_speed": null, "location_meta": null, "mission_id": 254, "mission_name": "Chemical Spill - Danger, Leave now!", "thumbnail_hash": "0469ae34ddc7d1f539b016734c1feba9", "preview_hash": "31f47dba3b77e4ae8d1bd460a97bba09", "category_id": null, "category_name": null, "application_device_type": 3, "application_last_login": "2019-09-13 08:12:35.709812", "application_phone": null, "application_last_rate": null, "application_updated": "2019-09-13 08:12:35.709812", "application_created": "2019-09-11 09:22:07.448009", "application_application_type": 4, "application_connection_type": 1, "application_connection_state": 1, "user_name": "driver14", "user_id": 813, "user_username": "driver14", "user_color": "E51717", "user_connection_type": 0, "user_last_login": null, "user_last_rate": null, "observation_url": "https://thor.ansur.no/signs/processing/27399", "observation_type": "photo", "preview_url": "https://thor.ansur.no/display/file/31f47dba3b77e4ae8d1bd460a97bba09/driver14/675ad9bc3638bb774cd1e9f7982e7a5d/preview.jpg", "preview_with_overlay_url": "https://thor.ansur.no/display/displayWithOverlays/31f47dba3b77e4ae8d1bd460a97bba09/driver14/675ad9bc3638bb774cd1e9f7982e7a5d/preview.jpg", "thumbnail_url": "https://thor.ansur.no/display/file/0469ae34ddc7d1f539b016734c1feba9/driver14/675ad9bc3638bb774cd1e9f7982e7a5d/thumb.jpg", "files": [{"id": 83160, "file_type": 1, "size": 9105779, "state": 0, "created": "2019-09-13 08:33:33", "request_until": null, "meta": null, "hash": "675ad9bc3638bb774cd1e9f7982e7a5d", "url": null}, {"id": 83161, "file_type": 0, "size": 43135, "state": 3, "created": "2019-09-13 08:33:33", "request_until": "2019-10-13 08:33:33", "meta": null, "hash": "31f47dba3b77e4ae8d1bd460a97bba09", "url": "https://thor.ansur.no/display/media/83161/driver14/675ad9bc3638bb774cd1e9f7982e7a5d/preview.jpg"}, {"id": 83162, "file_type": 3, "size": 14582, "state": 3, "created": "2019-09-13 08:33:34", "request_until": null, "meta": "", "hash": "0469ae34ddc7d1f539b016734c1feba9", "url": "https://thor.ansur.no/display/media/83162/driver14/675ad9bc3638bb774cd1e9f7982e7a5d/thumb.jpg"}, {"id": 83168, "file_type": 2, "size": 174999, "state": 3, "created": "2019-09-13 08:36:26", "request_until": "2019-10-13 08:36:26", "meta": {"Region": {"x": 0, "y": 1708, "width": 1110, "height": 538, "scale": 1.0, "quality": 90}}, "hash": "70a044a3d39468ef9e5c6e04387ce5e3", "url": "https://thor.ansur.no/display/media/83168/driver14/675ad9bc3638bb774cd1e9f7982e7a5d/roi_1818447866.jpg"}]}}]}','null');
insert into aar_service.file (id, name, mimeType, url, record_id) values (199,'record/attachements/675ad9bc3638bb774cd1e9f7982e7a5d/preview.jpg','null','https://thor.ansur.no/display/media/83161/driver14/675ad9bc3638bb774cd1e9f7982e7a5d/preview.jpg',2003);
insert into aar_service.file (id, name, mimeType, url, record_id) values (200,'record/attachements/675ad9bc3638bb774cd1e9f7982e7a5d/thumb.jpg','null','https://thor.ansur.no/display/media/83162/driver14/675ad9bc3638bb774cd1e9f7982e7a5d/thumb.jpg',2003);
insert into aar_service.file (id, name, mimeType, url, record_id) values (201,'record/attachements/675ad9bc3638bb774cd1e9f7982e7a5d/roi_1818447866.jpg','null','https://thor.ansur.no/display/media/83168/driver14/675ad9bc3638bb774cd1e9f7982e7a5d/roi_1818447866.jpg',2003);
insert into aar_service.record (id, clientId, sessionId, createDate, trialDate, topic, recordType, headline, msgType, recordJson, recordData) values (2004,'TB-Ost','null','2019-09-13 10:36:48.704','2019-09-13 10:36:48.704','system_observer_tool_answer','ObserverToolAnswer','A new observation was reported by: Block4_Chemical_Spill-ASIGN_Observer','Info','{"trialId": 13, "sessionId": 217, "answerId": 1540, "timeSendUTC": 1568363807, "timeWhen": 1568363808000, "observationTypeName": "Block4_Chemical_Spill-ASIGN_Observer", "observervationTypeId": 1649, "observationTypeDescription": "The S2 creates a report for the EL (head of operations), based on the information provided by Crowdtasker.", "description": "", "multiplicity": true, "questions": [{"id": 2858, "name": "The S2 creates a report for the EL (head of operat", "description": "-", "answer": "[Not applicable]", "comment": "Asign does not work with the volunteers, only responders.", "typeOfQuestion": "checkbox"}]}','null');
insert into aar_service.record (id, clientId, sessionId, createDate, trialDate, topic, recordType, headline, msgType, recordJson, recordData) values (2005,'TB-Ost','null','2019-09-13 10:37:05.047','2019-09-13 10:37:05.047','system_observer_tool_answer','ObserverToolAnswer','A new observation was reported by: Block4_Chemical_Spill-ASIGN_Observer','Info','{"trialId": 13, "sessionId": 217, "answerId": 1541, "timeSendUTC": 1568363823, "timeWhen": 1568363825000, "observationTypeName": "Block4_Chemical_Spill-ASIGN_Observer", "observervationTypeId": 1650, "observationTypeDescription": "The S2 uses other sources of visualisation (e.g google maps, paper maps, etc\u2026) for comparison with the information received.", "description": "", "multiplicity": true, "questions": [{"id": 2859, "name": "The S2 uses other sources of visualisation (e.g go", "description": "-", "answer": "[Agree]", "comment": "", "typeOfQuestion": "checkbox"}]}','null');
insert into aar_service.record (id, clientId, sessionId, createDate, trialDate, topic, recordType, headline, msgType, recordJson, recordData) values (2006,'asign_photo','null','2019-09-13 10:38:07.854','2019-09-13 10:38:07.854','photo_geojson','FeatureCollection','Chemical Spill - Danger, Leave now!','Info','{"type": "FeatureCollection", "bbox": null, "features": [{"type": "Feature", "bbox": null, "geometry": {"type": "Point", "coordinates": [14.866658, 47.555958]}, "properties": {"id": 27395, "priority": 1, "viewed": true, "signature": "4141418e428ad01e29be38eb16d6600d", "instant": "2019-09-13 08:15:50", "created": "2019-09-13 08:16:42", "updated": "2019-09-13 08:38:02.016464", "caption": "Hi there a day you can use to voicemail capability here", "interpretation": null, "meta": {"Source": {"filename": "original.jpg", "camera_make": "Apple", "width": 4032, "size": 9551060, "height": 3024, "direction": 4.0, "camera_model": "iPhone X", "field_of_view": null}}, "version": null, "application_id": "6ff1f0c0-fbe4-4bd4-bd52-06083b37e6b9", "seen": "2019-09-13 08:16:49", "started": null, "stopped": null, "location_latitude": 47.555958, "location_longitude": 14.866658, "location_time": "2019-09-13 08:15:46", "location_accuracy": 16.0, "location_altitude": 680.847534, "location_provider": null, "location_speed": null, "location_meta": null, "mission_id": 254, "mission_name": "Chemical Spill - Danger, Leave now!", "thumbnail_hash": "056133975d1739e617eac7c55b5c013f", "preview_hash": "ffafaf0bc085053293a68641cbb06b48", "category_id": null, "category_name": null, "application_device_type": 3, "application_last_login": "2019-09-13 08:12:35.709812", "application_phone": null, "application_last_rate": null, "application_updated": "2019-09-13 08:12:35.709812", "application_created": "2019-09-11 09:22:07.448009", "application_application_type": 4, "application_connection_type": 1, "application_connection_state": 1, "user_name": "driver14", "user_id": 813, "user_username": "driver14", "user_color": "E51717", "user_connection_type": 0, "user_last_login": null, "user_last_rate": null, "observation_url": "https://thor.ansur.no/signs/processing/27395", "observation_type": "photo", "preview_url": "https://thor.ansur.no/display/file/ffafaf0bc085053293a68641cbb06b48/driver14/4141418e428ad01e29be38eb16d6600d/preview.jpg", "preview_with_overlay_url": "https://thor.ansur.no/display/displayWithOverlays/ffafaf0bc085053293a68641cbb06b48/driver14/4141418e428ad01e29be38eb16d6600d/preview.jpg", "thumbnail_url": "https://thor.ansur.no/display/file/056133975d1739e617eac7c55b5c013f/driver14/4141418e428ad01e29be38eb16d6600d/thumb.jpg", "files": [{"id": 83140, "file_type": 1, "size": 9551060, "state": 0, "created": "2019-09-13 08:16:42", "request_until": null, "meta": null, "hash": "4141418e428ad01e29be38eb16d6600d", "url": null}, {"id": 83141, "file_type": 0, "size": 46615, "state": 3, "created": "2019-09-13 08:16:42", "request_until": "2019-10-13 08:16:42", "meta": null, "hash": "ffafaf0bc085053293a68641cbb06b48", "url": "https://thor.ansur.no/display/media/83141/driver14/4141418e428ad01e29be38eb16d6600d/preview.jpg"}, {"id": 83142, "file_type": 3, "size": 14641, "state": 3, "created": "2019-09-13 08:16:45", "request_until": null, "meta": "", "hash": "056133975d1739e617eac7c55b5c013f", "url": "https://thor.ansur.no/display/media/83142/driver14/4141418e428ad01e29be38eb16d6600d/thumb.jpg"}, {"id": 83143, "file_type": 11, "size": 34800, "state": 3, "created": "2019-09-13 08:16:46", "request_until": null, "meta": null, "hash": "a229a045e1eb7f387ac4ca10f09b8d78", "url": "https://thor.ansur.no/display/media/83143/driver14/4141418e428ad01e29be38eb16d6600d/audio_caption_1568362606.4944.m4a"}, {"id": 83144, "file_type": 2, "size": 50318, "state": 3, "created": "2019-09-13 08:17:08", "request_until": "2019-10-13 08:17:08", "meta": {"Region": {"x": 1033, "y": 1594, "width": 352, "height": 341, "scale": 1.0, "quality": 85}}, "hash": "ff98cc7062217407939b4594d5723ef2", "url": "https://thor.ansur.no/display/media/83144/driver14/4141418e428ad01e29be38eb16d6600d/roi_2143010267.jpg"}, {"id": 83169, "file_type": 2, "size": 181396, "state": 3, "created": "2019-09-13 08:37:59", "request_until": "2019-10-13 08:37:59", "meta": {"Region": {"x": 2417, "y": 781, "width": 778, "height": 660, "scale": 1.0, "quality": 90}}, "hash": "ca628b155ddaff879384517c45d7f85d", "url": "https://thor.ansur.no/display/media/83169/driver14/4141418e428ad01e29be38eb16d6600d/roi_205009447.jpg"}]}}]}','null');
insert into aar_service.file (id, name, mimeType, url, record_id) values (202,'record/attachements/4141418e428ad01e29be38eb16d6600d/preview.jpg','null','https://thor.ansur.no/display/media/83141/driver14/4141418e428ad01e29be38eb16d6600d/preview.jpg',2006);
insert into aar_service.file (id, name, mimeType, url, record_id) values (203,'record/attachements/4141418e428ad01e29be38eb16d6600d/thumb.jpg','null','https://thor.ansur.no/display/media/83142/driver14/4141418e428ad01e29be38eb16d6600d/thumb.jpg',2006);
insert into aar_service.file (id, name, mimeType, url, record_id) values (204,'record/attachements/4141418e428ad01e29be38eb16d6600d/audio_caption_1568362606.4944.m4a','null','https://thor.ansur.no/display/media/83143/driver14/4141418e428ad01e29be38eb16d6600d/audio_caption_1568362606.4944.m4a',2006);
insert into aar_service.file (id, name, mimeType, url, record_id) values (205,'record/attachements/4141418e428ad01e29be38eb16d6600d/roi_2143010267.jpg','null','https://thor.ansur.no/display/media/83144/driver14/4141418e428ad01e29be38eb16d6600d/roi_2143010267.jpg',2006);
insert into aar_service.file (id, name, mimeType, url, record_id) values (206,'record/attachements/4141418e428ad01e29be38eb16d6600d/roi_205009447.jpg','null','https://thor.ansur.no/display/media/83169/driver14/4141418e428ad01e29be38eb16d6600d/roi_205009447.jpg',2006);
insert into aar_service.record (id, clientId, sessionId, createDate, trialDate, topic, recordType, headline, msgType, recordJson, recordData) values (2007,'asign_photo','null','2019-09-13 10:38:22.914','2019-09-13 10:38:22.914','photo_geojson','FeatureCollection','Chemical Spill - Danger, Leave now!','Info','{"type": "FeatureCollection", "bbox": null, "features": [{"type": "Feature", "bbox": null, "geometry": {"type": "Point", "coordinates": [14.866658, 47.555958]}, "properties": {"id": 27395, "priority": 1, "viewed": true, "signature": "4141418e428ad01e29be38eb16d6600d", "instant": "2019-09-13 08:15:50", "created": "2019-09-13 08:16:42", "updated": "2019-09-13 08:38:11.262084", "caption": "Hi there a day you can use to voicemail capability here", "interpretation": null, "meta": {"Source": {"filename": "original.jpg", "camera_make": "Apple", "width": 4032, "size": 9551060, "height": 3024, "direction": 4.0, "camera_model": "iPhone X", "field_of_view": null}}, "version": null, "application_id": "6ff1f0c0-fbe4-4bd4-bd52-06083b37e6b9", "seen": "2019-09-13 08:16:49", "started": null, "stopped": null, "location_latitude": 47.555958, "location_longitude": 14.866658, "location_time": "2019-09-13 08:15:46", "location_accuracy": 16.0, "location_altitude": 680.847534, "location_provider": null, "location_speed": null, "location_meta": null, "mission_id": 254, "mission_name": "Chemical Spill - Danger, Leave now!", "thumbnail_hash": "056133975d1739e617eac7c55b5c013f", "preview_hash": "ffafaf0bc085053293a68641cbb06b48", "category_id": null, "category_name": null, "application_device_type": 3, "application_last_login": "2019-09-13 08:12:35.709812", "application_phone": null, "application_last_rate": null, "application_updated": "2019-09-13 08:12:35.709812", "application_created": "2019-09-11 09:22:07.448009", "application_application_type": 4, "application_connection_type": 1, "application_connection_state": 1, "user_name": "driver14", "user_id": 813, "user_username": "driver14", "user_color": "E51717", "user_connection_type": 0, "user_last_login": null, "user_last_rate": null, "observation_url": "https://thor.ansur.no/signs/processing/27395", "observation_type": "photo", "preview_url": "https://thor.ansur.no/display/file/ffafaf0bc085053293a68641cbb06b48/driver14/4141418e428ad01e29be38eb16d6600d/preview_rotated_270_degrees_cw.jpg", "preview_with_overlay_url": "https://thor.ansur.no/display/displayWithOverlays/ffafaf0bc085053293a68641cbb06b48/driver14/4141418e428ad01e29be38eb16d6600d/preview_rotated_270_degrees_cw.jpg", "thumbnail_url": "https://thor.ansur.no/display/file/056133975d1739e617eac7c55b5c013f/driver14/4141418e428ad01e29be38eb16d6600d/thumb_rotated_270_degrees_cw.jpg", "files": [{"id": 83140, "file_type": 1, "size": 9551060, "state": 0, "created": "2019-09-13 08:16:42", "request_until": null, "meta": null, "hash": "4141418e428ad01e29be38eb16d6600d", "url": null}, {"id": 83141, "file_type": 0, "size": 46615, "state": 3, "created": "2019-09-13 08:16:42", "request_until": "2019-10-13 08:16:42", "meta": null, "hash": "ffafaf0bc085053293a68641cbb06b48", "url": "https://thor.ansur.no/display/media/83141/driver14/4141418e428ad01e29be38eb16d6600d/preview_rotated_270_degrees_cw.jpg"}, {"id": 83142, "file_type": 3, "size": 14641, "state": 3, "created": "2019-09-13 08:16:45", "request_until": null, "meta": "", "hash": "056133975d1739e617eac7c55b5c013f", "url": "https://thor.ansur.no/display/media/83142/driver14/4141418e428ad01e29be38eb16d6600d/thumb_rotated_270_degrees_cw.jpg"}, {"id": 83143, "file_type": 11, "size": 34800, "state": 3, "created": "2019-09-13 08:16:46", "request_until": null, "meta": null, "hash": "a229a045e1eb7f387ac4ca10f09b8d78", "url": "https://thor.ansur.no/display/media/83143/driver14/4141418e428ad01e29be38eb16d6600d/audio_caption_1568362606.4944_rotated_270_degrees_cw.m4a"}, {"id": 83144, "file_type": 2, "size": 50318, "state": 3, "created": "2019-09-13 08:17:08", "request_until": "2019-10-13 08:17:08", "meta": {"Region": {"x": 1033, "y": 1594, "width": 352, "height": 341, "scale": 1.0, "quality": 85}}, "hash": "ff98cc7062217407939b4594d5723ef2", "url": "https://thor.ansur.no/display/media/83144/driver14/4141418e428ad01e29be38eb16d6600d/roi_2143010267_rotated_270_degrees_cw.jpg"}, {"id": 83169, "file_type": 2, "size": 181396, "state": 3, "created": "2019-09-13 08:37:59", "request_until": "2019-10-13 08:37:59", "meta": {"Region": {"x": 2417, "y": 781, "width": 778, "height": 660, "scale": 1.0, "quality": 90}}, "hash": "ca628b155ddaff879384517c45d7f85d", "url": "https://thor.ansur.no/display/media/83169/driver14/4141418e428ad01e29be38eb16d6600d/roi_205009447_rotated_270_degrees_cw.jpg"}]}}]}','null');
insert into aar_service.file (id, name, mimeType, url, record_id) values (207,'record/attachements/4141418e428ad01e29be38eb16d6600d/preview_rotated_270_degrees_cw.jpg','null','https://thor.ansur.no/display/media/83141/driver14/4141418e428ad01e29be38eb16d6600d/preview_rotated_270_degrees_cw.jpg',2007);
insert into aar_service.file (id, name, mimeType, url, record_id) values (208,'record/attachements/4141418e428ad01e29be38eb16d6600d/thumb_rotated_270_degrees_cw.jpg','null','https://thor.ansur.no/display/media/83142/driver14/4141418e428ad01e29be38eb16d6600d/thumb_rotated_270_degrees_cw.jpg',2007);
insert into aar_service.file (id, name, mimeType, url, record_id) values (209,'record/attachements/4141418e428ad01e29be38eb16d6600d/audio_caption_1568362606.4944_rotated_270_degrees_cw.m4a','null','https://thor.ansur.no/display/media/83143/driver14/4141418e428ad01e29be38eb16d6600d/audio_caption_1568362606.4944_rotated_270_degrees_cw.m4a',2007);
insert into aar_service.file (id, name, mimeType, url, record_id) values (210,'record/attachements/4141418e428ad01e29be38eb16d6600d/roi_2143010267_rotated_270_degrees_cw.jpg','null','https://thor.ansur.no/display/media/83144/driver14/4141418e428ad01e29be38eb16d6600d/roi_2143010267_rotated_270_degrees_cw.jpg',2007);
insert into aar_service.file (id, name, mimeType, url, record_id) values (211,'record/attachements/4141418e428ad01e29be38eb16d6600d/roi_205009447_rotated_270_degrees_cw.jpg','null','https://thor.ansur.no/display/media/83169/driver14/4141418e428ad01e29be38eb16d6600d/roi_205009447_rotated_270_degrees_cw.jpg',2007);
insert into aar_service.record (id, clientId, sessionId, createDate, trialDate, topic, recordType, headline, msgType, recordJson, recordData) values (2052,'asign_mission','null','2019-09-13 11:18:20.765','2019-09-13 11:18:20.765','asign_info','FeatureCollection','Rail Tanker','Info','{"type": "FeatureCollection", "bbox": null, "features": [{"type": "Feature", "bbox": null, "geometry": {"type": "Polygon", "coordinates": [[[14.9313640607579, 47.5309951178877], [14.9270381945826, 47.5302069643956], [14.9288921379775, 47.5271237733528], [14.9324970268935, 47.5271237733528], [14.9338703179092, 47.529186981286], [14.9313640607579, 47.5309951178877]]]}, "properties": {"end_time": null, "name": "Rail Tanker", "description": null, "start_time": null, "id": 255.0, "user_limit": null}}]}','null');
insert into aar_service.record (id, clientId, sessionId, createDate, trialDate, topic, recordType, headline, msgType, recordJson, recordData) values (2008,'asign_photo','null','2019-09-13 10:39:32.987','2019-09-13 10:39:32.987','photo_geojson','FeatureCollection','Chemical Spill - Danger, Leave now!','Info','{"type": "FeatureCollection", "bbox": null, "features": [{"type": "Feature", "bbox": null, "geometry": {"type": "Point", "coordinates": [14.867212, 47.555729]}, "properties": {"id": 27401, "priority": 0, "viewed": false, "signature": "849805cd4d7b4b233e1d61ad3651e8c4", "instant": "2019-09-13 08:39:02", "created": "2019-09-13 08:39:19", "updated": "2019-09-13 08:39:21.829563", "caption": "No injured people", "interpretation": null, "meta": {"Source": {"filename": "original.jpg", "camera_make": "Apple", "width": 4032, "size": 9207692, "height": 3024, "direction": 331.0, "camera_model": "iPhone 6s Plus", "field_of_view": null}}, "version": null, "application_id": "a7fae54e-a7fd-4e11-8008-7f2f1a8207ca", "seen": null, "started": null, "stopped": null, "location_latitude": 47.555729, "location_longitude": 14.867212, "location_time": "2019-09-13 08:39:01", "location_accuracy": 10.0, "location_altitude": 690.659363, "location_provider": null, "location_speed": null, "location_meta": null, "mission_id": 254, "mission_name": "Chemical Spill - Danger, Leave now!", "thumbnail_hash": "fbe6e9d08f28be3c58323c2054815f8f", "preview_hash": "afcec2faef0f0b0b79a97036bac26560", "category_id": null, "category_name": null, "application_device_type": 3, "application_last_login": "2019-09-13 08:07:58.434896", "application_phone": null, "application_last_rate": null, "application_updated": "2019-09-13 08:07:58.434896", "application_created": "2019-09-11 08:58:00.323881", "application_application_type": 4, "application_connection_type": 1, "application_connection_state": 1, "user_name": "driver12", "user_id": 811, "user_username": "driver12", "user_color": "FFFFFF", "user_connection_type": 0, "user_last_login": null, "user_last_rate": null, "observation_url": "https://thor.ansur.no/signs/processing/27401", "observation_type": "photo", "preview_url": "https://thor.ansur.no/display/file/afcec2faef0f0b0b79a97036bac26560/driver12/849805cd4d7b4b233e1d61ad3651e8c4/preview.jpg", "preview_with_overlay_url": "https://thor.ansur.no/display/displayWithOverlays/afcec2faef0f0b0b79a97036bac26560/driver12/849805cd4d7b4b233e1d61ad3651e8c4/preview.jpg", "thumbnail_url": "https://thor.ansur.no/display/file/fbe6e9d08f28be3c58323c2054815f8f/driver12/849805cd4d7b4b233e1d61ad3651e8c4/thumb.jpg", "files": [{"id": 83170, "file_type": 1, "size": 9207692, "state": 0, "created": "2019-09-13 08:39:19", "request_until": null, "meta": null, "hash": "849805cd4d7b4b233e1d61ad3651e8c4", "url": null}, {"id": 83171, "file_type": 0, "size": 52954, "state": 3, "created": "2019-09-13 08:39:19", "request_until": "2019-10-13 08:39:19", "meta": null, "hash": "afcec2faef0f0b0b79a97036bac26560", "url": "https://thor.ansur.no/display/media/83171/driver12/849805cd4d7b4b233e1d61ad3651e8c4/preview.jpg"}, {"id": 83172, "file_type": 3, "size": 15263, "state": 3, "created": "2019-09-13 08:39:21", "request_until": null, "meta": "", "hash": "fbe6e9d08f28be3c58323c2054815f8f", "url": "https://thor.ansur.no/display/media/83172/driver12/849805cd4d7b4b233e1d61ad3651e8c4/thumb.jpg"}]}}]}','null');
insert into aar_service.file (id, name, mimeType, url, record_id) values (212,'record/attachements/849805cd4d7b4b233e1d61ad3651e8c4/preview.jpg','null','https://thor.ansur.no/display/media/83171/driver12/849805cd4d7b4b233e1d61ad3651e8c4/preview.jpg',2008);
insert into aar_service.file (id, name, mimeType, url, record_id) values (213,'record/attachements/849805cd4d7b4b233e1d61ad3651e8c4/thumb.jpg','null','https://thor.ansur.no/display/media/83172/driver12/849805cd4d7b4b233e1d61ad3651e8c4/thumb.jpg',2008);
insert into aar_service.record (id, clientId, sessionId, createDate, trialDate, topic, recordType, headline, msgType, recordJson, recordData) values (2009,'asign_mission','null','2019-09-13 10:39:45.191','2019-09-13 10:39:45.191','asign_info','FeatureCollection','Chemical Spill - Under Control','Info','{"type": "FeatureCollection", "bbox": null, "features": [{"type": "Feature", "bbox": null, "geometry": {"type": "Polygon", "coordinates": [[[14.8658537871233, 47.5566790058289], [14.867055416762, 47.5556479532985], [14.8662829405657, 47.5545705390216], [14.8641543392296, 47.5549876049269], [14.8645491609204, 47.556261952502], [14.8658537871233, 47.5566790058289]]]}, "properties": {"end_time": null, "name": "Chemical Spill - Under Control", "description": null, "start_time": null, "id": 254.0, "user_limit": null}}]}','null');
insert into aar_service.record (id, clientId, sessionId, createDate, trialDate, topic, recordType, headline, msgType, recordJson, recordData) values (2010,'asign_photo','null','2019-09-13 10:40:03.052','2019-09-13 10:40:03.052','photo_geojson','FeatureCollection','Chemical Spill - Under Control','Info','{"type": "FeatureCollection", "bbox": null, "features": [{"type": "Feature", "bbox": null, "geometry": {"type": "Point", "coordinates": [14.867212, 47.555729]}, "properties": {"id": 27401, "priority": 0, "viewed": true, "signature": "849805cd4d7b4b233e1d61ad3651e8c4", "instant": "2019-09-13 08:39:02", "created": "2019-09-13 08:39:19", "updated": "2019-09-13 08:39:59.90444", "caption": "No injured people", "interpretation": null, "meta": {"Source": {"filename": "original.jpg", "camera_make": "Apple", "width": 4032, "size": 9207692, "height": 3024, "direction": 331.0, "camera_model": "iPhone 6s Plus", "field_of_view": null}}, "version": null, "application_id": "a7fae54e-a7fd-4e11-8008-7f2f1a8207ca", "seen": "2019-09-13 08:39:59", "started": null, "stopped": null, "location_latitude": 47.555729, "location_longitude": 14.867212, "location_time": "2019-09-13 08:39:01", "location_accuracy": 10.0, "location_altitude": 690.659363, "location_provider": null, "location_speed": null, "location_meta": null, "mission_id": 254, "mission_name": "Chemical Spill - Under Control", "thumbnail_hash": "fbe6e9d08f28be3c58323c2054815f8f", "preview_hash": "afcec2faef0f0b0b79a97036bac26560", "category_id": null, "category_name": null, "application_device_type": 3, "application_last_login": "2019-09-13 08:07:58.434896", "application_phone": null, "application_last_rate": null, "application_updated": "2019-09-13 08:07:58.434896", "application_created": "2019-09-11 08:58:00.323881", "application_application_type": 4, "application_connection_type": 1, "application_connection_state": 1, "user_name": "driver12", "user_id": 811, "user_username": "driver12", "user_color": "FFFFFF", "user_connection_type": 0, "user_last_login": null, "user_last_rate": null, "observation_url": "https://thor.ansur.no/signs/processing/27401", "observation_type": "photo", "preview_url": "https://thor.ansur.no/display/file/afcec2faef0f0b0b79a97036bac26560/driver12/849805cd4d7b4b233e1d61ad3651e8c4/preview.jpg", "preview_with_overlay_url": "https://thor.ansur.no/display/displayWithOverlays/afcec2faef0f0b0b79a97036bac26560/driver12/849805cd4d7b4b233e1d61ad3651e8c4/preview.jpg", "thumbnail_url": "https://thor.ansur.no/display/file/fbe6e9d08f28be3c58323c2054815f8f/driver12/849805cd4d7b4b233e1d61ad3651e8c4/thumb.jpg", "files": [{"id": 83170, "file_type": 1, "size": 9207692, "state": 0, "created": "2019-09-13 08:39:19", "request_until": null, "meta": null, "hash": "849805cd4d7b4b233e1d61ad3651e8c4", "url": null}, {"id": 83171, "file_type": 0, "size": 52954, "state": 3, "created": "2019-09-13 08:39:19", "request_until": "2019-10-13 08:39:19", "meta": null, "hash": "afcec2faef0f0b0b79a97036bac26560", "url": "https://thor.ansur.no/display/media/83171/driver12/849805cd4d7b4b233e1d61ad3651e8c4/preview.jpg"}, {"id": 83172, "file_type": 3, "size": 15263, "state": 3, "created": "2019-09-13 08:39:21", "request_until": null, "meta": "", "hash": "fbe6e9d08f28be3c58323c2054815f8f", "url": "https://thor.ansur.no/display/media/83172/driver12/849805cd4d7b4b233e1d61ad3651e8c4/thumb.jpg"}]}}]}','null');
insert into aar_service.file (id, name, mimeType, url, record_id) values (214,'record/attachements/849805cd4d7b4b233e1d61ad3651e8c4/preview.jpg','null','https://thor.ansur.no/display/media/83171/driver12/849805cd4d7b4b233e1d61ad3651e8c4/preview.jpg',2010);
insert into aar_service.file (id, name, mimeType, url, record_id) values (215,'record/attachements/849805cd4d7b4b233e1d61ad3651e8c4/thumb.jpg','null','https://thor.ansur.no/display/media/83172/driver12/849805cd4d7b4b233e1d61ad3651e8c4/thumb.jpg',2010);
insert into aar_service.record (id, clientId, sessionId, createDate, trialDate, topic, recordType, headline, msgType, recordJson, recordData) values (2011,'TB-Ost','null','2019-09-13 10:40:44.462','2019-09-13 10:40:44.462','system_observer_tool_answer','ObserverToolAnswer','A new observation was reported by: Block4_Chemical_Spill-ASIGN_Observer','Info','{"trialId": 13, "sessionId": 217, "answerId": 1542, "timeSendUTC": 1568364042, "timeWhen": 1568364044000, "observationTypeName": "Block4_Chemical_Spill-ASIGN_Observer", "observervationTypeId": 1651, "observationTypeDescription": "The S2 uses other sources of information (e.g databases, internet,\u2026) for getting aditional information i.e: non visual information like population density, distance, resources allocation, etc since the information received  was not sufficient.", "description": "", "multiplicity": true, "questions": [{"id": 2860, "name": "The S2 uses other sources of information (e.g data", "description": "-", "answer": "[Not applicable]", "comment": "He got info enough about variables needed for taking desitions.", "typeOfQuestion": "checkbox"}]}','null');
insert into aar_service.record (id, clientId, sessionId, createDate, trialDate, topic, recordType, headline, msgType, recordJson, recordData) values (2012,'TB-Ost','null','2019-09-13 10:41:18.114','2019-09-13 10:41:18.114','system_observer_tool_answer','ObserverToolAnswer','A new observation was reported by: Block4_Chemical_Spill-ASIGN_Observer','Info','{"trialId": 13, "sessionId": 217, "answerId": 1543, "timeSendUTC": 1568364076, "timeWhen": 1568364078000, "observationTypeName": "Block4_Chemical_Spill-ASIGN_Observer", "observervationTypeId": 1652, "observationTypeDescription": "The S2 operator asks the Crowdtasker operator to task volunteers with additional assignments.", "description": "", "multiplicity": true, "questions": [{"id": 2861, "name": "The S2 operator asks the Crowdtasker operator to t", "description": "-", "answer": "[Not applicable]", "comment": "", "typeOfQuestion": "checkbox"}]}','null');
insert into aar_service.record (id, clientId, sessionId, createDate, trialDate, topic, recordType, headline, msgType, recordJson, recordData) values (2013,'TB-Ost','null','2019-09-13 10:41:58.44','2019-09-13 10:41:58.44','system_observer_tool_answer','ObserverToolAnswer','A new observation was reported by: Block4_Chemical_Spill-viewTerra_Observer','Info','{"trialId": 13, "sessionId": 217, "answerId": 1544, "timeSendUTC": 1568364116, "timeWhen": 1568364118000, "observationTypeName": "Block4_Chemical_Spill-viewTerra_Observer", "observervationTypeId": 1588, "observationTypeDescription": "The S2-S3 creates a report for the EL (head of operations), based on the information provided by Viewterra.", "description": "", "multiplicity": true, "questions": [{"id": 3143, "name": "The S2-S3 creates a report for the EL (head of ope", "description": "-", "answer": "[Agree]", "comment": "", "typeOfQuestion": "checkbox"}]}','null');
insert into aar_service.record (id, clientId, sessionId, createDate, trialDate, topic, recordType, headline, msgType, recordJson, recordData) values (2014,'TB-Ost','null','2019-09-13 10:42:03.306','2019-09-13 10:42:03.306','system_observer_tool_answer','ObserverToolAnswer','A new observation was reported by: Block4_Chemical_Spill-ASIGN_Observer','Info','{"trialId": 13, "sessionId": 217, "answerId": 1545, "timeSendUTC": 1568364121, "timeWhen": 1568364123000, "observationTypeName": "Block4_Chemical_Spill-ASIGN_Observer", "observervationTypeId": 1653, "observationTypeDescription": "Can you observe, the S2 is using the information received by crowdtasker?", "description": "", "multiplicity": true, "questions": [{"id": 2862, "name": "Can you observe, the S2 is using the information r", "description": "-", "answer": "[Not applicable]", "comment": " I am observing asign.", "typeOfQuestion": "checkbox"}]}','null');
insert into aar_service.record (id, clientId, sessionId, createDate, trialDate, topic, recordType, headline, msgType, recordJson, recordData) values (2062,'TB-Ost','null','2019-09-13 11:19:13.835','2019-09-13 11:19:13.835','system_observer_tool_answer','ObserverToolAnswer','A new observation was reported by: Block4_Chemical_Spill-CrowdTasker_Field observer','Info','{"trialId": 13, "sessionId": 220, "answerId": 1562, "timeSendUTC": 1568366351, "timeWhen": 1568364577000, "observationTypeName": "Block4_Chemical_Spill-CrowdTasker_Field observer", "observervationTypeId": 1622, "observationTypeDescription": "The volunteers know what to do when they get a task by crowdtasker.", "description": "", "multiplicity": true, "questions": [{"id": 2896, "name": "The volunteers know what to do when they get a tas", "description": "-", "answer": "[Agree]", "comment": "A task was given to say where chemical plants are in eisenertz. A bit strange questionto ask civilians", "typeOfQuestion": "checkbox"}]}','null');
insert into aar_service.record (id, clientId, sessionId, createDate, trialDate, topic, recordType, headline, msgType, recordJson, recordData) values (2015,'asign_photo','null','2019-09-13 10:42:08.112','2019-09-13 10:42:08.112','photo_geojson','FeatureCollection','Chemical Spill - Under Control','Info','{"type": "FeatureCollection", "bbox": null, "features": [{"type": "Feature", "bbox": null, "geometry": {"type": "Point", "coordinates": [14.867212, 47.555729]}, "properties": {"id": 27401, "priority": 0, "viewed": true, "signature": "849805cd4d7b4b233e1d61ad3651e8c4", "instant": "2019-09-13 08:39:02", "created": "2019-09-13 08:39:19", "updated": "2019-09-13 08:42:04.364838", "caption": "No injured people", "interpretation": null, "meta": {"Source": {"filename": "original.jpg", "camera_make": "Apple", "width": 4032, "size": 9207692, "height": 3024, "direction": 331.0, "camera_model": "iPhone 6s Plus", "field_of_view": null}}, "version": null, "application_id": "a7fae54e-a7fd-4e11-8008-7f2f1a8207ca", "seen": "2019-09-13 08:39:59", "started": null, "stopped": null, "location_latitude": 47.555729, "location_longitude": 14.867212, "location_time": "2019-09-13 08:39:01", "location_accuracy": 10.0, "location_altitude": 690.659363, "location_provider": null, "location_speed": null, "location_meta": null, "mission_id": 254, "mission_name": "Chemical Spill - Under Control", "thumbnail_hash": "fbe6e9d08f28be3c58323c2054815f8f", "preview_hash": "afcec2faef0f0b0b79a97036bac26560", "category_id": null, "category_name": null, "application_device_type": 3, "application_last_login": "2019-09-13 08:07:58.434896", "application_phone": null, "application_last_rate": null, "application_updated": "2019-09-13 08:07:58.434896", "application_created": "2019-09-11 08:58:00.323881", "application_application_type": 4, "application_connection_type": 1, "application_connection_state": 1, "user_name": "driver12", "user_id": 811, "user_username": "driver12", "user_color": "FFFFFF", "user_connection_type": 0, "user_last_login": null, "user_last_rate": null, "observation_url": "https://thor.ansur.no/signs/processing/27401", "observation_type": "photo", "preview_url": "https://thor.ansur.no/display/file/afcec2faef0f0b0b79a97036bac26560/driver12/849805cd4d7b4b233e1d61ad3651e8c4/preview.jpg", "preview_with_overlay_url": "https://thor.ansur.no/display/displayWithOverlays/afcec2faef0f0b0b79a97036bac26560/driver12/849805cd4d7b4b233e1d61ad3651e8c4/preview.jpg", "thumbnail_url": "https://thor.ansur.no/display/file/fbe6e9d08f28be3c58323c2054815f8f/driver12/849805cd4d7b4b233e1d61ad3651e8c4/thumb.jpg", "files": [{"id": 83170, "file_type": 1, "size": 9207692, "state": 0, "created": "2019-09-13 08:39:19", "request_until": null, "meta": null, "hash": "849805cd4d7b4b233e1d61ad3651e8c4", "url": null}, {"id": 83171, "file_type": 0, "size": 52954, "state": 3, "created": "2019-09-13 08:39:19", "request_until": "2019-10-13 08:39:19", "meta": null, "hash": "afcec2faef0f0b0b79a97036bac26560", "url": "https://thor.ansur.no/display/media/83171/driver12/849805cd4d7b4b233e1d61ad3651e8c4/preview.jpg"}, {"id": 83172, "file_type": 3, "size": 15263, "state": 3, "created": "2019-09-13 08:39:21", "request_until": null, "meta": "", "hash": "fbe6e9d08f28be3c58323c2054815f8f", "url": "https://thor.ansur.no/display/media/83172/driver12/849805cd4d7b4b233e1d61ad3651e8c4/thumb.jpg"}, {"id": 83173, "file_type": 2, "size": null, "state": 1, "created": "2019-09-13 08:42:03", "request_until": "2019-10-13 08:42:03", "meta": {"Region": {"x": 761, "y": 940, "width": 484, "height": 484, "scale": 1.0, "quality": 90}}, "hash": null, "url": null}]}}]}','null');
insert into aar_service.file (id, name, mimeType, url, record_id) values (216,'record/attachements/849805cd4d7b4b233e1d61ad3651e8c4/preview.jpg','null','https://thor.ansur.no/display/media/83171/driver12/849805cd4d7b4b233e1d61ad3651e8c4/preview.jpg',2015);
insert into aar_service.file (id, name, mimeType, url, record_id) values (217,'record/attachements/849805cd4d7b4b233e1d61ad3651e8c4/thumb.jpg','null','https://thor.ansur.no/display/media/83172/driver12/849805cd4d7b4b233e1d61ad3651e8c4/thumb.jpg',2015);
insert into aar_service.record (id, clientId, sessionId, createDate, trialDate, topic, recordType, headline, msgType, recordJson, recordData) values (2016,'asign_photo','null','2019-09-13 10:42:18.169','2019-09-13 10:42:18.169','photo_geojson','FeatureCollection','Chemical Spill - Under Control','Info','{"type": "FeatureCollection", "bbox": null, "features": [{"type": "Feature", "bbox": null, "geometry": {"type": "Point", "coordinates": [14.867212, 47.555729]}, "properties": {"id": 27401, "priority": 0, "viewed": true, "signature": "849805cd4d7b4b233e1d61ad3651e8c4", "instant": "2019-09-13 08:39:02", "created": "2019-09-13 08:39:19", "updated": "2019-09-13 08:42:05.717425", "caption": "No injured people", "interpretation": null, "meta": {"Source": {"filename": "original.jpg", "camera_make": "Apple", "width": 4032, "size": 9207692, "height": 3024, "direction": 331.0, "camera_model": "iPhone 6s Plus", "field_of_view": null}}, "version": null, "application_id": "a7fae54e-a7fd-4e11-8008-7f2f1a8207ca", "seen": "2019-09-13 08:39:59", "started": null, "stopped": null, "location_latitude": 47.555729, "location_longitude": 14.867212, "location_time": "2019-09-13 08:39:01", "location_accuracy": 10.0, "location_altitude": 690.659363, "location_provider": null, "location_speed": null, "location_meta": null, "mission_id": 254, "mission_name": "Chemical Spill - Under Control", "thumbnail_hash": "fbe6e9d08f28be3c58323c2054815f8f", "preview_hash": "afcec2faef0f0b0b79a97036bac26560", "category_id": null, "category_name": null, "application_device_type": 3, "application_last_login": "2019-09-13 08:07:58.434896", "application_phone": null, "application_last_rate": null, "application_updated": "2019-09-13 08:07:58.434896", "application_created": "2019-09-11 08:58:00.323881", "application_application_type": 4, "application_connection_type": 1, "application_connection_state": 1, "user_name": "driver12", "user_id": 811, "user_username": "driver12", "user_color": "FFFFFF", "user_connection_type": 0, "user_last_login": null, "user_last_rate": null, "observation_url": "https://thor.ansur.no/signs/processing/27401", "observation_type": "photo", "preview_url": "https://thor.ansur.no/display/file/afcec2faef0f0b0b79a97036bac26560/driver12/849805cd4d7b4b233e1d61ad3651e8c4/preview.jpg", "preview_with_overlay_url": "https://thor.ansur.no/display/displayWithOverlays/afcec2faef0f0b0b79a97036bac26560/driver12/849805cd4d7b4b233e1d61ad3651e8c4/preview.jpg", "thumbnail_url": "https://thor.ansur.no/display/file/fbe6e9d08f28be3c58323c2054815f8f/driver12/849805cd4d7b4b233e1d61ad3651e8c4/thumb.jpg", "files": [{"id": 83170, "file_type": 1, "size": 9207692, "state": 0, "created": "2019-09-13 08:39:19", "request_until": null, "meta": null, "hash": "849805cd4d7b4b233e1d61ad3651e8c4", "url": null}, {"id": 83171, "file_type": 0, "size": 52954, "state": 3, "created": "2019-09-13 08:39:19", "request_until": "2019-10-13 08:39:19", "meta": null, "hash": "afcec2faef0f0b0b79a97036bac26560", "url": "https://thor.ansur.no/display/media/83171/driver12/849805cd4d7b4b233e1d61ad3651e8c4/preview.jpg"}, {"id": 83172, "file_type": 3, "size": 15263, "state": 3, "created": "2019-09-13 08:39:21", "request_until": null, "meta": "", "hash": "fbe6e9d08f28be3c58323c2054815f8f", "url": "https://thor.ansur.no/display/media/83172/driver12/849805cd4d7b4b233e1d61ad3651e8c4/thumb.jpg"}, {"id": 83173, "file_type": 2, "size": 103146, "state": 3, "created": "2019-09-13 08:42:03", "request_until": "2019-10-13 08:42:03", "meta": {"Region": {"x": 761, "y": 940, "width": 484, "height": 484, "scale": 1.0, "quality": 90}}, "hash": "c86a1dfe5e69a45d0ade486d97331f3a", "url": "https://thor.ansur.no/display/media/83173/driver12/849805cd4d7b4b233e1d61ad3651e8c4/roi_726647168.jpg"}]}}]}','null');
insert into aar_service.file (id, name, mimeType, url, record_id) values (218,'record/attachements/849805cd4d7b4b233e1d61ad3651e8c4/preview.jpg','null','https://thor.ansur.no/display/media/83171/driver12/849805cd4d7b4b233e1d61ad3651e8c4/preview.jpg',2016);
insert into aar_service.file (id, name, mimeType, url, record_id) values (219,'record/attachements/849805cd4d7b4b233e1d61ad3651e8c4/thumb.jpg','null','https://thor.ansur.no/display/media/83172/driver12/849805cd4d7b4b233e1d61ad3651e8c4/thumb.jpg',2016);
insert into aar_service.file (id, name, mimeType, url, record_id) values (220,'record/attachements/849805cd4d7b4b233e1d61ad3651e8c4/roi_726647168.jpg','null','https://thor.ansur.no/display/media/83173/driver12/849805cd4d7b4b233e1d61ad3651e8c4/roi_726647168.jpg',2016);
insert into aar_service.record (id, clientId, sessionId, createDate, trialDate, topic, recordType, headline, msgType, recordJson, recordData) values (2017,'asign_photo','null','2019-09-13 10:44:13.232','2019-09-13 10:44:13.232','photo_geojson','FeatureCollection','Chemical Spill - Under Control','Info','{"type": "FeatureCollection", "bbox": null, "features": [{"type": "Feature", "bbox": null, "geometry": {"type": "Point", "coordinates": [14.866658, 47.555958]}, "properties": {"id": 27395, "priority": 1, "viewed": true, "signature": "4141418e428ad01e29be38eb16d6600d", "instant": "2019-09-13 08:15:50", "created": "2019-09-13 08:16:42", "updated": "2019-09-13 08:44:02.037713", "caption": "Hi there a day you can use to voicemail capability here", "interpretation": null, "meta": {"Source": {"filename": "original.jpg", "camera_make": "Apple", "width": 4032, "size": 9551060, "height": 3024, "direction": 4.0, "camera_model": "iPhone X", "field_of_view": null}}, "version": null, "application_id": "6ff1f0c0-fbe4-4bd4-bd52-06083b37e6b9", "seen": "2019-09-13 08:16:49", "started": null, "stopped": null, "location_latitude": 47.555958, "location_longitude": 14.866658, "location_time": "2019-09-13 08:15:46", "location_accuracy": 16.0, "location_altitude": 680.847534, "location_provider": null, "location_speed": null, "location_meta": null, "mission_id": 254, "mission_name": "Chemical Spill - Under Control", "thumbnail_hash": "056133975d1739e617eac7c55b5c013f", "preview_hash": "ffafaf0bc085053293a68641cbb06b48", "category_id": null, "category_name": null, "application_device_type": 3, "application_last_login": "2019-09-13 08:12:35.709812", "application_phone": null, "application_last_rate": null, "application_updated": "2019-09-13 08:40:29.151552", "application_created": "2019-09-11 09:22:07.448009", "application_application_type": 4, "application_connection_type": 1, "application_connection_state": 0, "user_name": "driver14", "user_id": 813, "user_username": "driver14", "user_color": "E51717", "user_connection_type": 0, "user_last_login": null, "user_last_rate": null, "observation_url": "https://thor.ansur.no/signs/processing/27395", "observation_type": "photo", "preview_url": "https://thor.ansur.no/display/file/ffafaf0bc085053293a68641cbb06b48/driver14/4141418e428ad01e29be38eb16d6600d/preview.jpg", "preview_with_overlay_url": "https://thor.ansur.no/display/displayWithOverlays/ffafaf0bc085053293a68641cbb06b48/driver14/4141418e428ad01e29be38eb16d6600d/preview.jpg", "thumbnail_url": "https://thor.ansur.no/display/file/056133975d1739e617eac7c55b5c013f/driver14/4141418e428ad01e29be38eb16d6600d/thumb.jpg", "files": [{"id": 83140, "file_type": 1, "size": 9551060, "state": 0, "created": "2019-09-13 08:16:42", "request_until": null, "meta": null, "hash": "4141418e428ad01e29be38eb16d6600d", "url": null}, {"id": 83141, "file_type": 0, "size": 46615, "state": 3, "created": "2019-09-13 08:16:42", "request_until": "2019-10-13 08:16:42", "meta": null, "hash": "ffafaf0bc085053293a68641cbb06b48", "url": "https://thor.ansur.no/display/media/83141/driver14/4141418e428ad01e29be38eb16d6600d/preview.jpg"}, {"id": 83142, "file_type": 3, "size": 14641, "state": 3, "created": "2019-09-13 08:16:45", "request_until": null, "meta": "", "hash": "056133975d1739e617eac7c55b5c013f", "url": "https://thor.ansur.no/display/media/83142/driver14/4141418e428ad01e29be38eb16d6600d/thumb.jpg"}, {"id": 83143, "file_type": 11, "size": 34800, "state": 3, "created": "2019-09-13 08:16:46", "request_until": null, "meta": null, "hash": "a229a045e1eb7f387ac4ca10f09b8d78", "url": "https://thor.ansur.no/display/media/83143/driver14/4141418e428ad01e29be38eb16d6600d/audio_caption_1568362606.4944.m4a"}, {"id": 83144, "file_type": 2, "size": 50318, "state": 3, "created": "2019-09-13 08:17:08", "request_until": "2019-10-13 08:17:08", "meta": {"Region": {"x": 1033, "y": 1594, "width": 352, "height": 341, "scale": 1.0, "quality": 85}}, "hash": "ff98cc7062217407939b4594d5723ef2", "url": "https://thor.ansur.no/display/media/83144/driver14/4141418e428ad01e29be38eb16d6600d/roi_2143010267.jpg"}, {"id": 83169, "file_type": 2, "size": 181396, "state": 3, "created": "2019-09-13 08:37:59", "request_until": "2019-10-13 08:37:59", "meta": {"Region": {"x": 2417, "y": 781, "width": 778, "height": 660, "scale": 1.0, "quality": 90}}, "hash": "ca628b155ddaff879384517c45d7f85d", "url": "https://thor.ansur.no/display/media/83169/driver14/4141418e428ad01e29be38eb16d6600d/roi_205009447.jpg"}]}}]}','null');
insert into aar_service.file (id, name, mimeType, url, record_id) values (221,'record/attachements/4141418e428ad01e29be38eb16d6600d/preview.jpg','null','https://thor.ansur.no/display/media/83141/driver14/4141418e428ad01e29be38eb16d6600d/preview.jpg',2017);
insert into aar_service.file (id, name, mimeType, url, record_id) values (222,'record/attachements/4141418e428ad01e29be38eb16d6600d/thumb.jpg','null','https://thor.ansur.no/display/media/83142/driver14/4141418e428ad01e29be38eb16d6600d/thumb.jpg',2017);
insert into aar_service.file (id, name, mimeType, url, record_id) values (223,'record/attachements/4141418e428ad01e29be38eb16d6600d/audio_caption_1568362606.4944.m4a','null','https://thor.ansur.no/display/media/83143/driver14/4141418e428ad01e29be38eb16d6600d/audio_caption_1568362606.4944.m4a',2017);
insert into aar_service.file (id, name, mimeType, url, record_id) values (224,'record/attachements/4141418e428ad01e29be38eb16d6600d/roi_2143010267.jpg','null','https://thor.ansur.no/display/media/83144/driver14/4141418e428ad01e29be38eb16d6600d/roi_2143010267.jpg',2017);
insert into aar_service.file (id, name, mimeType, url, record_id) values (225,'record/attachements/4141418e428ad01e29be38eb16d6600d/roi_205009447.jpg','null','https://thor.ansur.no/display/media/83169/driver14/4141418e428ad01e29be38eb16d6600d/roi_205009447.jpg',2017);
insert into aar_service.record (id, clientId, sessionId, createDate, trialDate, topic, recordType, headline, msgType, recordJson, recordData) values (2018,'CrowdTaskerProducer','null','2019-09-13 10:45:06.911','2019-09-13 10:45:06.911','crowd-tasker_info','FeatureCollection','Crowdtasker Task Report','Info','{"type": "FeatureCollection", "bbox": null, "features": [{"type": "Feature", "bbox": null, "geometry": {"type": "Polygon", "coordinates": [[[14.862785, 47.577925], [14.844589, 47.554744], [14.877548, 47.527376], [14.927673, 47.535727], [14.966125, 47.557526], [14.862785, 47.577925]]]}, "properties": {"name": "Crowdtasker Task Report", "GUID": "efcc187ff1e2843", "description": "Incident Report", "title": "Damaged Building ", "type": "VOLUNTEER_REPORT", "content": "Another damaged building"}}, {"type": "Feature", "bbox": null, "geometry": {"type": "Point", "coordinates": [14.8892878, 47.5424071]}, "properties": {"image_ref": "https://crowdtasker.ait.ac.at/api/v3/cta/attachments/at59ffaa7e2d294b"}}]}','null');
insert into aar_service.file (id, name, mimeType, url, record_id) values (226,'record/attachements/at59ffaa7e2d294b','null','https://crowdtasker.ait.ac.at/api/v3/cta/attachments/at59ffaa7e2d294b',2018);
insert into aar_service.record (id, clientId, sessionId, createDate, trialDate, topic, recordType, headline, msgType, recordJson, recordData) values (2019,'asign_photo','null','2019-09-13 10:45:23.303','2019-09-13 10:45:23.303','photo_geojson','FeatureCollection','Chemical Spill - Under Control','Info','{"type": "FeatureCollection", "bbox": null, "features": [{"type": "Feature", "bbox": null, "geometry": {"type": "Point", "coordinates": [14.867225, 47.555672]}, "properties": {"id": 27402, "priority": 4, "viewed": false, "signature": "753cab259597492d45c4ff8e23cece4a", "instant": "2019-09-13 08:44:55", "created": "2019-09-13 08:45:12", "updated": "2019-09-13 08:45:15.998336", "caption": "The liquid is oil", "interpretation": null, "meta": {"Source": {"filename": "original.jpg", "camera_make": "Apple", "width": 4032, "size": 11666141, "height": 3024, "direction": 326.0, "camera_model": "iPhone 6s Plus", "field_of_view": null}}, "version": null, "application_id": "a7fae54e-a7fd-4e11-8008-7f2f1a8207ca", "seen": null, "started": null, "stopped": null, "location_latitude": 47.555672, "location_longitude": 14.867225, "location_time": "2019-09-13 08:44:31", "location_accuracy": 5.0, "location_altitude": 690.811829, "location_provider": null, "location_speed": null, "location_meta": null, "mission_id": 254, "mission_name": "Chemical Spill - Under Control", "thumbnail_hash": "b1d50f20fa29ac3498b511f6779a32fd", "preview_hash": "e4a21ef92dd47fbeadc06e67e4d60d26", "category_id": null, "category_name": null, "application_device_type": 3, "application_last_login": "2019-09-13 08:07:58.434896", "application_phone": null, "application_last_rate": null, "application_updated": "2019-09-13 08:07:58.434896", "application_created": "2019-09-11 08:58:00.323881", "application_application_type": 4, "application_connection_type": 1, "application_connection_state": 1, "user_name": "driver12", "user_id": 811, "user_username": "driver12", "user_color": "FFFFFF", "user_connection_type": 0, "user_last_login": null, "user_last_rate": null, "observation_url": "https://thor.ansur.no/signs/processing/27402", "observation_type": "photo", "preview_url": "https://thor.ansur.no/display/file/e4a21ef92dd47fbeadc06e67e4d60d26/driver12/753cab259597492d45c4ff8e23cece4a/preview.jpg", "preview_with_overlay_url": "https://thor.ansur.no/display/displayWithOverlays/e4a21ef92dd47fbeadc06e67e4d60d26/driver12/753cab259597492d45c4ff8e23cece4a/preview.jpg", "thumbnail_url": "https://thor.ansur.no/display/file/b1d50f20fa29ac3498b511f6779a32fd/driver12/753cab259597492d45c4ff8e23cece4a/thumb.jpg", "files": [{"id": 83174, "file_type": 1, "size": 11666141, "state": 0, "created": "2019-09-13 08:45:12", "request_until": null, "meta": null, "hash": "753cab259597492d45c4ff8e23cece4a", "url": null}, {"id": 83175, "file_type": 0, "size": 61376, "state": 3, "created": "2019-09-13 08:45:12", "request_until": "2019-10-13 08:45:12", "meta": null, "hash": "e4a21ef92dd47fbeadc06e67e4d60d26", "url": "https://thor.ansur.no/display/media/83175/driver12/753cab259597492d45c4ff8e23cece4a/preview.jpg"}, {"id": 83176, "file_type": 3, "size": 13862, "state": 3, "created": "2019-09-13 08:45:15", "request_until": null, "meta": "", "hash": "b1d50f20fa29ac3498b511f6779a32fd", "url": "https://thor.ansur.no/display/media/83176/driver12/753cab259597492d45c4ff8e23cece4a/thumb.jpg"}]}}]}','null');
insert into aar_service.file (id, name, mimeType, url, record_id) values (227,'record/attachements/753cab259597492d45c4ff8e23cece4a/preview.jpg','null','https://thor.ansur.no/display/media/83175/driver12/753cab259597492d45c4ff8e23cece4a/preview.jpg',2019);
insert into aar_service.file (id, name, mimeType, url, record_id) values (228,'record/attachements/753cab259597492d45c4ff8e23cece4a/thumb.jpg','null','https://thor.ansur.no/display/media/83176/driver12/753cab259597492d45c4ff8e23cece4a/thumb.jpg',2019);
insert into aar_service.record (id, clientId, sessionId, createDate, trialDate, topic, recordType, headline, msgType, recordJson, recordData) values (2020,'asign_photo','null','2019-09-13 10:45:43.36','2019-09-13 10:45:43.36','photo_geojson','FeatureCollection','Chemical Spill - Under Control','Info','{"type": "FeatureCollection", "bbox": null, "features": [{"type": "Feature", "bbox": null, "geometry": {"type": "Point", "coordinates": [14.867225, 47.555672]}, "properties": {"id": 27402, "priority": 4, "viewed": true, "signature": "753cab259597492d45c4ff8e23cece4a", "instant": "2019-09-13 08:44:55", "created": "2019-09-13 08:45:12", "updated": "2019-09-13 08:45:38.784246", "caption": "The liquid is oil", "interpretation": null, "meta": {"Source": {"filename": "original.jpg", "camera_make": "Apple", "width": 4032, "size": 11666141, "height": 3024, "direction": 326.0, "camera_model": "iPhone 6s Plus", "field_of_view": null}}, "version": null, "application_id": "a7fae54e-a7fd-4e11-8008-7f2f1a8207ca", "seen": "2019-09-13 08:45:38", "started": null, "stopped": null, "location_latitude": 47.555672, "location_longitude": 14.867225, "location_time": "2019-09-13 08:44:31", "location_accuracy": 5.0, "location_altitude": 690.811829, "location_provider": null, "location_speed": null, "location_meta": null, "mission_id": 254, "mission_name": "Chemical Spill - Under Control", "thumbnail_hash": "b1d50f20fa29ac3498b511f6779a32fd", "preview_hash": "e4a21ef92dd47fbeadc06e67e4d60d26", "category_id": null, "category_name": null, "application_device_type": 3, "application_last_login": "2019-09-13 08:07:58.434896", "application_phone": null, "application_last_rate": null, "application_updated": "2019-09-13 08:07:58.434896", "application_created": "2019-09-11 08:58:00.323881", "application_application_type": 4, "application_connection_type": 1, "application_connection_state": 1, "user_name": "driver12", "user_id": 811, "user_username": "driver12", "user_color": "FFFFFF", "user_connection_type": 0, "user_last_login": null, "user_last_rate": null, "observation_url": "https://thor.ansur.no/signs/processing/27402", "observation_type": "photo", "preview_url": "https://thor.ansur.no/display/file/e4a21ef92dd47fbeadc06e67e4d60d26/driver12/753cab259597492d45c4ff8e23cece4a/preview.jpg", "preview_with_overlay_url": "https://thor.ansur.no/display/displayWithOverlays/e4a21ef92dd47fbeadc06e67e4d60d26/driver12/753cab259597492d45c4ff8e23cece4a/preview.jpg", "thumbnail_url": "https://thor.ansur.no/display/file/b1d50f20fa29ac3498b511f6779a32fd/driver12/753cab259597492d45c4ff8e23cece4a/thumb.jpg", "files": [{"id": 83174, "file_type": 1, "size": 11666141, "state": 0, "created": "2019-09-13 08:45:12", "request_until": null, "meta": null, "hash": "753cab259597492d45c4ff8e23cece4a", "url": null}, {"id": 83175, "file_type": 0, "size": 61376, "state": 3, "created": "2019-09-13 08:45:12", "request_until": "2019-10-13 08:45:12", "meta": null, "hash": "e4a21ef92dd47fbeadc06e67e4d60d26", "url": "https://thor.ansur.no/display/media/83175/driver12/753cab259597492d45c4ff8e23cece4a/preview.jpg"}, {"id": 83176, "file_type": 3, "size": 13862, "state": 3, "created": "2019-09-13 08:45:15", "request_until": null, "meta": "", "hash": "b1d50f20fa29ac3498b511f6779a32fd", "url": "https://thor.ansur.no/display/media/83176/driver12/753cab259597492d45c4ff8e23cece4a/thumb.jpg"}]}}]}','null');
insert into aar_service.file (id, name, mimeType, url, record_id) values (229,'record/attachements/753cab259597492d45c4ff8e23cece4a/preview.jpg','null','https://thor.ansur.no/display/media/83175/driver12/753cab259597492d45c4ff8e23cece4a/preview.jpg',2020);
insert into aar_service.file (id, name, mimeType, url, record_id) values (230,'record/attachements/753cab259597492d45c4ff8e23cece4a/thumb.jpg','null','https://thor.ansur.no/display/media/83176/driver12/753cab259597492d45c4ff8e23cece4a/thumb.jpg',2020);
insert into aar_service.record (id, clientId, sessionId, createDate, trialDate, topic, recordType, headline, msgType, recordJson, recordData) values (2021,'CrowdTaskerProducer','null','2019-09-13 10:47:10.121','2019-09-13 10:47:10.121','crowd-tasker_info','FeatureCollection','Crowdtasker Task Report','Info','{"type": "FeatureCollection", "bbox": null, "features": [{"type": "Feature", "bbox": null, "geometry": {"type": "Polygon", "coordinates": [[[14.862785, 47.577925], [14.844589, 47.554744], [14.877548, 47.527376], [14.927673, 47.535727], [14.966125, 47.557526], [14.862785, 47.577925]]]}, "properties": {"name": "Crowdtasker Task Report", "GUID": "efcc187ff1e2843", "description": "Incident Report", "title": "Address of damaged building", "type": "VOLUNTEER_REPORT", "content": " Austrae 2 bis 4"}}, {"type": "Feature", "bbox": null, "geometry": {"type": "Point", "coordinates": [14.8892878, 47.5424071]}, "properties": {"image_ref": "https://crowdtasker.ait.ac.at/api/v3/cta/attachments/at59ffaa7e2d294b"}}]}','null');
insert into aar_service.file (id, name, mimeType, url, record_id) values (231,'record/attachements/at59ffaa7e2d294b','null','https://crowdtasker.ait.ac.at/api/v3/cta/attachments/at59ffaa7e2d294b',2021);
insert into aar_service.record (id, clientId, sessionId, createDate, trialDate, topic, recordType, headline, msgType, recordJson, recordData) values (2022,'asign_photo','null','2019-09-13 10:48:18.429','2019-09-13 10:48:18.429','photo_geojson','FeatureCollection','Chemical Spill - Under Control','Info','{"type": "FeatureCollection", "bbox": null, "features": [{"type": "Feature", "bbox": null, "geometry": {"type": "Point", "coordinates": [14.866761, 47.555779]}, "properties": {"id": 27403, "priority": 0, "viewed": false, "signature": "07f1e7f5f04eee47524a055de0b6fa2b", "instant": "2019-09-13 08:48:03", "created": "2019-09-13 08:48:13", "updated": "2019-09-13 08:48:15.203807", "caption": "Test", "interpretation": null, "meta": {"Source": {"filename": "original.jpg", "camera_make": "Sony", "width": 3096, "size": 8325949, "height": 5504, "direction": 270.0, "camera_model": "G8441", "field_of_view": null}}, "version": null, "application_id": "eeb7dcf4-07ca-40f8-b63c-24c36fb05707", "seen": null, "started": null, "stopped": null, "location_latitude": 47.555779, "location_longitude": 14.866761, "location_time": "2019-09-13 08:47:52", "location_accuracy": 26.800001, "location_altitude": 703.648438, "location_provider": null, "location_speed": null, "location_meta": null, "mission_id": 254, "mission_name": "Chemical Spill - Under Control", "thumbnail_hash": "56f821741547a7c5d766a43e4af6a003", "preview_hash": "c85635e5d5332cc5a0851926898a6f5d", "category_id": null, "category_name": null, "application_device_type": 2, "application_last_login": "2019-09-13 08:47:25.977689", "application_phone": null, "application_last_rate": null, "application_updated": "2019-09-13 08:47:25.977689", "application_created": "2019-09-13 07:39:51.086685", "application_application_type": 4, "application_connection_type": 1, "application_connection_state": 1, "user_name": "observer2", "user_id": 817, "user_username": "observer2", "user_color": "E61212", "user_connection_type": 0, "user_last_login": null, "user_last_rate": null, "observation_url": "https://thor.ansur.no/signs/processing/27403", "observation_type": "photo", "preview_url": "https://thor.ansur.no/display/file/c85635e5d5332cc5a0851926898a6f5d/observer2/07f1e7f5f04eee47524a055de0b6fa2b/preview.jpg", "preview_with_overlay_url": "https://thor.ansur.no/display/displayWithOverlays/c85635e5d5332cc5a0851926898a6f5d/observer2/07f1e7f5f04eee47524a055de0b6fa2b/preview.jpg", "thumbnail_url": "https://thor.ansur.no/display/file/56f821741547a7c5d766a43e4af6a003/observer2/07f1e7f5f04eee47524a055de0b6fa2b/thumb.jpg", "files": [{"id": 83177, "file_type": 1, "size": 8325949, "state": 0, "created": "2019-09-13 08:48:13", "request_until": null, "meta": null, "hash": "07f1e7f5f04eee47524a055de0b6fa2b", "url": null}, {"id": 83178, "file_type": 0, "size": 38250, "state": 3, "created": "2019-09-13 08:48:13", "request_until": "2019-10-13 08:48:13", "meta": null, "hash": "c85635e5d5332cc5a0851926898a6f5d", "url": "https://thor.ansur.no/display/media/83178/observer2/07f1e7f5f04eee47524a055de0b6fa2b/preview.jpg"}, {"id": 83179, "file_type": 3, "size": 31750, "state": 3, "created": "2019-09-13 08:48:15", "request_until": null, "meta": "", "hash": "56f821741547a7c5d766a43e4af6a003", "url": "https://thor.ansur.no/display/media/83179/observer2/07f1e7f5f04eee47524a055de0b6fa2b/thumb.jpg"}]}}]}','null');
insert into aar_service.file (id, name, mimeType, url, record_id) values (232,'record/attachements/07f1e7f5f04eee47524a055de0b6fa2b/preview.jpg','null','https://thor.ansur.no/display/media/83178/observer2/07f1e7f5f04eee47524a055de0b6fa2b/preview.jpg',2022);
insert into aar_service.file (id, name, mimeType, url, record_id) values (233,'record/attachements/07f1e7f5f04eee47524a055de0b6fa2b/thumb.jpg','null','https://thor.ansur.no/display/media/83179/observer2/07f1e7f5f04eee47524a055de0b6fa2b/thumb.jpg',2022);
insert into aar_service.record (id, clientId, sessionId, createDate, trialDate, topic, recordType, headline, msgType, recordJson, recordData) values (2023,'TB-Ost','null','2019-09-13 10:49:04.951','2019-09-13 10:49:04.951','system_observer_tool_answer','ObserverToolAnswer','A new observation was reported by: Block4_Chemical_Spill-ASIGN_Observer','Info','{"trialId": 13, "sessionId": 217, "answerId": 1546, "timeSendUTC": 1568364543, "timeWhen": 1568364543000, "observationTypeName": "Block4_Chemical_Spill-ASIGN_Observer", "observervationTypeId": 1646, "observationTypeDescription": "Was ASIGN able to recieve a request for a \u201Cnot safe\u201D zone?", "description": "", "multiplicity": true, "questions": [{"id": 2854, "name": "Was ASIGN able to recieve a request for a \u201Cnot saf", "description": "-", "answer": "Not applicable", "comment": "", "typeOfQuestion": "radiobutton"}]}','null');
insert into aar_service.record (id, clientId, sessionId, createDate, trialDate, topic, recordType, headline, msgType, recordJson, recordData) values (2024,'asign_photo','null','2019-09-13 10:49:43.488','2019-09-13 10:49:43.488','photo_geojson','FeatureCollection','Chemical Spill - Under Control','Info','{"type": "FeatureCollection", "bbox": null, "features": [{"type": "Feature", "bbox": null, "geometry": {"type": "Point", "coordinates": [14.866658, 47.555958]}, "properties": {"id": 27395, "priority": 0, "viewed": true, "signature": "4141418e428ad01e29be38eb16d6600d", "instant": "2019-09-13 08:15:50", "created": "2019-09-13 08:16:42", "updated": "2019-09-13 08:49:38.439585", "caption": "Hi there a day you can use to voicemail capability here", "interpretation": null, "meta": {"Source": {"filename": "original.jpg", "camera_make": "Apple", "width": 4032, "size": 9551060, "height": 3024, "direction": 4.0, "camera_model": "iPhone X", "field_of_view": null}}, "version": null, "application_id": "6ff1f0c0-fbe4-4bd4-bd52-06083b37e6b9", "seen": "2019-09-13 08:16:49", "started": null, "stopped": null, "location_latitude": 47.555958, "location_longitude": 14.866658, "location_time": "2019-09-13 08:15:46", "location_accuracy": 16.0, "location_altitude": 680.847534, "location_provider": null, "location_speed": null, "location_meta": null, "mission_id": 254, "mission_name": "Chemical Spill - Under Control", "thumbnail_hash": "056133975d1739e617eac7c55b5c013f", "preview_hash": "ffafaf0bc085053293a68641cbb06b48", "category_id": null, "category_name": null, "application_device_type": 3, "application_last_login": "2019-09-13 08:46:54.054137", "application_phone": null, "application_last_rate": null, "application_updated": "2019-09-13 08:46:54.054137", "application_created": "2019-09-11 09:22:07.448009", "application_application_type": 4, "application_connection_type": 1, "application_connection_state": 1, "user_name": "driver14", "user_id": 813, "user_username": "driver14", "user_color": "E51717", "user_connection_type": 0, "user_last_login": null, "user_last_rate": null, "observation_url": "https://thor.ansur.no/signs/processing/27395", "observation_type": "photo", "preview_url": "https://thor.ansur.no/display/file/ffafaf0bc085053293a68641cbb06b48/driver14/4141418e428ad01e29be38eb16d6600d/preview.jpg", "preview_with_overlay_url": "https://thor.ansur.no/display/displayWithOverlays/ffafaf0bc085053293a68641cbb06b48/driver14/4141418e428ad01e29be38eb16d6600d/preview.jpg", "thumbnail_url": "https://thor.ansur.no/display/file/056133975d1739e617eac7c55b5c013f/driver14/4141418e428ad01e29be38eb16d6600d/thumb.jpg", "files": [{"id": 83140, "file_type": 1, "size": 9551060, "state": 0, "created": "2019-09-13 08:16:42", "request_until": null, "meta": null, "hash": "4141418e428ad01e29be38eb16d6600d", "url": null}, {"id": 83141, "file_type": 0, "size": 46615, "state": 3, "created": "2019-09-13 08:16:42", "request_until": "2019-10-13 08:16:42", "meta": null, "hash": "ffafaf0bc085053293a68641cbb06b48", "url": "https://thor.ansur.no/display/media/83141/driver14/4141418e428ad01e29be38eb16d6600d/preview.jpg"}, {"id": 83142, "file_type": 3, "size": 14641, "state": 3, "created": "2019-09-13 08:16:45", "request_until": null, "meta": "", "hash": "056133975d1739e617eac7c55b5c013f", "url": "https://thor.ansur.no/display/media/83142/driver14/4141418e428ad01e29be38eb16d6600d/thumb.jpg"}, {"id": 83143, "file_type": 11, "size": 34800, "state": 3, "created": "2019-09-13 08:16:46", "request_until": null, "meta": null, "hash": "a229a045e1eb7f387ac4ca10f09b8d78", "url": "https://thor.ansur.no/display/media/83143/driver14/4141418e428ad01e29be38eb16d6600d/audio_caption_1568362606.4944.m4a"}, {"id": 83144, "file_type": 2, "size": 50318, "state": 3, "created": "2019-09-13 08:17:08", "request_until": "2019-10-13 08:17:08", "meta": {"Region": {"x": 1033, "y": 1594, "width": 352, "height": 341, "scale": 1.0, "quality": 85}}, "hash": "ff98cc7062217407939b4594d5723ef2", "url": "https://thor.ansur.no/display/media/83144/driver14/4141418e428ad01e29be38eb16d6600d/roi_2143010267.jpg"}, {"id": 83169, "file_type": 2, "size": 181396, "state": 3, "created": "2019-09-13 08:37:59", "request_until": "2019-10-13 08:37:59", "meta": {"Region": {"x": 2417, "y": 781, "width": 778, "height": 660, "scale": 1.0, "quality": 90}}, "hash": "ca628b155ddaff879384517c45d7f85d", "url": "https://thor.ansur.no/display/media/83169/driver14/4141418e428ad01e29be38eb16d6600d/roi_205009447.jpg"}]}}]}','null');
insert into aar_service.file (id, name, mimeType, url, record_id) values (234,'record/attachements/4141418e428ad01e29be38eb16d6600d/preview.jpg','null','https://thor.ansur.no/display/media/83141/driver14/4141418e428ad01e29be38eb16d6600d/preview.jpg',2024);
insert into aar_service.file (id, name, mimeType, url, record_id) values (235,'record/attachements/4141418e428ad01e29be38eb16d6600d/thumb.jpg','null','https://thor.ansur.no/display/media/83142/driver14/4141418e428ad01e29be38eb16d6600d/thumb.jpg',2024);
insert into aar_service.file (id, name, mimeType, url, record_id) values (236,'record/attachements/4141418e428ad01e29be38eb16d6600d/audio_caption_1568362606.4944.m4a','null','https://thor.ansur.no/display/media/83143/driver14/4141418e428ad01e29be38eb16d6600d/audio_caption_1568362606.4944.m4a',2024);
insert into aar_service.file (id, name, mimeType, url, record_id) values (237,'record/attachements/4141418e428ad01e29be38eb16d6600d/roi_2143010267.jpg','null','https://thor.ansur.no/display/media/83144/driver14/4141418e428ad01e29be38eb16d6600d/roi_2143010267.jpg',2024);
insert into aar_service.file (id, name, mimeType, url, record_id) values (238,'record/attachements/4141418e428ad01e29be38eb16d6600d/roi_205009447.jpg','null','https://thor.ansur.no/display/media/83169/driver14/4141418e428ad01e29be38eb16d6600d/roi_205009447.jpg',2024);
insert into aar_service.record (id, clientId, sessionId, createDate, trialDate, topic, recordType, headline, msgType, recordJson, recordData) values (2025,'asign_photo','null','2019-09-13 10:50:03.555','2019-09-13 10:50:03.555','photo_geojson','FeatureCollection','Chemical Spill - Under Control','Info','{"type": "FeatureCollection", "bbox": null, "features": [{"type": "Feature", "bbox": null, "geometry": {"type": "Point", "coordinates": [14.866761, 47.555779]}, "properties": {"id": 27403, "priority": 0, "viewed": true, "signature": "07f1e7f5f04eee47524a055de0b6fa2b", "instant": "2019-09-13 08:48:03", "created": "2019-09-13 08:48:13", "updated": "2019-09-13 08:49:51.684431", "caption": "Test", "interpretation": null, "meta": {"Source": {"filename": "original.jpg", "camera_make": "Sony", "width": 3096, "size": 8325949, "height": 5504, "direction": 270.0, "camera_model": "G8441", "field_of_view": null}}, "version": null, "application_id": "eeb7dcf4-07ca-40f8-b63c-24c36fb05707", "seen": "2019-09-13 08:49:51", "started": null, "stopped": null, "location_latitude": 47.555779, "location_longitude": 14.866761, "location_time": "2019-09-13 08:47:52", "location_accuracy": 26.800001, "location_altitude": 703.648438, "location_provider": null, "location_speed": null, "location_meta": null, "mission_id": 254, "mission_name": "Chemical Spill - Under Control", "thumbnail_hash": "56f821741547a7c5d766a43e4af6a003", "preview_hash": "c85635e5d5332cc5a0851926898a6f5d", "category_id": null, "category_name": null, "application_device_type": 2, "application_last_login": "2019-09-13 08:47:25.977689", "application_phone": null, "application_last_rate": null, "application_updated": "2019-09-13 08:47:25.977689", "application_created": "2019-09-13 07:39:51.086685", "application_application_type": 4, "application_connection_type": 1, "application_connection_state": 1, "user_name": "observer2", "user_id": 817, "user_username": "observer2", "user_color": "E61212", "user_connection_type": 0, "user_last_login": null, "user_last_rate": null, "observation_url": "https://thor.ansur.no/signs/processing/27403", "observation_type": "photo", "preview_url": "https://thor.ansur.no/display/file/c85635e5d5332cc5a0851926898a6f5d/observer2/07f1e7f5f04eee47524a055de0b6fa2b/preview.jpg", "preview_with_overlay_url": "https://thor.ansur.no/display/displayWithOverlays/c85635e5d5332cc5a0851926898a6f5d/observer2/07f1e7f5f04eee47524a055de0b6fa2b/preview.jpg", "thumbnail_url": "https://thor.ansur.no/display/file/56f821741547a7c5d766a43e4af6a003/observer2/07f1e7f5f04eee47524a055de0b6fa2b/thumb.jpg", "files": [{"id": 83177, "file_type": 1, "size": 8325949, "state": 0, "created": "2019-09-13 08:48:13", "request_until": null, "meta": null, "hash": "07f1e7f5f04eee47524a055de0b6fa2b", "url": null}, {"id": 83178, "file_type": 0, "size": 38250, "state": 3, "created": "2019-09-13 08:48:13", "request_until": "2019-10-13 08:48:13", "meta": null, "hash": "c85635e5d5332cc5a0851926898a6f5d", "url": "https://thor.ansur.no/display/media/83178/observer2/07f1e7f5f04eee47524a055de0b6fa2b/preview.jpg"}, {"id": 83179, "file_type": 3, "size": 31750, "state": 3, "created": "2019-09-13 08:48:15", "request_until": null, "meta": "", "hash": "56f821741547a7c5d766a43e4af6a003", "url": "https://thor.ansur.no/display/media/83179/observer2/07f1e7f5f04eee47524a055de0b6fa2b/thumb.jpg"}]}}]}','null');
insert into aar_service.file (id, name, mimeType, url, record_id) values (239,'record/attachements/07f1e7f5f04eee47524a055de0b6fa2b/preview.jpg','null','https://thor.ansur.no/display/media/83178/observer2/07f1e7f5f04eee47524a055de0b6fa2b/preview.jpg',2025);
insert into aar_service.file (id, name, mimeType, url, record_id) values (240,'record/attachements/07f1e7f5f04eee47524a055de0b6fa2b/thumb.jpg','null','https://thor.ansur.no/display/media/83179/observer2/07f1e7f5f04eee47524a055de0b6fa2b/thumb.jpg',2025);
insert into aar_service.record (id, clientId, sessionId, createDate, trialDate, topic, recordType, headline, msgType, recordJson, recordData) values (2026,'asign_photo','null','2019-09-13 10:50:13.613','2019-09-13 10:50:13.613','photo_geojson','FeatureCollection','Chemical Spill - Under Control','Info','{"type": "FeatureCollection", "bbox": null, "features": [{"type": "Feature", "bbox": null, "geometry": {"type": "Point", "coordinates": [14.866761, 47.555779]}, "properties": {"id": 27403, "priority": 0, "viewed": true, "signature": "07f1e7f5f04eee47524a055de0b6fa2b", "instant": "2019-09-13 08:48:03", "created": "2019-09-13 08:48:13", "updated": "2019-09-13 08:50:03.12762", "caption": "Test", "interpretation": null, "meta": {"Source": {"filename": "original.jpg", "camera_make": "Sony", "width": 3096, "size": 8325949, "height": 5504, "direction": 270.0, "camera_model": "G8441", "field_of_view": null}}, "version": null, "application_id": "eeb7dcf4-07ca-40f8-b63c-24c36fb05707", "seen": "2019-09-13 08:49:51", "started": null, "stopped": null, "location_latitude": 47.555779, "location_longitude": 14.866761, "location_time": "2019-09-13 08:47:52", "location_accuracy": 26.800001, "location_altitude": 703.648438, "location_provider": null, "location_speed": null, "location_meta": null, "mission_id": 254, "mission_name": "Chemical Spill - Under Control", "thumbnail_hash": "56f821741547a7c5d766a43e4af6a003", "preview_hash": "c85635e5d5332cc5a0851926898a6f5d", "category_id": null, "category_name": null, "application_device_type": 2, "application_last_login": "2019-09-13 08:47:25.977689", "application_phone": null, "application_last_rate": null, "application_updated": "2019-09-13 08:47:25.977689", "application_created": "2019-09-13 07:39:51.086685", "application_application_type": 4, "application_connection_type": 1, "application_connection_state": 1, "user_name": "observer2", "user_id": 817, "user_username": "observer2", "user_color": "E61212", "user_connection_type": 0, "user_last_login": null, "user_last_rate": null, "observation_url": "https://thor.ansur.no/signs/processing/27403", "observation_type": "photo", "preview_url": "https://thor.ansur.no/display/file/c85635e5d5332cc5a0851926898a6f5d/observer2/07f1e7f5f04eee47524a055de0b6fa2b/preview_rotated_270_degrees_cw.jpg", "preview_with_overlay_url": "https://thor.ansur.no/display/displayWithOverlays/c85635e5d5332cc5a0851926898a6f5d/observer2/07f1e7f5f04eee47524a055de0b6fa2b/preview_rotated_270_degrees_cw.jpg", "thumbnail_url": "https://thor.ansur.no/display/file/56f821741547a7c5d766a43e4af6a003/observer2/07f1e7f5f04eee47524a055de0b6fa2b/thumb_rotated_270_degrees_cw.jpg", "files": [{"id": 83177, "file_type": 1, "size": 8325949, "state": 0, "created": "2019-09-13 08:48:13", "request_until": null, "meta": null, "hash": "07f1e7f5f04eee47524a055de0b6fa2b", "url": null}, {"id": 83178, "file_type": 0, "size": 38250, "state": 3, "created": "2019-09-13 08:48:13", "request_until": "2019-10-13 08:48:13", "meta": null, "hash": "c85635e5d5332cc5a0851926898a6f5d", "url": "https://thor.ansur.no/display/media/83178/observer2/07f1e7f5f04eee47524a055de0b6fa2b/preview_rotated_270_degrees_cw.jpg"}, {"id": 83179, "file_type": 3, "size": 31750, "state": 3, "created": "2019-09-13 08:48:15", "request_until": null, "meta": "", "hash": "56f821741547a7c5d766a43e4af6a003", "url": "https://thor.ansur.no/display/media/83179/observer2/07f1e7f5f04eee47524a055de0b6fa2b/thumb_rotated_270_degrees_cw.jpg"}]}}]}','null');
insert into aar_service.file (id, name, mimeType, url, record_id) values (241,'record/attachements/07f1e7f5f04eee47524a055de0b6fa2b/preview_rotated_270_degrees_cw.jpg','null','https://thor.ansur.no/display/media/83178/observer2/07f1e7f5f04eee47524a055de0b6fa2b/preview_rotated_270_degrees_cw.jpg',2026);
insert into aar_service.file (id, name, mimeType, url, record_id) values (242,'record/attachements/07f1e7f5f04eee47524a055de0b6fa2b/thumb_rotated_270_degrees_cw.jpg','null','https://thor.ansur.no/display/media/83179/observer2/07f1e7f5f04eee47524a055de0b6fa2b/thumb_rotated_270_degrees_cw.jpg',2026);
insert into aar_service.record (id, clientId, sessionId, createDate, trialDate, topic, recordType, headline, msgType, recordJson, recordData) values (2027,'TB-Ost','null','2019-09-13 10:53:07.241','2019-09-13 10:53:07.241','system_observer_tool_answer','ObserverToolAnswer','A new observation was reported by: Block4_Chemical_Spill-DLR_Observer','Info','{"trialId": 13, "sessionId": 217, "answerId": 1547, "timeSendUTC": 1568364785, "timeWhen": 1568364788000, "observationTypeName": "Block4_Chemical_Spill-DLR_Observer", "observervationTypeId": 1709, "observationTypeDescription": "The S2 - S3 creates a report for the EL (head of operations) (head of operations, based on the information provided by DLR.", "description": "", "multiplicity": true, "questions": [{"id": 3032, "name": "The S2 - S3 creates a report for the EL (head of o", "description": "-", "answer": "[Agree]", "comment": "", "typeOfQuestion": "checkbox"}]}','null');
insert into aar_service.record (id, clientId, sessionId, createDate, trialDate, topic, recordType, headline, msgType, recordJson, recordData) values (2028,'TB-Ost','null','2019-09-13 10:53:15.236','2019-09-13 10:53:15.236','system_observer_tool_answer','ObserverToolAnswer','A new observation was reported by: Block4_Chemical_Spill-DLR_Observer','Info','{"trialId": 13, "sessionId": 217, "answerId": 1548, "timeSendUTC": 1568364793, "timeWhen": 1568364796000, "observationTypeName": "Block4_Chemical_Spill-DLR_Observer", "observervationTypeId": 1710, "observationTypeDescription": "The S2-S3 uses other sources of visualisation (e.g google maps, paper maps, etc\u2026) for comparison with the DLR maps.", "description": "", "multiplicity": true, "questions": [{"id": 3031, "name": "The S2-S3 uses other sources of visualisation (e.g", "description": "-", "answer": "[Agree]", "comment": "", "typeOfQuestion": "checkbox"}]}','null');
insert into aar_service.record (id, clientId, sessionId, createDate, trialDate, topic, recordType, headline, msgType, recordJson, recordData) values (2029,'asign_photo','null','2019-09-13 10:53:18.683','2019-09-13 10:53:18.683','photo_geojson','FeatureCollection','Chemical Spill - Under Control','Info','{"type": "FeatureCollection", "bbox": null, "features": [{"type": "Feature", "bbox": null, "geometry": {"type": "Point", "coordinates": [14.866796, 47.555931]}, "properties": {"id": 27404, "priority": 1, "viewed": true, "signature": "f1b70ad8a999d7f5cf3bb63bc711e8a5", "instant": "2019-09-13 08:52:54", "created": "2019-09-13 08:53:03", "updated": "2019-09-13 08:53:14.673069", "caption": "", "interpretation": null, "meta": {"Source": {"filename": "original.jpg", "camera_make": "Apple", "width": 4032, "size": 13651684, "height": 3024, "direction": 114.0, "camera_model": "iPhone X", "field_of_view": null}}, "version": null, "application_id": "6ff1f0c0-fbe4-4bd4-bd52-06083b37e6b9", "seen": "2019-09-13 08:53:14", "started": null, "stopped": null, "location_latitude": 47.555931, "location_longitude": 14.866796, "location_time": "2019-09-13 08:52:53", "location_accuracy": 16.0, "location_altitude": 679.786743, "location_provider": null, "location_speed": null, "location_meta": null, "mission_id": 254, "mission_name": "Chemical Spill - Under Control", "thumbnail_hash": "e98a8e72b525230555daaab10322b7e6", "preview_hash": "6fea36528d951aa66e1ec3e959966f0b", "category_id": null, "category_name": null, "application_device_type": 3, "application_last_login": "2019-09-13 08:46:54.054137", "application_phone": null, "application_last_rate": null, "application_updated": "2019-09-13 08:46:54.054137", "application_created": "2019-09-11 09:22:07.448009", "application_application_type": 4, "application_connection_type": 1, "application_connection_state": 1, "user_name": "driver14", "user_id": 813, "user_username": "driver14", "user_color": "E51717", "user_connection_type": 0, "user_last_login": null, "user_last_rate": null, "observation_url": "https://thor.ansur.no/signs/processing/27404", "observation_type": "photo", "preview_url": "https://thor.ansur.no/display/file/6fea36528d951aa66e1ec3e959966f0b/driver14/f1b70ad8a999d7f5cf3bb63bc711e8a5/preview.jpg", "preview_with_overlay_url": "https://thor.ansur.no/display/displayWithOverlays/6fea36528d951aa66e1ec3e959966f0b/driver14/f1b70ad8a999d7f5cf3bb63bc711e8a5/preview.jpg", "thumbnail_url": "https://thor.ansur.no/display/file/e98a8e72b525230555daaab10322b7e6/driver14/f1b70ad8a999d7f5cf3bb63bc711e8a5/thumb.jpg", "files": [{"id": 83180, "file_type": 1, "size": 13651684, "state": 0, "created": "2019-09-13 08:53:03", "request_until": null, "meta": null, "hash": "f1b70ad8a999d7f5cf3bb63bc711e8a5", "url": null}, {"id": 83181, "file_type": 0, "size": 70022, "state": 3, "created": "2019-09-13 08:53:03", "request_until": "2019-10-13 08:53:03", "meta": null, "hash": "6fea36528d951aa66e1ec3e959966f0b", "url": "https://thor.ansur.no/display/media/83181/driver14/f1b70ad8a999d7f5cf3bb63bc711e8a5/preview.jpg"}, {"id": 83182, "file_type": 3, "size": 18394, "state": 3, "created": "2019-09-13 08:53:08", "request_until": null, "meta": "", "hash": "e98a8e72b525230555daaab10322b7e6", "url": "https://thor.ansur.no/display/media/83182/driver14/f1b70ad8a999d7f5cf3bb63bc711e8a5/thumb.jpg"}, {"id": 83183, "file_type": 11, "size": 21917, "state": 3, "created": "2019-09-13 08:53:09", "request_until": null, "meta": null, "hash": "d598dffe93bb54fad404d5f59dbdec31", "url": "https://thor.ansur.no/display/media/83183/driver14/f1b70ad8a999d7f5cf3bb63bc711e8a5/audio_caption_1568364789.748.m4a"}]}}]}','null');
insert into aar_service.file (id, name, mimeType, url, record_id) values (243,'record/attachements/f1b70ad8a999d7f5cf3bb63bc711e8a5/preview.jpg','null','https://thor.ansur.no/display/media/83181/driver14/f1b70ad8a999d7f5cf3bb63bc711e8a5/preview.jpg',2029);
insert into aar_service.file (id, name, mimeType, url, record_id) values (244,'record/attachements/f1b70ad8a999d7f5cf3bb63bc711e8a5/thumb.jpg','null','https://thor.ansur.no/display/media/83182/driver14/f1b70ad8a999d7f5cf3bb63bc711e8a5/thumb.jpg',2029);
insert into aar_service.file (id, name, mimeType, url, record_id) values (245,'record/attachements/f1b70ad8a999d7f5cf3bb63bc711e8a5/audio_caption_1568364789.748.m4a','null','https://thor.ansur.no/display/media/83183/driver14/f1b70ad8a999d7f5cf3bb63bc711e8a5/audio_caption_1568364789.748.m4a',2029);
insert into aar_service.record (id, clientId, sessionId, createDate, trialDate, topic, recordType, headline, msgType, recordJson, recordData) values (2030,'TB-TrialMgmt','null','2019-09-13 10:53:18.817','2019-09-13 10:53:18.817','system_tm_role_player','RolePlayerMessage','An Ambulance is made available for the Area.','Info','{"id": "5e640eb2-1117-4485-bfd8-a078b415a03b", "type": "CALL", "title": "", "headline": "An Ambulance is made available for the Area.", "description": "", "rolePlayerName": "ARC - EXCON", "participantNames": null, "comment": ""}','null');
insert into aar_service.record (id, clientId, sessionId, createDate, trialDate, topic, recordType, headline, msgType, recordJson, recordData) values (2031,'TB-Ost','null','2019-09-13 10:54:27.656','2019-09-13 10:54:27.656','system_observer_tool_answer','ObserverToolAnswer','A new observation was reported by: Block4_Chemical_Spill-DLR_Observer','Info','{"trialId": 13, "sessionId": 217, "answerId": 1549, "timeSendUTC": 1568364866, "timeWhen": 1568364868000, "observationTypeName": "Block4_Chemical_Spill-DLR_Observer", "observervationTypeId": 1710, "observationTypeDescription": "The S2-S3 uses other sources of visualisation (e.g google maps, paper maps, etc\u2026) for comparison with the DLR maps.", "description": "", "multiplicity": true, "questions": [{"id": 3031, "name": "The S2-S3 uses other sources of visualisation (e.g", "description": "-", "answer": "[Agree]", "comment": "Yes s2-3 used Google to with address info to find out what kind of factory to identify the chemical spilled", "typeOfQuestion": "checkbox"}]}','null');
insert into aar_service.record (id, clientId, sessionId, createDate, trialDate, topic, recordType, headline, msgType, recordJson, recordData) values (2032,'TB-Ost','null','2019-09-13 10:54:48.165','2019-09-13 10:54:48.165','system_observer_tool_answer','ObserverToolAnswer','A new observation was reported by: Block4_Chemical_Spill-DLR_Observer','Info','{"trialId": 13, "sessionId": 217, "answerId": 1550, "timeSendUTC": 1568364886, "timeWhen": 1568364888000, "observationTypeName": "Block4_Chemical_Spill-DLR_Observer", "observervationTypeId": 1711, "observationTypeDescription": "The S2-S3 requests aditional maps to the DLR operator.", "description": "", "multiplicity": true, "questions": [{"id": 3030, "name": "The S2-S3 requests aditional maps to the DLR opera", "description": "-", "answer": "[Agree]", "comment": "", "typeOfQuestion": "checkbox"}]}','null');
insert into aar_service.record (id, clientId, sessionId, createDate, trialDate, topic, recordType, headline, msgType, recordJson, recordData) values (2033,'asign_photo','null','2019-09-13 10:54:53.752','2019-09-13 10:54:53.752','photo_geojson','FeatureCollection','Chemical Spill - Under Control','Info','{"type": "FeatureCollection", "bbox": null, "features": [{"type": "Feature", "bbox": null, "geometry": {"type": "Point", "coordinates": [14.866874, 47.555855]}, "properties": {"id": 27406, "priority": 0, "viewed": false, "signature": "03f58cebfbdcf81e8f257330ea862308", "instant": "2019-09-13 08:54:38", "created": "2019-09-13 08:54:44", "updated": "2019-09-13 08:54:48.411821", "caption": "", "interpretation": null, "meta": {"Source": {"filename": "original.jpg", "camera_make": "Apple", "width": 4032, "size": 17785763, "height": 3024, "direction": 106.0, "camera_model": "iPhone X", "field_of_view": null}}, "version": null, "application_id": "6ff1f0c0-fbe4-4bd4-bd52-06083b37e6b9", "seen": null, "started": null, "stopped": null, "location_latitude": 47.555855, "location_longitude": 14.866874, "location_time": "2019-09-13 08:54:37", "location_accuracy": 16.0, "location_altitude": 678.842468, "location_provider": null, "location_speed": null, "location_meta": null, "mission_id": 254, "mission_name": "Chemical Spill - Under Control", "thumbnail_hash": "cd9b41a72f00c3e78f0febb92484bec3", "preview_hash": "269f2913302bda168645e7456a8cef2e", "category_id": null, "category_name": null, "application_device_type": 3, "application_last_login": "2019-09-13 08:46:54.054137", "application_phone": null, "application_last_rate": null, "application_updated": "2019-09-13 08:46:54.054137", "application_created": "2019-09-11 09:22:07.448009", "application_application_type": 4, "application_connection_type": 1, "application_connection_state": 1, "user_name": "driver14", "user_id": 813, "user_username": "driver14", "user_color": "E51717", "user_connection_type": 0, "user_last_login": null, "user_last_rate": null, "observation_url": "https://thor.ansur.no/signs/processing/27406", "observation_type": "photo", "preview_url": "https://thor.ansur.no/display/file/269f2913302bda168645e7456a8cef2e/driver14/03f58cebfbdcf81e8f257330ea862308/preview.jpg", "preview_with_overlay_url": "https://thor.ansur.no/display/displayWithOverlays/269f2913302bda168645e7456a8cef2e/driver14/03f58cebfbdcf81e8f257330ea862308/preview.jpg", "thumbnail_url": "https://thor.ansur.no/display/file/cd9b41a72f00c3e78f0febb92484bec3/driver14/03f58cebfbdcf81e8f257330ea862308/thumb.jpg", "files": [{"id": 83189, "file_type": 1, "size": 17785763, "state": 0, "created": "2019-09-13 08:54:44", "request_until": null, "meta": null, "hash": "03f58cebfbdcf81e8f257330ea862308", "url": null}, {"id": 83190, "file_type": 0, "size": 88441, "state": 3, "created": "2019-09-13 08:54:44", "request_until": "2019-10-13 08:54:44", "meta": null, "hash": "269f2913302bda168645e7456a8cef2e", "url": "https://thor.ansur.no/display/media/83190/driver14/03f58cebfbdcf81e8f257330ea862308/preview.jpg"}, {"id": 83191, "file_type": 3, "size": 16812, "state": 3, "created": "2019-09-13 08:54:48", "request_until": null, "meta": "", "hash": "cd9b41a72f00c3e78f0febb92484bec3", "url": "https://thor.ansur.no/display/media/83191/driver14/03f58cebfbdcf81e8f257330ea862308/thumb.jpg"}]}}]}','null');
insert into aar_service.file (id, name, mimeType, url, record_id) values (246,'record/attachements/03f58cebfbdcf81e8f257330ea862308/preview.jpg','null','https://thor.ansur.no/display/media/83190/driver14/03f58cebfbdcf81e8f257330ea862308/preview.jpg',2033);
insert into aar_service.file (id, name, mimeType, url, record_id) values (247,'record/attachements/03f58cebfbdcf81e8f257330ea862308/thumb.jpg','null','https://thor.ansur.no/display/media/83191/driver14/03f58cebfbdcf81e8f257330ea862308/thumb.jpg',2033);
insert into aar_service.record (id, clientId, sessionId, createDate, trialDate, topic, recordType, headline, msgType, recordJson, recordData) values (2034,'asign_photo','null','2019-09-13 10:55:03.811','2019-09-13 10:55:03.811','photo_geojson','FeatureCollection','Chemical Spill - Under Control','Info','{"type": "FeatureCollection", "bbox": null, "features": [{"type": "Feature", "bbox": null, "geometry": {"type": "Point", "coordinates": [14.86687, 47.555866]}, "properties": {"id": 27407, "priority": 0, "viewed": false, "signature": "66345f5348b82e09fbd623e3684c4562", "instant": "2019-09-13 08:54:52", "created": "2019-09-13 08:54:56", "updated": "2019-09-13 08:54:59.981422", "caption": "", "interpretation": null, "meta": {"Source": {"filename": "original.jpg", "camera_make": "Apple", "width": 4032, "size": 9391252, "height": 3024, "direction": 63.0, "camera_model": "iPhone X", "field_of_view": null}}, "version": null, "application_id": "6ff1f0c0-fbe4-4bd4-bd52-06083b37e6b9", "seen": null, "started": null, "stopped": null, "location_latitude": 47.555866, "location_longitude": 14.86687, "location_time": "2019-09-13 08:54:48", "location_accuracy": 6.0, "location_altitude": 678.838135, "location_provider": null, "location_speed": null, "location_meta": null, "mission_id": 254, "mission_name": "Chemical Spill - Under Control", "thumbnail_hash": "76aac82a4f81fcde090664a83d1f1d01", "preview_hash": "0f6ab52c178e4534f58230ee54be85d8", "category_id": null, "category_name": null, "application_device_type": 3, "application_last_login": "2019-09-13 08:46:54.054137", "application_phone": null, "application_last_rate": null, "application_updated": "2019-09-13 08:46:54.054137", "application_created": "2019-09-11 09:22:07.448009", "application_application_type": 4, "application_connection_type": 1, "application_connection_state": 1, "user_name": "driver14", "user_id": 813, "user_username": "driver14", "user_color": "E51717", "user_connection_type": 0, "user_last_login": null, "user_last_rate": null, "observation_url": "https://thor.ansur.no/signs/processing/27407", "observation_type": "photo", "preview_url": "https://thor.ansur.no/display/file/0f6ab52c178e4534f58230ee54be85d8/driver14/66345f5348b82e09fbd623e3684c4562/preview.jpg", "preview_with_overlay_url": "https://thor.ansur.no/display/displayWithOverlays/0f6ab52c178e4534f58230ee54be85d8/driver14/66345f5348b82e09fbd623e3684c4562/preview.jpg", "thumbnail_url": "https://thor.ansur.no/display/file/76aac82a4f81fcde090664a83d1f1d01/driver14/66345f5348b82e09fbd623e3684c4562/thumb.jpg", "files": [{"id": 83192, "file_type": 1, "size": 9391252, "state": 0, "created": "2019-09-13 08:54:56", "request_until": null, "meta": null, "hash": "66345f5348b82e09fbd623e3684c4562", "url": null}, {"id": 83193, "file_type": 0, "size": 47484, "state": 3, "created": "2019-09-13 08:54:56", "request_until": "2019-10-13 08:54:56", "meta": null, "hash": "0f6ab52c178e4534f58230ee54be85d8", "url": "https://thor.ansur.no/display/media/83193/driver14/66345f5348b82e09fbd623e3684c4562/preview.jpg"}, {"id": 83194, "file_type": 3, "size": 15670, "state": 3, "created": "2019-09-13 08:54:59", "request_until": null, "meta": "", "hash": "76aac82a4f81fcde090664a83d1f1d01", "url": "https://thor.ansur.no/display/media/83194/driver14/66345f5348b82e09fbd623e3684c4562/thumb.jpg"}]}}]}','null');
insert into aar_service.file (id, name, mimeType, url, record_id) values (248,'record/attachements/66345f5348b82e09fbd623e3684c4562/preview.jpg','null','https://thor.ansur.no/display/media/83193/driver14/66345f5348b82e09fbd623e3684c4562/preview.jpg',2034);
insert into aar_service.file (id, name, mimeType, url, record_id) values (249,'record/attachements/66345f5348b82e09fbd623e3684c4562/thumb.jpg','null','https://thor.ansur.no/display/media/83194/driver14/66345f5348b82e09fbd623e3684c4562/thumb.jpg',2034);
insert into aar_service.record (id, clientId, sessionId, createDate, trialDate, topic, recordType, headline, msgType, recordJson, recordData) values (2035,'asign_photo','null','2019-09-13 10:55:33.875','2019-09-13 10:55:33.875','photo_geojson','FeatureCollection','Chemical Spill - Under Control','Info','{"type": "FeatureCollection", "bbox": null, "features": [{"type": "Feature", "bbox": null, "geometry": {"type": "Point", "coordinates": [14.86687, 47.555866]}, "properties": {"id": 27407, "priority": 0, "viewed": false, "signature": "66345f5348b82e09fbd623e3684c4562", "instant": "2019-09-13 08:54:52", "created": "2019-09-13 08:54:56", "updated": "2019-09-13 08:55:30.13448", "caption": "", "interpretation": null, "meta": {"Source": {"filename": "original.jpg", "camera_make": "Apple", "width": 4032, "size": 9391252, "height": 3024, "direction": 63.0, "camera_model": "iPhone X", "field_of_view": null}}, "version": null, "application_id": "6ff1f0c0-fbe4-4bd4-bd52-06083b37e6b9", "seen": null, "started": null, "stopped": null, "location_latitude": 47.555866, "location_longitude": 14.86687, "location_time": "2019-09-13 08:54:48", "location_accuracy": 6.0, "location_altitude": 678.838135, "location_provider": null, "location_speed": null, "location_meta": null, "mission_id": 254, "mission_name": "Chemical Spill - Under Control", "thumbnail_hash": "76aac82a4f81fcde090664a83d1f1d01", "preview_hash": "0f6ab52c178e4534f58230ee54be85d8", "category_id": null, "category_name": null, "application_device_type": 3, "application_last_login": "2019-09-13 08:46:54.054137", "application_phone": null, "application_last_rate": null, "application_updated": "2019-09-13 08:46:54.054137", "application_created": "2019-09-11 09:22:07.448009", "application_application_type": 4, "application_connection_type": 1, "application_connection_state": 1, "user_name": "driver14", "user_id": 813, "user_username": "driver14", "user_color": "E51717", "user_connection_type": 0, "user_last_login": null, "user_last_rate": null, "observation_url": "https://thor.ansur.no/signs/processing/27407", "observation_type": "photo", "preview_url": "https://thor.ansur.no/display/file/0f6ab52c178e4534f58230ee54be85d8/driver14/66345f5348b82e09fbd623e3684c4562/preview.jpg", "preview_with_overlay_url": "https://thor.ansur.no/display/displayWithOverlays/0f6ab52c178e4534f58230ee54be85d8/driver14/66345f5348b82e09fbd623e3684c4562/preview.jpg", "thumbnail_url": "https://thor.ansur.no/display/file/76aac82a4f81fcde090664a83d1f1d01/driver14/66345f5348b82e09fbd623e3684c4562/thumb.jpg", "files": [{"id": 83192, "file_type": 1, "size": 9391252, "state": 0, "created": "2019-09-13 08:54:56", "request_until": null, "meta": null, "hash": "66345f5348b82e09fbd623e3684c4562", "url": null}, {"id": 83193, "file_type": 0, "size": 47484, "state": 3, "created": "2019-09-13 08:54:56", "request_until": "2019-10-13 08:54:56", "meta": null, "hash": "0f6ab52c178e4534f58230ee54be85d8", "url": "https://thor.ansur.no/display/media/83193/driver14/66345f5348b82e09fbd623e3684c4562/preview.jpg"}, {"id": 83194, "file_type": 3, "size": 15670, "state": 3, "created": "2019-09-13 08:54:59", "request_until": null, "meta": "", "hash": "76aac82a4f81fcde090664a83d1f1d01", "url": "https://thor.ansur.no/display/media/83194/driver14/66345f5348b82e09fbd623e3684c4562/thumb.jpg"}, {"id": 83195, "file_type": 2, "size": 311018, "state": 3, "created": "2019-09-13 08:55:26", "request_until": "2019-10-13 08:55:26", "meta": {"Region": {"x": 1623, "y": 831, "width": 1161, "height": 802, "scale": 1.0, "quality": 85}}, "hash": "c2edd91aa3cae1ddde9640074a30fb64", "url": "https://thor.ansur.no/display/media/83195/driver14/66345f5348b82e09fbd623e3684c4562/roi_796187113.jpg"}]}}]}','null');
insert into aar_service.file (id, name, mimeType, url, record_id) values (250,'record/attachements/66345f5348b82e09fbd623e3684c4562/preview.jpg','null','https://thor.ansur.no/display/media/83193/driver14/66345f5348b82e09fbd623e3684c4562/preview.jpg',2035);
insert into aar_service.file (id, name, mimeType, url, record_id) values (251,'record/attachements/66345f5348b82e09fbd623e3684c4562/thumb.jpg','null','https://thor.ansur.no/display/media/83194/driver14/66345f5348b82e09fbd623e3684c4562/thumb.jpg',2035);
insert into aar_service.file (id, name, mimeType, url, record_id) values (252,'record/attachements/66345f5348b82e09fbd623e3684c4562/roi_796187113.jpg','null','https://thor.ansur.no/display/media/83195/driver14/66345f5348b82e09fbd623e3684c4562/roi_796187113.jpg',2035);
insert into aar_service.record (id, clientId, sessionId, createDate, trialDate, topic, recordType, headline, msgType, recordJson, recordData) values (2036,'TB-Ost','null','2019-09-13 10:55:49.073','2019-09-13 10:55:49.073','system_observer_tool_answer','ObserverToolAnswer','A new observation was reported by: Block4_Chemical_Spill-DLR_Observer','Info','{"trialId": 13, "sessionId": 217, "answerId": 1551, "timeSendUTC": 1568364947, "timeWhen": 1568364949000, "observationTypeName": "Block4_Chemical_Spill-DLR_Observer", "observervationTypeId": 1712, "observationTypeDescription": "Can you observe, the S2-S3 is using the information received by the DLR.", "description": "", "multiplicity": true, "questions": [{"id": 3036, "name": "Can you observe, the S2-S3 is using the informatio", "description": "-", "answer": "[Not applicable]", "comment": "Difficult to observe because info is aggregated with other info from other solutions ", "typeOfQuestion": "checkbox"}]}','null');
insert into aar_service.record (id, clientId, sessionId, createDate, trialDate, topic, recordType, headline, msgType, recordJson, recordData) values (2037,'asign_photo','null','2019-09-13 10:56:13.949','2019-09-13 10:56:13.949','photo_geojson','FeatureCollection','Chemical Spill - Under Control','Info','{"type": "FeatureCollection", "bbox": null, "features": [{"type": "Feature", "bbox": null, "geometry": {"type": "Point", "coordinates": [14.866832, 47.555889]}, "properties": {"id": 27408, "priority": 0, "viewed": false, "signature": "6834edc8905fa8fbfaaeeb06cb221343", "instant": "2019-09-13 08:55:57", "created": "2019-09-13 08:56:01", "updated": "2019-09-13 08:56:03.30882", "caption": "", "interpretation": null, "meta": {"Source": {"filename": "original.jpg", "camera_make": "Apple", "width": 4032, "size": 10834405, "height": 3024, "direction": 336.0, "camera_model": "iPhone X", "field_of_view": null}}, "version": null, "application_id": "6ff1f0c0-fbe4-4bd4-bd52-06083b37e6b9", "seen": null, "started": null, "stopped": null, "location_latitude": 47.555889, "location_longitude": 14.866832, "location_time": "2019-09-13 08:55:52", "location_accuracy": 16.0, "location_altitude": 679.727295, "location_provider": null, "location_speed": null, "location_meta": null, "mission_id": 254, "mission_name": "Chemical Spill - Under Control", "thumbnail_hash": "7dfeb84606e7bf0913eba894901e2d01", "preview_hash": "afe38058b9c083ba43906293a395372a", "category_id": null, "category_name": null, "application_device_type": 3, "application_last_login": "2019-09-13 08:46:54.054137", "application_phone": null, "application_last_rate": null, "application_updated": "2019-09-13 08:46:54.054137", "application_created": "2019-09-11 09:22:07.448009", "application_application_type": 4, "application_connection_type": 1, "application_connection_state": 1, "user_name": "driver14", "user_id": 813, "user_username": "driver14", "user_color": "E51717", "user_connection_type": 0, "user_last_login": null, "user_last_rate": null, "observation_url": "https://thor.ansur.no/signs/processing/27408", "observation_type": "photo", "preview_url": "https://thor.ansur.no/display/file/afe38058b9c083ba43906293a395372a/driver14/6834edc8905fa8fbfaaeeb06cb221343/preview.jpg", "preview_with_overlay_url": "https://thor.ansur.no/display/displayWithOverlays/afe38058b9c083ba43906293a395372a/driver14/6834edc8905fa8fbfaaeeb06cb221343/preview.jpg", "thumbnail_url": "https://thor.ansur.no/display/file/7dfeb84606e7bf0913eba894901e2d01/driver14/6834edc8905fa8fbfaaeeb06cb221343/thumb.jpg", "files": [{"id": 83196, "file_type": 1, "size": 10834405, "state": 0, "created": "2019-09-13 08:56:01", "request_until": null, "meta": null, "hash": "6834edc8905fa8fbfaaeeb06cb221343", "url": null}, {"id": 83197, "file_type": 0, "size": 54137, "state": 3, "created": "2019-09-13 08:56:01", "request_until": "2019-10-13 08:56:01", "meta": null, "hash": "afe38058b9c083ba43906293a395372a", "url": "https://thor.ansur.no/display/media/83197/driver14/6834edc8905fa8fbfaaeeb06cb221343/preview.jpg"}, {"id": 83198, "file_type": 3, "size": 15872, "state": 3, "created": "2019-09-13 08:56:03", "request_until": null, "meta": "", "hash": "7dfeb84606e7bf0913eba894901e2d01", "url": "https://thor.ansur.no/display/media/83198/driver14/6834edc8905fa8fbfaaeeb06cb221343/thumb.jpg"}]}}]}','null');
insert into aar_service.file (id, name, mimeType, url, record_id) values (253,'record/attachements/6834edc8905fa8fbfaaeeb06cb221343/preview.jpg','null','https://thor.ansur.no/display/media/83197/driver14/6834edc8905fa8fbfaaeeb06cb221343/preview.jpg',2037);
insert into aar_service.file (id, name, mimeType, url, record_id) values (254,'record/attachements/6834edc8905fa8fbfaaeeb06cb221343/thumb.jpg','null','https://thor.ansur.no/display/media/83198/driver14/6834edc8905fa8fbfaaeeb06cb221343/thumb.jpg',2037);
insert into aar_service.record (id, clientId, sessionId, createDate, trialDate, topic, recordType, headline, msgType, recordJson, recordData) values (2038,'asign_photo','null','2019-09-13 10:56:24.01','2019-09-13 10:56:24.01','photo_geojson','FeatureCollection','Chemical Spill - Under Control','Info','{"type": "FeatureCollection", "bbox": null, "features": [{"type": "Feature", "bbox": null, "geometry": {"type": "Point", "coordinates": [14.866832, 47.555889]}, "properties": {"id": 27408, "priority": 0, "viewed": false, "signature": "6834edc8905fa8fbfaaeeb06cb221343", "instant": "2019-09-13 08:55:57", "created": "2019-09-13 08:56:01", "updated": "2019-09-13 08:56:18.502569", "caption": "", "interpretation": null, "meta": {"Source": {"filename": "original.jpg", "camera_make": "Apple", "width": 4032, "size": 10834405, "height": 3024, "direction": 336.0, "camera_model": "iPhone X", "field_of_view": null}}, "version": null, "application_id": "6ff1f0c0-fbe4-4bd4-bd52-06083b37e6b9", "seen": null, "started": null, "stopped": null, "location_latitude": 47.555889, "location_longitude": 14.866832, "location_time": "2019-09-13 08:55:52", "location_accuracy": 16.0, "location_altitude": 679.727295, "location_provider": null, "location_speed": null, "location_meta": null, "mission_id": 254, "mission_name": "Chemical Spill - Under Control", "thumbnail_hash": "7dfeb84606e7bf0913eba894901e2d01", "preview_hash": "afe38058b9c083ba43906293a395372a", "category_id": null, "category_name": null, "application_device_type": 3, "application_last_login": "2019-09-13 08:46:54.054137", "application_phone": null, "application_last_rate": null, "application_updated": "2019-09-13 08:46:54.054137", "application_created": "2019-09-11 09:22:07.448009", "application_application_type": 4, "application_connection_type": 1, "application_connection_state": 1, "user_name": "driver14", "user_id": 813, "user_username": "driver14", "user_color": "E51717", "user_connection_type": 0, "user_last_login": null, "user_last_rate": null, "observation_url": "https://thor.ansur.no/signs/processing/27408", "observation_type": "photo", "preview_url": "https://thor.ansur.no/display/file/afe38058b9c083ba43906293a395372a/driver14/6834edc8905fa8fbfaaeeb06cb221343/preview.jpg", "preview_with_overlay_url": "https://thor.ansur.no/display/displayWithOverlays/afe38058b9c083ba43906293a395372a/driver14/6834edc8905fa8fbfaaeeb06cb221343/preview.jpg", "thumbnail_url": "https://thor.ansur.no/display/file/7dfeb84606e7bf0913eba894901e2d01/driver14/6834edc8905fa8fbfaaeeb06cb221343/thumb.jpg", "files": [{"id": 83196, "file_type": 1, "size": 10834405, "state": 0, "created": "2019-09-13 08:56:01", "request_until": null, "meta": null, "hash": "6834edc8905fa8fbfaaeeb06cb221343", "url": null}, {"id": 83197, "file_type": 0, "size": 54137, "state": 3, "created": "2019-09-13 08:56:01", "request_until": "2019-10-13 08:56:01", "meta": null, "hash": "afe38058b9c083ba43906293a395372a", "url": "https://thor.ansur.no/display/media/83197/driver14/6834edc8905fa8fbfaaeeb06cb221343/preview.jpg"}, {"id": 83198, "file_type": 3, "size": 15872, "state": 3, "created": "2019-09-13 08:56:03", "request_until": null, "meta": "", "hash": "7dfeb84606e7bf0913eba894901e2d01", "url": "https://thor.ansur.no/display/media/83198/driver14/6834edc8905fa8fbfaaeeb06cb221343/thumb.jpg"}, {"id": 83199, "file_type": 2, "size": 172660, "state": 3, "created": "2019-09-13 08:56:14", "request_until": "2019-10-13 08:56:14", "meta": {"Region": {"x": 598, "y": 1583, "width": 655, "height": 602, "scale": 1.0, "quality": 85}}, "hash": "f83c35a523691b9fb2733c81297fb0f8", "url": "https://thor.ansur.no/display/media/83199/driver14/6834edc8905fa8fbfaaeeb06cb221343/roi_1983525308.jpg"}]}}]}','null');
insert into aar_service.file (id, name, mimeType, url, record_id) values (255,'record/attachements/6834edc8905fa8fbfaaeeb06cb221343/preview.jpg','null','https://thor.ansur.no/display/media/83197/driver14/6834edc8905fa8fbfaaeeb06cb221343/preview.jpg',2038);
insert into aar_service.file (id, name, mimeType, url, record_id) values (256,'record/attachements/6834edc8905fa8fbfaaeeb06cb221343/thumb.jpg','null','https://thor.ansur.no/display/media/83198/driver14/6834edc8905fa8fbfaaeeb06cb221343/thumb.jpg',2038);
insert into aar_service.file (id, name, mimeType, url, record_id) values (257,'record/attachements/6834edc8905fa8fbfaaeeb06cb221343/roi_1983525308.jpg','null','https://thor.ansur.no/display/media/83199/driver14/6834edc8905fa8fbfaaeeb06cb221343/roi_1983525308.jpg',2038);
insert into aar_service.record (id, clientId, sessionId, createDate, trialDate, topic, recordType, headline, msgType, recordJson, recordData) values (2063,'TB-Ost','null','2019-09-13 11:19:13.973','2019-09-13 11:19:13.973','system_observer_tool_answer','ObserverToolAnswer','A new observation was reported by: Block4_Chemical_Spill-CrowdTasker_Field observer','Info','{"trialId": 13, "sessionId": 220, "answerId": 1563, "timeSendUTC": 1568366351, "timeWhen": 1568364585000, "observationTypeName": "Block4_Chemical_Spill-CrowdTasker_Field observer", "observervationTypeId": 1622, "observationTypeDescription": "The volunteers know what to do when they get a task by crowdtasker.", "description": "", "multiplicity": true, "questions": [{"id": 2896, "name": "The volunteers know what to do when they get a tas", "description": "-", "answer": "[Agree]", "comment": "A task was given to say where chemical plants are in eisenertz. A bit strange questionto ask civilians", "typeOfQuestion": "checkbox"}]}','null');
insert into aar_service.record (id, clientId, sessionId, createDate, trialDate, topic, recordType, headline, msgType, recordJson, recordData) values (2039,'asign_photo','null','2019-09-13 10:57:49.072','2019-09-13 10:57:49.072','photo_geojson','FeatureCollection','Chemical Spill - Under Control','Info','{"type": "FeatureCollection", "bbox": null, "features": [{"type": "Feature", "bbox": null, "geometry": {"type": "Point", "coordinates": [14.866832, 47.555889]}, "properties": {"id": 27408, "priority": 0, "viewed": true, "signature": "6834edc8905fa8fbfaaeeb06cb221343", "instant": "2019-09-13 08:55:57", "created": "2019-09-13 08:56:01", "updated": "2019-09-13 08:57:37.05326", "caption": "", "interpretation": null, "meta": {"Source": {"filename": "original.jpg", "camera_make": "Apple", "width": 4032, "size": 10834405, "height": 3024, "direction": 336.0, "camera_model": "iPhone X", "field_of_view": null}}, "version": null, "application_id": "6ff1f0c0-fbe4-4bd4-bd52-06083b37e6b9", "seen": "2019-09-13 08:57:37", "started": null, "stopped": null, "location_latitude": 47.555889, "location_longitude": 14.866832, "location_time": "2019-09-13 08:55:52", "location_accuracy": 16.0, "location_altitude": 679.727295, "location_provider": null, "location_speed": null, "location_meta": null, "mission_id": 254, "mission_name": "Chemical Spill - Under Control", "thumbnail_hash": "7dfeb84606e7bf0913eba894901e2d01", "preview_hash": "afe38058b9c083ba43906293a395372a", "category_id": null, "category_name": null, "application_device_type": 3, "application_last_login": "2019-09-13 08:46:54.054137", "application_phone": null, "application_last_rate": null, "application_updated": "2019-09-13 08:46:54.054137", "application_created": "2019-09-11 09:22:07.448009", "application_application_type": 4, "application_connection_type": 1, "application_connection_state": 1, "user_name": "driver14", "user_id": 813, "user_username": "driver14", "user_color": "E51717", "user_connection_type": 0, "user_last_login": null, "user_last_rate": null, "observation_url": "https://thor.ansur.no/signs/processing/27408", "observation_type": "photo", "preview_url": "https://thor.ansur.no/display/file/afe38058b9c083ba43906293a395372a/driver14/6834edc8905fa8fbfaaeeb06cb221343/preview.jpg", "preview_with_overlay_url": "https://thor.ansur.no/display/displayWithOverlays/afe38058b9c083ba43906293a395372a/driver14/6834edc8905fa8fbfaaeeb06cb221343/preview.jpg", "thumbnail_url": "https://thor.ansur.no/display/file/7dfeb84606e7bf0913eba894901e2d01/driver14/6834edc8905fa8fbfaaeeb06cb221343/thumb.jpg", "files": [{"id": 83196, "file_type": 1, "size": 10834405, "state": 0, "created": "2019-09-13 08:56:01", "request_until": null, "meta": null, "hash": "6834edc8905fa8fbfaaeeb06cb221343", "url": null}, {"id": 83197, "file_type": 0, "size": 54137, "state": 3, "created": "2019-09-13 08:56:01", "request_until": "2019-10-13 08:56:01", "meta": null, "hash": "afe38058b9c083ba43906293a395372a", "url": "https://thor.ansur.no/display/media/83197/driver14/6834edc8905fa8fbfaaeeb06cb221343/preview.jpg"}, {"id": 83198, "file_type": 3, "size": 15872, "state": 3, "created": "2019-09-13 08:56:03", "request_until": null, "meta": "", "hash": "7dfeb84606e7bf0913eba894901e2d01", "url": "https://thor.ansur.no/display/media/83198/driver14/6834edc8905fa8fbfaaeeb06cb221343/thumb.jpg"}, {"id": 83199, "file_type": 2, "size": 172660, "state": 3, "created": "2019-09-13 08:56:14", "request_until": "2019-10-13 08:56:14", "meta": {"Region": {"x": 598, "y": 1583, "width": 655, "height": 602, "scale": 1.0, "quality": 85}}, "hash": "f83c35a523691b9fb2733c81297fb0f8", "url": "https://thor.ansur.no/display/media/83199/driver14/6834edc8905fa8fbfaaeeb06cb221343/roi_1983525308.jpg"}]}}]}','null');
insert into aar_service.file (id, name, mimeType, url, record_id) values (258,'record/attachements/6834edc8905fa8fbfaaeeb06cb221343/preview.jpg','null','https://thor.ansur.no/display/media/83197/driver14/6834edc8905fa8fbfaaeeb06cb221343/preview.jpg',2039);
insert into aar_service.file (id, name, mimeType, url, record_id) values (259,'record/attachements/6834edc8905fa8fbfaaeeb06cb221343/thumb.jpg','null','https://thor.ansur.no/display/media/83198/driver14/6834edc8905fa8fbfaaeeb06cb221343/thumb.jpg',2039);
insert into aar_service.file (id, name, mimeType, url, record_id) values (260,'record/attachements/6834edc8905fa8fbfaaeeb06cb221343/roi_1983525308.jpg','null','https://thor.ansur.no/display/media/83199/driver14/6834edc8905fa8fbfaaeeb06cb221343/roi_1983525308.jpg',2039);
insert into aar_service.record (id, clientId, sessionId, createDate, trialDate, topic, recordType, headline, msgType, recordJson, recordData) values (2040,'asign_photo','null','2019-09-13 10:59:09.145','2019-09-13 10:59:09.145','photo_geojson','FeatureCollection','Chemical Spill - Under Control','Info','{"type": "FeatureCollection", "bbox": null, "features": [{"type": "Feature", "bbox": null, "geometry": {"type": "Point", "coordinates": [14.86687, 47.555866]}, "properties": {"id": 27407, "priority": 0, "viewed": true, "signature": "66345f5348b82e09fbd623e3684c4562", "instant": "2019-09-13 08:54:52", "created": "2019-09-13 08:54:56", "updated": "2019-09-13 08:59:00.28737", "caption": "", "interpretation": null, "meta": {"Source": {"filename": "original.jpg", "camera_make": "Apple", "width": 4032, "size": 9391252, "height": 3024, "direction": 63.0, "camera_model": "iPhone X", "field_of_view": null}}, "version": null, "application_id": "6ff1f0c0-fbe4-4bd4-bd52-06083b37e6b9", "seen": "2019-09-13 08:59:00", "started": null, "stopped": null, "location_latitude": 47.555866, "location_longitude": 14.86687, "location_time": "2019-09-13 08:54:48", "location_accuracy": 6.0, "location_altitude": 678.838135, "location_provider": null, "location_speed": null, "location_meta": null, "mission_id": 254, "mission_name": "Chemical Spill - Under Control", "thumbnail_hash": "76aac82a4f81fcde090664a83d1f1d01", "preview_hash": "0f6ab52c178e4534f58230ee54be85d8", "category_id": null, "category_name": null, "application_device_type": 3, "application_last_login": "2019-09-13 08:58:27.351468", "application_phone": null, "application_last_rate": null, "application_updated": "2019-09-13 08:58:27.351468", "application_created": "2019-09-11 09:22:07.448009", "application_application_type": 4, "application_connection_type": 1, "application_connection_state": 1, "user_name": "driver14", "user_id": 813, "user_username": "driver14", "user_color": "E51717", "user_connection_type": 0, "user_last_login": null, "user_last_rate": null, "observation_url": "https://thor.ansur.no/signs/processing/27407", "observation_type": "photo", "preview_url": "https://thor.ansur.no/display/file/0f6ab52c178e4534f58230ee54be85d8/driver14/66345f5348b82e09fbd623e3684c4562/preview.jpg", "preview_with_overlay_url": "https://thor.ansur.no/display/displayWithOverlays/0f6ab52c178e4534f58230ee54be85d8/driver14/66345f5348b82e09fbd623e3684c4562/preview.jpg", "thumbnail_url": "https://thor.ansur.no/display/file/76aac82a4f81fcde090664a83d1f1d01/driver14/66345f5348b82e09fbd623e3684c4562/thumb.jpg", "files": [{"id": 83192, "file_type": 1, "size": 9391252, "state": 0, "created": "2019-09-13 08:54:56", "request_until": null, "meta": null, "hash": "66345f5348b82e09fbd623e3684c4562", "url": null}, {"id": 83193, "file_type": 0, "size": 47484, "state": 3, "created": "2019-09-13 08:54:56", "request_until": "2019-10-13 08:54:56", "meta": null, "hash": "0f6ab52c178e4534f58230ee54be85d8", "url": "https://thor.ansur.no/display/media/83193/driver14/66345f5348b82e09fbd623e3684c4562/preview.jpg"}, {"id": 83194, "file_type": 3, "size": 15670, "state": 3, "created": "2019-09-13 08:54:59", "request_until": null, "meta": "", "hash": "76aac82a4f81fcde090664a83d1f1d01", "url": "https://thor.ansur.no/display/media/83194/driver14/66345f5348b82e09fbd623e3684c4562/thumb.jpg"}, {"id": 83195, "file_type": 2, "size": 311018, "state": 3, "created": "2019-09-13 08:55:26", "request_until": "2019-10-13 08:55:26", "meta": {"Region": {"x": 1623, "y": 831, "width": 1161, "height": 802, "scale": 1.0, "quality": 85}}, "hash": "c2edd91aa3cae1ddde9640074a30fb64", "url": "https://thor.ansur.no/display/media/83195/driver14/66345f5348b82e09fbd623e3684c4562/roi_796187113.jpg"}]}}]}','null');
insert into aar_service.file (id, name, mimeType, url, record_id) values (261,'record/attachements/66345f5348b82e09fbd623e3684c4562/preview.jpg','null','https://thor.ansur.no/display/media/83193/driver14/66345f5348b82e09fbd623e3684c4562/preview.jpg',2040);
insert into aar_service.file (id, name, mimeType, url, record_id) values (262,'record/attachements/66345f5348b82e09fbd623e3684c4562/thumb.jpg','null','https://thor.ansur.no/display/media/83194/driver14/66345f5348b82e09fbd623e3684c4562/thumb.jpg',2040);
insert into aar_service.file (id, name, mimeType, url, record_id) values (263,'record/attachements/66345f5348b82e09fbd623e3684c4562/roi_796187113.jpg','null','https://thor.ansur.no/display/media/83195/driver14/66345f5348b82e09fbd623e3684c4562/roi_796187113.jpg',2040);
insert into aar_service.record (id, clientId, sessionId, createDate, trialDate, topic, recordType, headline, msgType, recordJson, recordData) values (2041,'asign_photo','null','2019-09-13 11:00:14.212','2019-09-13 11:00:14.212','photo_geojson','FeatureCollection','Chemical Spill - Under Control','Info','{"type": "FeatureCollection", "bbox": null, "features": [{"type": "Feature", "bbox": null, "geometry": {"type": "Point", "coordinates": [14.866866, 47.555927]}, "properties": {"id": 27410, "priority": 0, "viewed": false, "signature": "4c294df402558d3649f98a04e4d36d5e", "instant": "2019-09-13 08:59:53", "created": "2019-09-13 08:59:59", "updated": "2019-09-13 09:00:02.236347", "caption": "", "interpretation": null, "meta": {"Source": {"filename": "original.jpg", "camera_make": "Apple", "width": 3024, "size": 12871790, "height": 4032, "direction": 114.0, "camera_model": "iPhone X", "field_of_view": null}}, "version": null, "application_id": "6ff1f0c0-fbe4-4bd4-bd52-06083b37e6b9", "seen": null, "started": null, "stopped": null, "location_latitude": 47.555927, "location_longitude": 14.866866, "location_time": "2019-09-13 08:59:52", "location_accuracy": 16.0, "location_altitude": 678.777039, "location_provider": null, "location_speed": null, "location_meta": null, "mission_id": 254, "mission_name": "Chemical Spill - Under Control", "thumbnail_hash": "4253332df05b8b2f2a96bad390038b3c", "preview_hash": "8008cbfdb51fab102ee86a1a8969c7c4", "category_id": null, "category_name": null, "application_device_type": 3, "application_last_login": "2019-09-13 08:58:27.351468", "application_phone": null, "application_last_rate": null, "application_updated": "2019-09-13 08:58:27.351468", "application_created": "2019-09-11 09:22:07.448009", "application_application_type": 4, "application_connection_type": 1, "application_connection_state": 1, "user_name": "driver14", "user_id": 813, "user_username": "driver14", "user_color": "E51717", "user_connection_type": 0, "user_last_login": null, "user_last_rate": null, "observation_url": "https://thor.ansur.no/signs/processing/27410", "observation_type": "photo", "preview_url": "https://thor.ansur.no/display/file/8008cbfdb51fab102ee86a1a8969c7c4/driver14/4c294df402558d3649f98a04e4d36d5e/preview.jpg", "preview_with_overlay_url": "https://thor.ansur.no/display/displayWithOverlays/8008cbfdb51fab102ee86a1a8969c7c4/driver14/4c294df402558d3649f98a04e4d36d5e/preview.jpg", "thumbnail_url": "https://thor.ansur.no/display/file/4253332df05b8b2f2a96bad390038b3c/driver14/4c294df402558d3649f98a04e4d36d5e/thumb.jpg", "files": [{"id": 83200, "file_type": 1, "size": 12871790, "state": 0, "created": "2019-09-13 08:59:59", "request_until": null, "meta": null, "hash": "4c294df402558d3649f98a04e4d36d5e", "url": null}, {"id": 83201, "file_type": 0, "size": 60315, "state": 3, "created": "2019-09-13 08:59:59", "request_until": "2019-10-13 08:59:59", "meta": null, "hash": "8008cbfdb51fab102ee86a1a8969c7c4", "url": "https://thor.ansur.no/display/media/83201/driver14/4c294df402558d3649f98a04e4d36d5e/preview.jpg"}, {"id": 83202, "file_type": 3, "size": 24871, "state": 3, "created": "2019-09-13 09:00:02", "request_until": null, "meta": "", "hash": "4253332df05b8b2f2a96bad390038b3c", "url": "https://thor.ansur.no/display/media/83202/driver14/4c294df402558d3649f98a04e4d36d5e/thumb.jpg"}]}}]}','null');
insert into aar_service.file (id, name, mimeType, url, record_id) values (264,'record/attachements/4c294df402558d3649f98a04e4d36d5e/preview.jpg','null','https://thor.ansur.no/display/media/83201/driver14/4c294df402558d3649f98a04e4d36d5e/preview.jpg',2041);
insert into aar_service.file (id, name, mimeType, url, record_id) values (265,'record/attachements/4c294df402558d3649f98a04e4d36d5e/thumb.jpg','null','https://thor.ansur.no/display/media/83202/driver14/4c294df402558d3649f98a04e4d36d5e/thumb.jpg',2041);
insert into aar_service.record (id, clientId, sessionId, createDate, trialDate, topic, recordType, headline, msgType, recordJson, recordData) values (2042,'asign_photo','null','2019-09-13 11:00:24.292','2019-09-13 11:00:24.292','photo_geojson','FeatureCollection','Chemical Spill - Under Control','Info','{"type": "FeatureCollection", "bbox": null, "features": [{"type": "Feature", "bbox": null, "geometry": {"type": "Point", "coordinates": [14.866878, 47.555927]}, "properties": {"id": 27411, "priority": 0, "viewed": true, "signature": "d422f3331ba6af1782b489a0647397c7", "instant": "2019-09-13 09:00:10", "created": "2019-09-13 09:00:13", "updated": "2019-09-13 09:00:18.260801", "caption": "", "interpretation": null, "meta": {"Source": {"filename": "original.jpg", "camera_make": "Apple", "width": 3024, "size": 11579846, "height": 4032, "direction": 334.0, "camera_model": "iPhone X", "field_of_view": null}}, "version": null, "application_id": "6ff1f0c0-fbe4-4bd4-bd52-06083b37e6b9", "seen": "2019-09-13 09:00:18", "started": null, "stopped": null, "location_latitude": 47.555927, "location_longitude": 14.866878, "location_time": "2019-09-13 09:00:01", "location_accuracy": 6.0, "location_altitude": 678.562439, "location_provider": null, "location_speed": null, "location_meta": null, "mission_id": 254, "mission_name": "Chemical Spill - Under Control", "thumbnail_hash": "5885091452fbd67576335ecb916b80ba", "preview_hash": "781fb864b3bbfc19adba64b6448abb50", "category_id": null, "category_name": null, "application_device_type": 3, "application_last_login": "2019-09-13 08:58:27.351468", "application_phone": null, "application_last_rate": null, "application_updated": "2019-09-13 08:58:27.351468", "application_created": "2019-09-11 09:22:07.448009", "application_application_type": 4, "application_connection_type": 1, "application_connection_state": 1, "user_name": "driver14", "user_id": 813, "user_username": "driver14", "user_color": "E51717", "user_connection_type": 0, "user_last_login": null, "user_last_rate": null, "observation_url": "https://thor.ansur.no/signs/processing/27411", "observation_type": "photo", "preview_url": "https://thor.ansur.no/display/file/781fb864b3bbfc19adba64b6448abb50/driver14/d422f3331ba6af1782b489a0647397c7/preview.jpg", "preview_with_overlay_url": "https://thor.ansur.no/display/displayWithOverlays/781fb864b3bbfc19adba64b6448abb50/driver14/d422f3331ba6af1782b489a0647397c7/preview.jpg", "thumbnail_url": "https://thor.ansur.no/display/file/5885091452fbd67576335ecb916b80ba/driver14/d422f3331ba6af1782b489a0647397c7/thumb.jpg", "files": [{"id": 83203, "file_type": 1, "size": 11579846, "state": 0, "created": "2019-09-13 09:00:13", "request_until": null, "meta": null, "hash": "d422f3331ba6af1782b489a0647397c7", "url": null}, {"id": 83204, "file_type": 0, "size": 58193, "state": 3, "created": "2019-09-13 09:00:13", "request_until": "2019-10-13 09:00:13", "meta": null, "hash": "781fb864b3bbfc19adba64b6448abb50", "url": "https://thor.ansur.no/display/media/83204/driver14/d422f3331ba6af1782b489a0647397c7/preview.jpg"}, {"id": 83205, "file_type": 3, "size": 27719, "state": 3, "created": "2019-09-13 09:00:14", "request_until": null, "meta": "", "hash": "5885091452fbd67576335ecb916b80ba", "url": "https://thor.ansur.no/display/media/83205/driver14/d422f3331ba6af1782b489a0647397c7/thumb.jpg"}]}}]}','null');
insert into aar_service.file (id, name, mimeType, url, record_id) values (266,'record/attachements/d422f3331ba6af1782b489a0647397c7/preview.jpg','null','https://thor.ansur.no/display/media/83204/driver14/d422f3331ba6af1782b489a0647397c7/preview.jpg',2042);
insert into aar_service.file (id, name, mimeType, url, record_id) values (267,'record/attachements/d422f3331ba6af1782b489a0647397c7/thumb.jpg','null','https://thor.ansur.no/display/media/83205/driver14/d422f3331ba6af1782b489a0647397c7/thumb.jpg',2042);
insert into aar_service.record (id, clientId, sessionId, createDate, trialDate, topic, recordType, headline, msgType, recordJson, recordData) values (2043,'asign_photo','null','2019-09-13 11:01:34.362','2019-09-13 11:01:34.362','photo_geojson','FeatureCollection','Chemical Spill - Under Control','Info','{"type": "FeatureCollection", "bbox": null, "features": [{"type": "Feature", "bbox": null, "geometry": {"type": "Point", "coordinates": [14.866866, 47.555927]}, "properties": {"id": 27410, "priority": 0, "viewed": true, "signature": "4c294df402558d3649f98a04e4d36d5e", "instant": "2019-09-13 08:59:53", "created": "2019-09-13 08:59:59", "updated": "2019-09-13 09:01:29.515756", "caption": "", "interpretation": null, "meta": {"Source": {"filename": "original.jpg", "camera_make": "Apple", "width": 3024, "size": 12871790, "height": 4032, "direction": 114.0, "camera_model": "iPhone X", "field_of_view": null}}, "version": null, "application_id": "6ff1f0c0-fbe4-4bd4-bd52-06083b37e6b9", "seen": "2019-09-13 09:01:29", "started": null, "stopped": null, "location_latitude": 47.555927, "location_longitude": 14.866866, "location_time": "2019-09-13 08:59:52", "location_accuracy": 16.0, "location_altitude": 678.777039, "location_provider": null, "location_speed": null, "location_meta": null, "mission_id": 254, "mission_name": "Chemical Spill - Under Control", "thumbnail_hash": "4253332df05b8b2f2a96bad390038b3c", "preview_hash": "8008cbfdb51fab102ee86a1a8969c7c4", "category_id": null, "category_name": null, "application_device_type": 3, "application_last_login": "2019-09-13 08:58:27.351468", "application_phone": null, "application_last_rate": null, "application_updated": "2019-09-13 08:58:27.351468", "application_created": "2019-09-11 09:22:07.448009", "application_application_type": 4, "application_connection_type": 1, "application_connection_state": 1, "user_name": "driver14", "user_id": 813, "user_username": "driver14", "user_color": "E51717", "user_connection_type": 0, "user_last_login": null, "user_last_rate": null, "observation_url": "https://thor.ansur.no/signs/processing/27410", "observation_type": "photo", "preview_url": "https://thor.ansur.no/display/file/8008cbfdb51fab102ee86a1a8969c7c4/driver14/4c294df402558d3649f98a04e4d36d5e/preview.jpg", "preview_with_overlay_url": "https://thor.ansur.no/display/displayWithOverlays/8008cbfdb51fab102ee86a1a8969c7c4/driver14/4c294df402558d3649f98a04e4d36d5e/preview.jpg", "thumbnail_url": "https://thor.ansur.no/display/file/4253332df05b8b2f2a96bad390038b3c/driver14/4c294df402558d3649f98a04e4d36d5e/thumb.jpg", "files": [{"id": 83200, "file_type": 1, "size": 12871790, "state": 0, "created": "2019-09-13 08:59:59", "request_until": null, "meta": null, "hash": "4c294df402558d3649f98a04e4d36d5e", "url": null}, {"id": 83201, "file_type": 0, "size": 60315, "state": 3, "created": "2019-09-13 08:59:59", "request_until": "2019-10-13 08:59:59", "meta": null, "hash": "8008cbfdb51fab102ee86a1a8969c7c4", "url": "https://thor.ansur.no/display/media/83201/driver14/4c294df402558d3649f98a04e4d36d5e/preview.jpg"}, {"id": 83202, "file_type": 3, "size": 24871, "state": 3, "created": "2019-09-13 09:00:02", "request_until": null, "meta": "", "hash": "4253332df05b8b2f2a96bad390038b3c", "url": "https://thor.ansur.no/display/media/83202/driver14/4c294df402558d3649f98a04e4d36d5e/thumb.jpg"}]}}]}','null');
insert into aar_service.file (id, name, mimeType, url, record_id) values (268,'record/attachements/4c294df402558d3649f98a04e4d36d5e/preview.jpg','null','https://thor.ansur.no/display/media/83201/driver14/4c294df402558d3649f98a04e4d36d5e/preview.jpg',2043);
insert into aar_service.file (id, name, mimeType, url, record_id) values (269,'record/attachements/4c294df402558d3649f98a04e4d36d5e/thumb.jpg','null','https://thor.ansur.no/display/media/83202/driver14/4c294df402558d3649f98a04e4d36d5e/thumb.jpg',2043);
insert into aar_service.record (id, clientId, sessionId, createDate, trialDate, topic, recordType, headline, msgType, recordJson, recordData) values (2044,'asign_photo','null','2019-09-13 11:07:09.451','2019-09-13 11:07:09.451','photo_geojson','FeatureCollection','Chemical Spill - Under Control','Info','{"type": "FeatureCollection", "bbox": null, "features": [{"type": "Feature", "bbox": null, "geometry": {"type": "Point", "coordinates": [14.866701, 47.556038]}, "properties": {"id": 27413, "priority": 0, "viewed": false, "signature": "fa33c8584763b86c668cd7e775cf44ef", "instant": "2019-09-13 09:06:55", "created": "2019-09-13 09:06:58", "updated": "2019-09-13 09:07:02.215581", "caption": "", "interpretation": null, "meta": {"Source": {"filename": "original.jpg", "camera_make": "Apple", "width": 3024, "size": 8574645, "height": 4032, "direction": 66.0, "camera_model": "iPhone 6s Plus", "field_of_view": null}}, "version": null, "application_id": "a7fae54e-a7fd-4e11-8008-7f2f1a8207ca", "seen": null, "started": null, "stopped": null, "location_latitude": 47.556038, "location_longitude": 14.866701, "location_time": "2019-09-13 09:06:50", "location_accuracy": 5.0, "location_altitude": 681.330627, "location_provider": null, "location_speed": null, "location_meta": null, "mission_id": 254, "mission_name": "Chemical Spill - Under Control", "thumbnail_hash": "3d052980039203c3a6b2884d0dd35c11", "preview_hash": "728381e025ce3d2d590c0fa1377ea747", "category_id": null, "category_name": null, "application_device_type": 3, "application_last_login": "2019-09-13 08:52:34.84767", "application_phone": null, "application_last_rate": null, "application_updated": "2019-09-13 08:52:34.84767", "application_created": "2019-09-11 08:58:00.323881", "application_application_type": 4, "application_connection_type": 1, "application_connection_state": 1, "user_name": "driver12", "user_id": 811, "user_username": "driver12", "user_color": "FFFFFF", "user_connection_type": 0, "user_last_login": null, "user_last_rate": null, "observation_url": "https://thor.ansur.no/signs/processing/27413", "observation_type": "photo", "preview_url": "https://thor.ansur.no/display/file/728381e025ce3d2d590c0fa1377ea747/driver12/fa33c8584763b86c668cd7e775cf44ef/preview.jpg", "preview_with_overlay_url": "https://thor.ansur.no/display/displayWithOverlays/728381e025ce3d2d590c0fa1377ea747/driver12/fa33c8584763b86c668cd7e775cf44ef/preview.jpg", "thumbnail_url": "https://thor.ansur.no/display/file/3d052980039203c3a6b2884d0dd35c11/driver12/fa33c8584763b86c668cd7e775cf44ef/thumb.jpg", "files": [{"id": 83210, "file_type": 1, "size": 8574645, "state": 0, "created": "2019-09-13 09:06:58", "request_until": null, "meta": null, "hash": "fa33c8584763b86c668cd7e775cf44ef", "url": null}, {"id": 83211, "file_type": 0, "size": 44254, "state": 3, "created": "2019-09-13 09:06:58", "request_until": "2019-10-13 09:06:58", "meta": null, "hash": "728381e025ce3d2d590c0fa1377ea747", "url": "https://thor.ansur.no/display/media/83211/driver12/fa33c8584763b86c668cd7e775cf44ef/preview.jpg"}, {"id": 83212, "file_type": 3, "size": 22742, "state": 3, "created": "2019-09-13 09:07:02", "request_until": null, "meta": "", "hash": "3d052980039203c3a6b2884d0dd35c11", "url": "https://thor.ansur.no/display/media/83212/driver12/fa33c8584763b86c668cd7e775cf44ef/thumb.jpg"}]}}]}','null');
insert into aar_service.file (id, name, mimeType, url, record_id) values (270,'record/attachements/fa33c8584763b86c668cd7e775cf44ef/preview.jpg','null','https://thor.ansur.no/display/media/83211/driver12/fa33c8584763b86c668cd7e775cf44ef/preview.jpg',2044);
insert into aar_service.file (id, name, mimeType, url, record_id) values (271,'record/attachements/fa33c8584763b86c668cd7e775cf44ef/thumb.jpg','null','https://thor.ansur.no/display/media/83212/driver12/fa33c8584763b86c668cd7e775cf44ef/thumb.jpg',2044);
insert into aar_service.record (id, clientId, sessionId, createDate, trialDate, topic, recordType, headline, msgType, recordJson, recordData) values (2045,'asign_photo','null','2019-09-13 11:07:59.54','2019-09-13 11:07:59.54','photo_geojson','FeatureCollection','Chemical Spill - Under Control','Info','{"type": "FeatureCollection", "bbox": null, "features": [{"type": "Feature", "bbox": null, "geometry": {"type": "Point", "coordinates": [14.866796, 47.555931]}, "properties": {"id": 27404, "priority": 0, "viewed": true, "signature": "f1b70ad8a999d7f5cf3bb63bc711e8a5", "instant": "2019-09-13 08:52:54", "created": "2019-09-13 08:53:03", "updated": "2019-09-13 09:07:47.185985", "caption": null, "interpretation": null, "meta": {"Source": {"filename": "original.jpg", "camera_make": "Apple", "width": 4032, "size": 13651684, "height": 3024, "direction": 114.0, "camera_model": "iPhone X", "field_of_view": null}}, "version": null, "application_id": "6ff1f0c0-fbe4-4bd4-bd52-06083b37e6b9", "seen": "2019-09-13 08:53:14", "started": null, "stopped": null, "location_latitude": 47.555931, "location_longitude": 14.866796, "location_time": "2019-09-13 08:52:53", "location_accuracy": 16.0, "location_altitude": 679.786743, "location_provider": null, "location_speed": null, "location_meta": null, "mission_id": 254, "mission_name": "Chemical Spill - Under Control", "thumbnail_hash": "e98a8e72b525230555daaab10322b7e6", "preview_hash": "6fea36528d951aa66e1ec3e959966f0b", "category_id": null, "category_name": null, "application_device_type": 3, "application_last_login": "2019-09-13 08:58:27.351468", "application_phone": null, "application_last_rate": null, "application_updated": "2019-09-13 08:58:27.351468", "application_created": "2019-09-11 09:22:07.448009", "application_application_type": 4, "application_connection_type": 1, "application_connection_state": 1, "user_name": "driver14", "user_id": 813, "user_username": "driver14", "user_color": "E51717", "user_connection_type": 0, "user_last_login": null, "user_last_rate": null, "observation_url": "https://thor.ansur.no/signs/processing/27404", "observation_type": "photo", "preview_url": "https://thor.ansur.no/display/file/6fea36528d951aa66e1ec3e959966f0b/driver14/f1b70ad8a999d7f5cf3bb63bc711e8a5/preview.jpg", "preview_with_overlay_url": "https://thor.ansur.no/display/displayWithOverlays/6fea36528d951aa66e1ec3e959966f0b/driver14/f1b70ad8a999d7f5cf3bb63bc711e8a5/preview.jpg", "thumbnail_url": "https://thor.ansur.no/display/file/e98a8e72b525230555daaab10322b7e6/driver14/f1b70ad8a999d7f5cf3bb63bc711e8a5/thumb.jpg", "files": [{"id": 83180, "file_type": 1, "size": 13651684, "state": 0, "created": "2019-09-13 08:53:03", "request_until": null, "meta": null, "hash": "f1b70ad8a999d7f5cf3bb63bc711e8a5", "url": null}, {"id": 83181, "file_type": 0, "size": 70022, "state": 3, "created": "2019-09-13 08:53:03", "request_until": "2019-10-13 08:53:03", "meta": null, "hash": "6fea36528d951aa66e1ec3e959966f0b", "url": "https://thor.ansur.no/display/media/83181/driver14/f1b70ad8a999d7f5cf3bb63bc711e8a5/preview.jpg"}, {"id": 83182, "file_type": 3, "size": 18394, "state": 3, "created": "2019-09-13 08:53:08", "request_until": null, "meta": "", "hash": "e98a8e72b525230555daaab10322b7e6", "url": "https://thor.ansur.no/display/media/83182/driver14/f1b70ad8a999d7f5cf3bb63bc711e8a5/thumb.jpg"}, {"id": 83183, "file_type": 11, "size": 21917, "state": 3, "created": "2019-09-13 08:53:09", "request_until": null, "meta": null, "hash": "d598dffe93bb54fad404d5f59dbdec31", "url": "https://thor.ansur.no/display/media/83183/driver14/f1b70ad8a999d7f5cf3bb63bc711e8a5/audio_caption_1568364789.748.m4a"}]}}]}','null');
insert into aar_service.file (id, name, mimeType, url, record_id) values (272,'record/attachements/f1b70ad8a999d7f5cf3bb63bc711e8a5/preview.jpg','null','https://thor.ansur.no/display/media/83181/driver14/f1b70ad8a999d7f5cf3bb63bc711e8a5/preview.jpg',2045);
insert into aar_service.file (id, name, mimeType, url, record_id) values (273,'record/attachements/f1b70ad8a999d7f5cf3bb63bc711e8a5/thumb.jpg','null','https://thor.ansur.no/display/media/83182/driver14/f1b70ad8a999d7f5cf3bb63bc711e8a5/thumb.jpg',2045);
insert into aar_service.file (id, name, mimeType, url, record_id) values (274,'record/attachements/f1b70ad8a999d7f5cf3bb63bc711e8a5/audio_caption_1568364789.748.m4a','null','https://thor.ansur.no/display/media/83183/driver14/f1b70ad8a999d7f5cf3bb63bc711e8a5/audio_caption_1568364789.748.m4a',2045);
insert into aar_service.record (id, clientId, sessionId, createDate, trialDate, topic, recordType, headline, msgType, recordJson, recordData) values (2046,'asign_photo','null','2019-09-13 11:09:19.608','2019-09-13 11:09:19.608','photo_geojson','FeatureCollection','Chemical Spill - Under Control','Info','{"type": "FeatureCollection", "bbox": null, "features": [{"type": "Feature", "bbox": null, "geometry": {"type": "Point", "coordinates": [14.866701, 47.556038]}, "properties": {"id": 27413, "priority": 0, "viewed": true, "signature": "fa33c8584763b86c668cd7e775cf44ef", "instant": "2019-09-13 09:06:55", "created": "2019-09-13 09:06:58", "updated": "2019-09-13 09:09:13.849518", "caption": "", "interpretation": null, "meta": {"Source": {"filename": "original.jpg", "camera_make": "Apple", "width": 3024, "size": 8574645, "height": 4032, "direction": 66.0, "camera_model": "iPhone 6s Plus", "field_of_view": null}}, "version": null, "application_id": "a7fae54e-a7fd-4e11-8008-7f2f1a8207ca", "seen": "2019-09-13 09:09:13", "started": null, "stopped": null, "location_latitude": 47.556038, "location_longitude": 14.866701, "location_time": "2019-09-13 09:06:50", "location_accuracy": 5.0, "location_altitude": 681.330627, "location_provider": null, "location_speed": null, "location_meta": null, "mission_id": 254, "mission_name": "Chemical Spill - Under Control", "thumbnail_hash": "3d052980039203c3a6b2884d0dd35c11", "preview_hash": "728381e025ce3d2d590c0fa1377ea747", "category_id": null, "category_name": null, "application_device_type": 3, "application_last_login": "2019-09-13 08:52:34.84767", "application_phone": null, "application_last_rate": null, "application_updated": "2019-09-13 08:52:34.84767", "application_created": "2019-09-11 08:58:00.323881", "application_application_type": 4, "application_connection_type": 1, "application_connection_state": 1, "user_name": "driver12", "user_id": 811, "user_username": "driver12", "user_color": "FFFFFF", "user_connection_type": 0, "user_last_login": null, "user_last_rate": null, "observation_url": "https://thor.ansur.no/signs/processing/27413", "observation_type": "photo", "preview_url": "https://thor.ansur.no/display/file/728381e025ce3d2d590c0fa1377ea747/driver12/fa33c8584763b86c668cd7e775cf44ef/preview.jpg", "preview_with_overlay_url": "https://thor.ansur.no/display/displayWithOverlays/728381e025ce3d2d590c0fa1377ea747/driver12/fa33c8584763b86c668cd7e775cf44ef/preview.jpg", "thumbnail_url": "https://thor.ansur.no/display/file/3d052980039203c3a6b2884d0dd35c11/driver12/fa33c8584763b86c668cd7e775cf44ef/thumb.jpg", "files": [{"id": 83210, "file_type": 1, "size": 8574645, "state": 0, "created": "2019-09-13 09:06:58", "request_until": null, "meta": null, "hash": "fa33c8584763b86c668cd7e775cf44ef", "url": null}, {"id": 83211, "file_type": 0, "size": 44254, "state": 3, "created": "2019-09-13 09:06:58", "request_until": "2019-10-13 09:06:58", "meta": null, "hash": "728381e025ce3d2d590c0fa1377ea747", "url": "https://thor.ansur.no/display/media/83211/driver12/fa33c8584763b86c668cd7e775cf44ef/preview.jpg"}, {"id": 83212, "file_type": 3, "size": 22742, "state": 3, "created": "2019-09-13 09:07:02", "request_until": null, "meta": "", "hash": "3d052980039203c3a6b2884d0dd35c11", "url": "https://thor.ansur.no/display/media/83212/driver12/fa33c8584763b86c668cd7e775cf44ef/thumb.jpg"}]}}]}','null');
insert into aar_service.file (id, name, mimeType, url, record_id) values (275,'record/attachements/fa33c8584763b86c668cd7e775cf44ef/preview.jpg','null','https://thor.ansur.no/display/media/83211/driver12/fa33c8584763b86c668cd7e775cf44ef/preview.jpg',2046);
insert into aar_service.file (id, name, mimeType, url, record_id) values (276,'record/attachements/fa33c8584763b86c668cd7e775cf44ef/thumb.jpg','null','https://thor.ansur.no/display/media/83212/driver12/fa33c8584763b86c668cd7e775cf44ef/thumb.jpg',2046);
insert into aar_service.record (id, clientId, sessionId, createDate, trialDate, topic, recordType, headline, msgType, recordJson, recordData) values (2047,'asign_photo','null','2019-09-13 11:13:09.692','2019-09-13 11:13:09.692','photo_geojson','FeatureCollection','Chemical Spill - Under Control','Info','{"type": "FeatureCollection", "bbox": null, "features": [{"type": "Feature", "bbox": null, "geometry": {"type": "Point", "coordinates": [14.866695, 47.556084]}, "properties": {"id": 27415, "priority": 0, "viewed": false, "signature": "93eeb8ba8b0bd78e2b21f14e066c1385", "instant": "2019-09-13 09:12:42", "created": "2019-09-13 09:12:54", "updated": "2019-09-13 09:12:57.099191", "caption": "We are on the way ", "interpretation": null, "meta": {"Source": {"filename": "original.jpg", "camera_make": "Apple", "width": 3024, "size": 6267875, "height": 4032, "direction": 260.0, "camera_model": "iPhone 6s Plus", "field_of_view": null}}, "version": null, "application_id": "a7fae54e-a7fd-4e11-8008-7f2f1a8207ca", "seen": null, "started": null, "stopped": null, "location_latitude": 47.556084, "location_longitude": 14.866695, "location_time": "2019-09-13 09:12:40", "location_accuracy": 10.0, "location_altitude": 680.064209, "location_provider": null, "location_speed": null, "location_meta": null, "mission_id": 254, "mission_name": "Chemical Spill - Under Control", "thumbnail_hash": "ed5efd60bd9f8d119bade2bc460948a6", "preview_hash": "213c62bb16e9372b2689328ad1ebeea5", "category_id": null, "category_name": null, "application_device_type": 3, "application_last_login": "2019-09-13 08:52:34.84767", "application_phone": null, "application_last_rate": null, "application_updated": "2019-09-13 08:52:34.84767", "application_created": "2019-09-11 08:58:00.323881", "application_application_type": 4, "application_connection_type": 1, "application_connection_state": 1, "user_name": "driver12", "user_id": 811, "user_username": "driver12", "user_color": "FFFFFF", "user_connection_type": 0, "user_last_login": null, "user_last_rate": null, "observation_url": "https://thor.ansur.no/signs/processing/27415", "observation_type": "photo", "preview_url": "https://thor.ansur.no/display/file/213c62bb16e9372b2689328ad1ebeea5/driver12/93eeb8ba8b0bd78e2b21f14e066c1385/preview.jpg", "preview_with_overlay_url": "https://thor.ansur.no/display/displayWithOverlays/213c62bb16e9372b2689328ad1ebeea5/driver12/93eeb8ba8b0bd78e2b21f14e066c1385/preview.jpg", "thumbnail_url": "https://thor.ansur.no/display/file/ed5efd60bd9f8d119bade2bc460948a6/driver12/93eeb8ba8b0bd78e2b21f14e066c1385/thumb.jpg", "files": [{"id": 83213, "file_type": 1, "size": 6267875, "state": 0, "created": "2019-09-13 09:12:54", "request_until": null, "meta": null, "hash": "93eeb8ba8b0bd78e2b21f14e066c1385", "url": null}, {"id": 83214, "file_type": 0, "size": 32315, "state": 3, "created": "2019-09-13 09:12:54", "request_until": "2019-10-13 09:12:54", "meta": null, "hash": "213c62bb16e9372b2689328ad1ebeea5", "url": "https://thor.ansur.no/display/media/83214/driver12/93eeb8ba8b0bd78e2b21f14e066c1385/preview.jpg"}, {"id": 83215, "file_type": 3, "size": 21867, "state": 3, "created": "2019-09-13 09:12:57", "request_until": null, "meta": "", "hash": "ed5efd60bd9f8d119bade2bc460948a6", "url": "https://thor.ansur.no/display/media/83215/driver12/93eeb8ba8b0bd78e2b21f14e066c1385/thumb.jpg"}]}}]}','null');
insert into aar_service.file (id, name, mimeType, url, record_id) values (277,'record/attachements/93eeb8ba8b0bd78e2b21f14e066c1385/preview.jpg','null','https://thor.ansur.no/display/media/83214/driver12/93eeb8ba8b0bd78e2b21f14e066c1385/preview.jpg',2047);
insert into aar_service.file (id, name, mimeType, url, record_id) values (278,'record/attachements/93eeb8ba8b0bd78e2b21f14e066c1385/thumb.jpg','null','https://thor.ansur.no/display/media/83215/driver12/93eeb8ba8b0bd78e2b21f14e066c1385/thumb.jpg',2047);
insert into aar_service.record (id, clientId, sessionId, createDate, trialDate, topic, recordType, headline, msgType, recordJson, recordData) values (2048,'TB-TrialMgmt','null','2019-09-13 11:13:58.084','2019-09-13 11:13:58.084','system_tm_role_player','RolePlayerMessage','Call f. resident dizziness & vomits (Jostrom).','Info','{"id": "1467de39-541e-4d3c-b237-fe909bbd8381", "type": "CALL", "title": "", "headline": "Call f. resident dizziness & vomits (Jostrom).", "description": "A call from a resident expressing dizziness and vomits (address: Jostrom 1).", "rolePlayerName": "ARC - EXCON", "participantNames": null, "comment": ""}','null');
insert into aar_service.record (id, clientId, sessionId, createDate, trialDate, topic, recordType, headline, msgType, recordJson, recordData) values (2049,'TB-TrialMgmt','null','2019-09-13 11:15:50.102','2019-09-13 11:15:50.102','system_tm_role_player','RolePlayerMessage','Other response teams alerted about potential risks.','Info','{"id": "cb86885b-c52f-4bd2-9173-07dee71da0a1", "type": "ACTION", "title": "", "headline": "Other response teams alerted about potential risks.", "description": "Other response teams in the area should be alerted about potential risks.", "rolePlayerName": "ARC - EXCON", "participantNames": null, "comment": ""}','null');
insert into aar_service.record (id, clientId, sessionId, createDate, trialDate, topic, recordType, headline, msgType, recordJson, recordData) values (2050,'TB-Ost','null','2019-09-13 11:16:38.505','2019-09-13 11:16:38.505','system_observer_tool_answer','ObserverToolAnswer','A new observation was reported by: Block4_Chemical_Spill-viewTerra_Observer','Info','{"trialId": 13, "sessionId": 217, "answerId": 1552, "timeSendUTC": 1568366196, "timeWhen": 1568366198000, "observationTypeName": "Block4_Chemical_Spill-viewTerra_Observer", "observervationTypeId": 1585, "observationTypeDescription": "Was the commander able locate the object of interest (e.g. factory) in vieWTerra Evolution \u2019s 4D Earth Viewer?", "description": "", "multiplicity": true, "questions": [{"id": 3140, "name": "Was the commander able locate the object of intere", "description": "-", "answer": "Agree", "comment": "", "typeOfQuestion": "radiobutton"}]}','null');
insert into aar_service.record (id, clientId, sessionId, createDate, trialDate, topic, recordType, headline, msgType, recordJson, recordData) values (2053,'asign_photo','null','2019-09-13 11:18:49.763','2019-09-13 11:18:49.763','photo_geojson','FeatureCollection','Chemical Spill - Under Control','Info','{"type": "FeatureCollection", "bbox": null, "features": [{"type": "Feature", "bbox": null, "geometry": {"type": "Point", "coordinates": [14.866695, 47.556084]}, "properties": {"id": 27415, "priority": 0, "viewed": true, "signature": "93eeb8ba8b0bd78e2b21f14e066c1385", "instant": "2019-09-13 09:12:42", "created": "2019-09-13 09:12:54", "updated": "2019-09-13 09:18:42.825391", "caption": "We are on the way ", "interpretation": null, "meta": {"Source": {"filename": "original.jpg", "camera_make": "Apple", "width": 3024, "size": 6267875, "height": 4032, "direction": 260.0, "camera_model": "iPhone 6s Plus", "field_of_view": null}}, "version": null, "application_id": "a7fae54e-a7fd-4e11-8008-7f2f1a8207ca", "seen": "2019-09-13 09:18:42", "started": null, "stopped": null, "location_latitude": 47.556084, "location_longitude": 14.866695, "location_time": "2019-09-13 09:12:40", "location_accuracy": 10.0, "location_altitude": 680.064209, "location_provider": null, "location_speed": null, "location_meta": null, "mission_id": 254, "mission_name": "Chemical Spill - Under Control", "thumbnail_hash": "ed5efd60bd9f8d119bade2bc460948a6", "preview_hash": "213c62bb16e9372b2689328ad1ebeea5", "category_id": null, "category_name": null, "application_device_type": 3, "application_last_login": "2019-09-13 08:52:34.84767", "application_phone": null, "application_last_rate": null, "application_updated": "2019-09-13 08:52:34.84767", "application_created": "2019-09-11 08:58:00.323881", "application_application_type": 4, "application_connection_type": 1, "application_connection_state": 1, "user_name": "driver12", "user_id": 811, "user_username": "driver12", "user_color": "FFFFFF", "user_connection_type": 0, "user_last_login": null, "user_last_rate": null, "observation_url": "https://thor.ansur.no/signs/processing/27415", "observation_type": "photo", "preview_url": "https://thor.ansur.no/display/file/213c62bb16e9372b2689328ad1ebeea5/driver12/93eeb8ba8b0bd78e2b21f14e066c1385/preview.jpg", "preview_with_overlay_url": "https://thor.ansur.no/display/displayWithOverlays/213c62bb16e9372b2689328ad1ebeea5/driver12/93eeb8ba8b0bd78e2b21f14e066c1385/preview.jpg", "thumbnail_url": "https://thor.ansur.no/display/file/ed5efd60bd9f8d119bade2bc460948a6/driver12/93eeb8ba8b0bd78e2b21f14e066c1385/thumb.jpg", "files": [{"id": 83213, "file_type": 1, "size": 6267875, "state": 0, "created": "2019-09-13 09:12:54", "request_until": null, "meta": null, "hash": "93eeb8ba8b0bd78e2b21f14e066c1385", "url": null}, {"id": 83214, "file_type": 0, "size": 32315, "state": 3, "created": "2019-09-13 09:12:54", "request_until": "2019-10-13 09:12:54", "meta": null, "hash": "213c62bb16e9372b2689328ad1ebeea5", "url": "https://thor.ansur.no/display/media/83214/driver12/93eeb8ba8b0bd78e2b21f14e066c1385/preview.jpg"}, {"id": 83215, "file_type": 3, "size": 21867, "state": 3, "created": "2019-09-13 09:12:57", "request_until": null, "meta": "", "hash": "ed5efd60bd9f8d119bade2bc460948a6", "url": "https://thor.ansur.no/display/media/83215/driver12/93eeb8ba8b0bd78e2b21f14e066c1385/thumb.jpg"}]}}]}','null');
insert into aar_service.file (id, name, mimeType, url, record_id) values (279,'record/attachements/93eeb8ba8b0bd78e2b21f14e066c1385/preview.jpg','null','https://thor.ansur.no/display/media/83214/driver12/93eeb8ba8b0bd78e2b21f14e066c1385/preview.jpg',2053);
insert into aar_service.file (id, name, mimeType, url, record_id) values (280,'record/attachements/93eeb8ba8b0bd78e2b21f14e066c1385/thumb.jpg','null','https://thor.ansur.no/display/media/83215/driver12/93eeb8ba8b0bd78e2b21f14e066c1385/thumb.jpg',2053);
insert into aar_service.record (id, clientId, sessionId, createDate, trialDate, topic, recordType, headline, msgType, recordJson, recordData) values (2054,'TB-Ost','null','2019-09-13 11:19:12.754','2019-09-13 11:19:12.754','system_observer_tool_answer','ObserverToolAnswer','A new observation was reported by: Block4_Chemical_Spill-CrowdTasker_Field observer','Info','{"trialId": 13, "sessionId": 220, "answerId": 1554, "timeSendUTC": 1568366351, "timeWhen": 1568361269000, "observationTypeName": "Block4_Chemical_Spill-CrowdTasker_Field observer", "observervationTypeId": 1617, "observationTypeDescription": "How many years of professional experience do you have in crisis management? ", "description": "", "multiplicity": true, "questions": [{"id": 2901, "name": "How many years of professional experience do you h", "description": "-", "answer": "More than 15 years", "comment": "", "typeOfQuestion": "radiobutton"}]}','null');
insert into aar_service.record (id, clientId, sessionId, createDate, trialDate, topic, recordType, headline, msgType, recordJson, recordData) values (2055,'TB-Ost','null','2019-09-13 11:19:12.881','2019-09-13 11:19:12.882','system_observer_tool_answer','ObserverToolAnswer','A new observation was reported by: Block4_Chemical_Spill-CrowdTasker_Field observer','Info','{"trialId": 13, "sessionId": 220, "answerId": 1555, "timeSendUTC": 1568366351, "timeWhen": 1568362772000, "observationTypeName": "Block4_Chemical_Spill-CrowdTasker_Field observer", "observervationTypeId": 1619, "observationTypeDescription": "Users of the CrowdTasker mobile app received a warning when they entered the danger zone.", "description": "", "multiplicity": true, "questions": [{"id": 2899, "name": "Users of the CrowdTasker mobile app received a war", "description": "-", "answer": "Not applicable", "comment": "We did receive an alert while were a good distance outside the area", "typeOfQuestion": "radiobutton"}]}','null');
insert into aar_service.record (id, clientId, sessionId, createDate, trialDate, topic, recordType, headline, msgType, recordJson, recordData) values (2056,'TB-Ost','null','2019-09-13 11:19:13.015','2019-09-13 11:19:13.015','system_observer_tool_answer','ObserverToolAnswer','A new observation was reported by: Block4_Chemical_Spill-CrowdTasker_Field observer','Info','{"trialId": 13, "sessionId": 220, "answerId": 1557, "timeSendUTC": 1568366351, "timeWhen": 1568362811000, "observationTypeName": "Block4_Chemical_Spill-CrowdTasker_Field observer", "observervationTypeId": 1620, "observationTypeDescription": "User of the CrowdTasker mobile app correctly interpreted the warning message they received when entering the danger zone; they were able to make a decision about their next action based on this warning.", "description": "", "multiplicity": true, "questions": [{"id": 2898, "name": "User of the CrowdTasker mobile app correctly inter", "description": "-", "answer": "Agree", "comment": "But we got it outside the area", "typeOfQuestion": "radiobutton"}]}','null');
insert into aar_service.record (id, clientId, sessionId, createDate, trialDate, topic, recordType, headline, msgType, recordJson, recordData) values (2057,'TB-Ost','null','2019-09-13 11:19:13.155','2019-09-13 11:19:13.155','system_observer_tool_answer','ObserverToolAnswer','A new observation was reported by: Block4_Chemical_Spill-CrowdTasker_Field observer','Info','{"trialId": 13, "sessionId": 220, "answerId": 1556, "timeSendUTC": 1568366351, "timeWhen": 1568361290000, "observationTypeName": "Block4_Chemical_Spill-CrowdTasker_Field observer", "observervationTypeId": 1618, "observationTypeDescription": "How much would you agree with the statement that you have experience and knowledge regarding volunteer management?", "description": "", "multiplicity": true, "questions": [{"id": 2900, "name": "How much would you agree with the statement that y", "description": "-", "answer": "Agree", "comment": "", "typeOfQuestion": "radiobutton"}]}','null');
insert into aar_service.record (id, clientId, sessionId, createDate, trialDate, topic, recordType, headline, msgType, recordJson, recordData) values (2058,'TB-Ost','null','2019-09-13 11:19:13.288','2019-09-13 11:19:13.288','system_observer_tool_answer','ObserverToolAnswer','A new observation was reported by: Block4_Chemical_Spill-CrowdTasker_Field observer','Info','{"trialId": 13, "sessionId": 220, "answerId": 1558, "timeSendUTC": 1568366351, "timeWhen": 1568363026000, "observationTypeName": "Block4_Chemical_Spill-CrowdTasker_Field observer", "observervationTypeId": 1622, "observationTypeDescription": "The volunteers know what to do when they get a task by crowdtasker.", "description": "", "multiplicity": true, "questions": [{"id": 2896, "name": "The volunteers know what to do when they get a tas", "description": "-", "answer": "[Not applicable]", "comment": "I want to disagree but the button is not there, the task assigned was very vague  it was report anything unusual, this is not right and clear for a citizen", "typeOfQuestion": "checkbox"}]}','null');
insert into aar_service.record (id, clientId, sessionId, createDate, trialDate, topic, recordType, headline, msgType, recordJson, recordData) values (2059,'TB-Ost','null','2019-09-13 11:19:13.426','2019-09-13 11:19:13.426','system_observer_tool_answer','ObserverToolAnswer','A new observation was reported by: Block4_Chemical_Spill-CrowdTasker_Field observer','Info','{"trialId": 13, "sessionId": 220, "answerId": 1559, "timeSendUTC": 1568366351, "timeWhen": 1568363101000, "observationTypeName": "Block4_Chemical_Spill-CrowdTasker_Field observer", "observervationTypeId": 1622, "observationTypeDescription": "The volunteers know what to do when they get a task by crowdtasker.", "description": "", "multiplicity": true, "questions": [{"id": 2896, "name": "The volunteers know what to do when they get a tas", "description": "-", "answer": "[Agree]", "comment": "A new task was sent by what''s app after informing through Porto, that went very well", "typeOfQuestion": "checkbox"}]}','null');
insert into aar_service.record (id, clientId, sessionId, createDate, trialDate, topic, recordType, headline, msgType, recordJson, recordData) values (2060,'TB-Ost','null','2019-09-13 11:19:13.561','2019-09-13 11:19:13.561','system_observer_tool_answer','ObserverToolAnswer','A new observation was reported by: Block4_Chemical_Spill-CrowdTasker_Field observer','Info','{"trialId": 13, "sessionId": 220, "answerId": 1560, "timeSendUTC": 1568366351, "timeWhen": 1568364115000, "observationTypeName": "Block4_Chemical_Spill-CrowdTasker_Field observer", "observervationTypeId": 1621, "observationTypeDescription": "With the help of ASIGN responders inside of the danger zone could receive the \u201Cdo not enter! Leave now!\u201D alarm.", "description": "", "multiplicity": true, "questions": [{"id": 2897, "name": "With the help of ASIGN responders inside of the da", "description": "-", "answer": "Not applicable", "comment": "", "typeOfQuestion": "radiobutton"}]}','null');
insert into aar_service.record (id, clientId, sessionId, createDate, trialDate, topic, recordType, headline, msgType, recordJson, recordData) values (2061,'TB-Ost','null','2019-09-13 11:19:13.692','2019-09-13 11:19:13.692','system_observer_tool_answer','ObserverToolAnswer','A new observation was reported by: Block4_Chemical_Spill-CrowdTasker_Field observer','Info','{"trialId": 13, "sessionId": 220, "answerId": 1561, "timeSendUTC": 1568366351, "timeWhen": 1568364116000, "observationTypeName": "Block4_Chemical_Spill-CrowdTasker_Field observer", "observervationTypeId": 1621, "observationTypeDescription": "With the help of ASIGN responders inside of the danger zone could receive the \u201Cdo not enter! Leave now!\u201D alarm.", "description": "", "multiplicity": true, "questions": [{"id": 2897, "name": "With the help of ASIGN responders inside of the da", "description": "-", "answer": "Not applicable", "comment": "", "typeOfQuestion": "radiobutton"}]}','null');
insert into aar_service.record (id, clientId, sessionId, createDate, trialDate, topic, recordType, headline, msgType, recordJson, recordData) values (2064,'TB-Ost','null','2019-09-13 11:19:14.107','2019-09-13 11:19:14.107','system_observer_tool_answer','ObserverToolAnswer','A new observation was reported by: Block4_Chemical_Spill-CrowdTasker_Field observer','Info','{"trialId": 13, "sessionId": 220, "answerId": 1564, "timeSendUTC": 1568366351, "timeWhen": 1568364609000, "observationTypeName": "Block4_Chemical_Spill-CrowdTasker_Field observer", "observervationTypeId": 1623, "observationTypeDescription": "Volunters were acting safely (being careful when crossing streets, taking photos from a safe distance).", "description": "", "multiplicity": true, "questions": [{"id": 2895, "name": "Volunters were acting safely (being careful when c", "description": "-", "answer": "[Agree]", "comment": "Yes we took enough care", "typeOfQuestion": "checkbox"}]}','null');
insert into aar_service.record (id, clientId, sessionId, createDate, trialDate, topic, recordType, headline, msgType, recordJson, recordData) values (2065,'TB-Ost','null','2019-09-13 11:19:14.239','2019-09-13 11:19:14.239','system_observer_tool_answer','ObserverToolAnswer','A new observation was reported by: Block4_Chemical_Spill-CrowdTasker_Field observer','Info','{"trialId": 13, "sessionId": 220, "answerId": 1565, "timeSendUTC": 1568366351, "timeWhen": 1568364644000, "observationTypeName": "Block4_Chemical_Spill-CrowdTasker_Field observer", "observervationTypeId": 1624, "observationTypeDescription": "Do you observe the information (photos) they are sending, are relevant according to the scenario? i.e: sending photos of collapsed structures, landslides, damaged buildings or other clearly damaged infrastructure.", "description": "", "multiplicity": true, "questions": [{"id": 2894, "name": "Do you observe the information (photos) they are s", "description": "-", "answer": "[Agree]", "comment": "Yes  a relevant picture", "typeOfQuestion": "checkbox"}]}','null');
insert into aar_service.record (id, clientId, sessionId, createDate, trialDate, topic, recordType, headline, msgType, recordJson, recordData) values (2066,'TB-Ost','null','2019-09-13 11:19:14.384','2019-09-13 11:19:14.384','system_observer_tool_answer','ObserverToolAnswer','A new observation was reported by: Block4_Chemical_Spill-CrowdTasker_Field observer','Info','{"trialId": 13, "sessionId": 220, "answerId": 1566, "timeSendUTC": 1568366351, "timeWhen": 1568364748000, "observationTypeName": "Block4_Chemical_Spill-CrowdTasker_Field observer", "observervationTypeId": 1624, "observationTypeDescription": "Do you observe the information (photos) they are sending, are relevant according to the scenario? i.e: sending photos of collapsed structures, landslides, damaged buildings or other clearly damaged infrastructure.", "description": "", "multiplicity": true, "questions": [{"id": 2894, "name": "Do you observe the information (photos) they are s", "description": "-", "answer": "[Agree]", "comment": "Yes  a relevant picture", "typeOfQuestion": "checkbox"}]}','null');
insert into aar_service.record (id, clientId, sessionId, createDate, trialDate, topic, recordType, headline, msgType, recordJson, recordData) values (2067,'TB-Ost','null','2019-09-13 11:19:14.527','2019-09-13 11:19:14.527','system_observer_tool_answer','ObserverToolAnswer','A new observation was reported by: Block4_Chemical_Spill-CrowdTasker_Field observer','Info','{"trialId": 13, "sessionId": 220, "answerId": 1567, "timeSendUTC": 1568366351, "timeWhen": 1568365921000, "observationTypeName": "Block4_Chemical_Spill-CrowdTasker_Field observer", "observervationTypeId": 1619, "observationTypeDescription": "Users of the CrowdTasker mobile app received a warning when they entered the danger zone.", "description": "", "multiplicity": true, "questions": [{"id": 2899, "name": "Users of the CrowdTasker mobile app received a war", "description": "-", "answer": "Strongly disagree", "comment": "We did not get any task in which we should enter the zone, which makes it a partly useless trial part", "typeOfQuestion": "radiobutton"}]}','null');
insert into aar_service.record (id, clientId, sessionId, createDate, trialDate, topic, recordType, headline, msgType, recordJson, recordData) values (2068,'TB-Ost','null','2019-09-13 11:19:14.748','2019-09-13 11:19:14.748','system_observer_tool_answer','ObserverToolAnswer','A new observation was reported by: Block4_Chemical_Spill-CrowdTasker_Field observer','Info','{"trialId": 13, "sessionId": 220, "answerId": 1568, "timeSendUTC": 1568366351, "timeWhen": 1568366022000, "observationTypeName": "Block4_Chemical_Spill-CrowdTasker_Field observer", "observervationTypeId": 1617, "observationTypeDescription": "How many years of professional experience do you have in crisis management? ", "description": "", "multiplicity": true, "questions": [{"id": 2901, "name": "How many years of professional experience do you h", "description": "-", "answer": "More than 15 years", "comment": "", "typeOfQuestion": "radiobutton"}]}','null');
insert into aar_service.record (id, clientId, sessionId, createDate, trialDate, topic, recordType, headline, msgType, recordJson, recordData) values (2069,'TB-Ost','null','2019-09-13 11:19:14.879','2019-09-13 11:19:14.879','system_observer_tool_answer','ObserverToolAnswer','A new observation was reported by: Block4_Chemical_Spill-CrowdTasker_Field observer','Info','{"trialId": 13, "sessionId": 220, "answerId": 1569, "timeSendUTC": 1568366351, "timeWhen": 1568366019000, "observationTypeName": "Block4_Chemical_Spill-CrowdTasker_Field observer", "observervationTypeId": 1617, "observationTypeDescription": "How many years of professional experience do you have in crisis management? ", "description": "", "multiplicity": true, "questions": [{"id": 2901, "name": "How many years of professional experience do you h", "description": "-", "answer": "More than 15 years", "comment": "", "typeOfQuestion": "radiobutton"}]}','null');
insert into aar_service.record (id, clientId, sessionId, createDate, trialDate, topic, recordType, headline, msgType, recordJson, recordData) values (2070,'TB-Ost','null','2019-09-13 11:21:25.833','2019-09-13 11:21:25.833','system_observer_tool_answer','ObserverToolAnswer','A new observation was reported by: Block4_Chemical_Spill-CrowdTasker_Field observer','Info','{"trialId": 13, "sessionId": 217, "answerId": 1570, "timeSendUTC": 1568366484, "timeWhen": 1568362933000, "observationTypeName": "Block4_Chemical_Spill-CrowdTasker_Field observer", "observervationTypeId": 1617, "observationTypeDescription": "How many years of professional experience do you have in crisis management? ", "description": "", "multiplicity": true, "questions": [{"id": 2901, "name": "How many years of professional experience do you h", "description": "-", "answer": "0 - 5 years", "comment": "", "typeOfQuestion": "radiobutton"}]}','null');
insert into aar_service.record (id, clientId, sessionId, createDate, trialDate, topic, recordType, headline, msgType, recordJson, recordData) values (2071,'TB-Ost','null','2019-09-13 11:21:25.963','2019-09-13 11:21:25.963','system_observer_tool_answer','ObserverToolAnswer','A new observation was reported by: Block4_Chemical_Spill-CrowdTasker_Field observer','Info','{"trialId": 13, "sessionId": 217, "answerId": 1571, "timeSendUTC": 1568366484, "timeWhen": 1568362970000, "observationTypeName": "Block4_Chemical_Spill-CrowdTasker_Field observer", "observervationTypeId": 1618, "observationTypeDescription": "How much would you agree with the statement that you have experience and knowledge regarding volunteer management?", "description": "", "multiplicity": true, "questions": [{"id": 2900, "name": "How much would you agree with the statement that y", "description": "-", "answer": "Agree", "comment": "", "typeOfQuestion": "radiobutton"}]}','null');
insert into aar_service.record (id, clientId, sessionId, createDate, trialDate, topic, recordType, headline, msgType, recordJson, recordData) values (2072,'TB-Ost','null','2019-09-13 11:21:26.1','2019-09-13 11:21:26.101','system_observer_tool_answer','ObserverToolAnswer','A new observation was reported by: Block4_Chemical_Spill-CrowdTasker_Field observer','Info','{"trialId": 13, "sessionId": 217, "answerId": 1572, "timeSendUTC": 1568366484, "timeWhen": 1568365971000, "observationTypeName": "Block4_Chemical_Spill-CrowdTasker_Field observer", "observervationTypeId": 1621, "observationTypeDescription": "With the help of ASIGN responders inside of the danger zone could receive the \u201Cdo not enter! Leave now!\u201D alarm.", "description": "", "multiplicity": true, "questions": [{"id": 2897, "name": "With the help of ASIGN responders inside of the da", "description": "-", "answer": "Strongly disagree", "comment": "Nothing happened ", "typeOfQuestion": "radiobutton"}]}','null');
insert into aar_service.record (id, clientId, sessionId, createDate, trialDate, topic, recordType, headline, msgType, recordJson, recordData) values (2086,'TB-Ost','null','2019-09-13 11:23:20.796','2019-09-13 11:23:20.796','system_observer_tool_answer','ObserverToolAnswer','A new observation was reported by: Block4_Chemical_Spill-viewTerra_Observer','Info','{"trialId": 13, "sessionId": 217, "answerId": 1580, "timeSendUTC": 1568366599, "timeWhen": 1568366600000, "observationTypeName": "Block4_Chemical_Spill-viewTerra_Observer", "observervationTypeId": 1587, "observationTypeDescription": "Was the commander able to identify the dangerous zone in 3D landscape?", "description": "", "multiplicity": true, "questions": [{"id": 3142, "name": "Was the commander able to identify the dangerous z", "description": "-", "answer": "Agree", "comment": "", "typeOfQuestion": "radiobutton"}]}','null');
insert into aar_service.record (id, clientId, sessionId, createDate, trialDate, topic, recordType, headline, msgType, recordJson, recordData) values (2073,'TB-Ost','null','2019-09-13 11:21:26.328','2019-09-13 11:21:26.328','system_observer_tool_answer','ObserverToolAnswer','A new observation was reported by: Block4_Chemical_Spill-CrowdTasker_Field observer','Info','{"trialId": 13, "sessionId": 217, "answerId": 1573, "timeSendUTC": 1568366484, "timeWhen": 1568364639000, "observationTypeName": "Block4_Chemical_Spill-CrowdTasker_Field observer", "observervationTypeId": 1619, "observationTypeDescription": "Users of the CrowdTasker mobile app received a warning when they entered the danger zone.", "description": "", "multiplicity": true, "questions": [{"id": 2899, "name": "Users of the CrowdTasker mobile app received a war", "description": "-", "answer": "Agree", "comment": "Warning is useless without the exact position of the disaster ", "typeOfQuestion": "radiobutton"}]}','null');
insert into aar_service.record (id, clientId, sessionId, createDate, trialDate, topic, recordType, headline, msgType, recordJson, recordData) values (2074,'TB-Ost','null','2019-09-13 11:21:26.468','2019-09-13 11:21:26.468','system_observer_tool_answer','ObserverToolAnswer','A new observation was reported by: Block4_Chemical_Spill-CrowdTasker_Field observer','Info','{"trialId": 13, "sessionId": 217, "answerId": 1574, "timeSendUTC": 1568366484, "timeWhen": 1568364553000, "observationTypeName": "Block4_Chemical_Spill-CrowdTasker_Field observer", "observervationTypeId": 1618, "observationTypeDescription": "How much would you agree with the statement that you have experience and knowledge regarding volunteer management?", "description": "", "multiplicity": true, "questions": [{"id": 2900, "name": "How much would you agree with the statement that y", "description": "-", "answer": "Agree", "comment": "", "typeOfQuestion": "radiobutton"}]}','null');
insert into aar_service.record (id, clientId, sessionId, createDate, trialDate, topic, recordType, headline, msgType, recordJson, recordData) values (2075,'TB-Ost','null','2019-09-13 11:21:26.603','2019-09-13 11:21:26.603','system_observer_tool_answer','ObserverToolAnswer','A new observation was reported by: Block4_Chemical_Spill-CrowdTasker_Field observer','Info','{"trialId": 13, "sessionId": 217, "answerId": 1575, "timeSendUTC": 1568366484, "timeWhen": 1568364565000, "observationTypeName": "Block4_Chemical_Spill-CrowdTasker_Field observer", "observervationTypeId": 1617, "observationTypeDescription": "How many years of professional experience do you have in crisis management? ", "description": "", "multiplicity": true, "questions": [{"id": 2901, "name": "How many years of professional experience do you h", "description": "-", "answer": "0 - 5 years", "comment": "", "typeOfQuestion": "radiobutton"}]}','null');
insert into aar_service.record (id, clientId, sessionId, createDate, trialDate, topic, recordType, headline, msgType, recordJson, recordData) values (2076,'TB-Ost','null','2019-09-13 11:21:26.739','2019-09-13 11:21:26.739','system_observer_tool_answer','ObserverToolAnswer','A new observation was reported by: Block4_Chemical_Spill-CrowdTasker_Field observer','Info','{"trialId": 13, "sessionId": 217, "answerId": 1576, "timeSendUTC": 1568366484, "timeWhen": 1568365986000, "observationTypeName": "Block4_Chemical_Spill-CrowdTasker_Field observer", "observervationTypeId": 1622, "observationTypeDescription": "The volunteers know what to do when they get a task by crowdtasker.", "description": "", "multiplicity": true, "questions": [{"id": 2896, "name": "The volunteers know what to do when they get a tas", "description": "-", "answer": "[Agree]", "comment": "", "typeOfQuestion": "checkbox"}]}','null');
insert into aar_service.record (id, clientId, sessionId, createDate, trialDate, topic, recordType, headline, msgType, recordJson, recordData) values (2077,'TB-Ost','null','2019-09-13 11:21:26.873','2019-09-13 11:21:26.873','system_observer_tool_answer','ObserverToolAnswer','A new observation was reported by: Block4_Chemical_Spill-CrowdTasker_Field observer','Info','{"trialId": 13, "sessionId": 217, "answerId": 1577, "timeSendUTC": 1568366484, "timeWhen": 1568364655000, "observationTypeName": "Block4_Chemical_Spill-CrowdTasker_Field observer", "observervationTypeId": 1620, "observationTypeDescription": "User of the CrowdTasker mobile app correctly interpreted the warning message they received when entering the danger zone; they were able to make a decision about their next action based on this warning.", "description": "", "multiplicity": true, "questions": [{"id": 2898, "name": "User of the CrowdTasker mobile app correctly inter", "description": "-", "answer": "Strongly disagree", "comment": "", "typeOfQuestion": "radiobutton"}]}','null');
insert into aar_service.record (id, clientId, sessionId, createDate, trialDate, topic, recordType, headline, msgType, recordJson, recordData) values (2078,'TB-Ost','null','2019-09-13 11:21:27.023','2019-09-13 11:21:27.023','system_observer_tool_answer','ObserverToolAnswer','A new observation was reported by: Block4_Chemical_Spill-CrowdTasker_Field observer','Info','{"trialId": 13, "sessionId": 217, "answerId": 1578, "timeSendUTC": 1568366484, "timeWhen": 1568366001000, "observationTypeName": "Block4_Chemical_Spill-CrowdTasker_Field observer", "observervationTypeId": 1623, "observationTypeDescription": "Volunters were acting safely (being careful when crossing streets, taking photos from a safe distance).", "description": "", "multiplicity": true, "questions": [{"id": 2895, "name": "Volunters were acting safely (being careful when c", "description": "-", "answer": "[Agree]", "comment": "", "typeOfQuestion": "checkbox"}]}','null');
insert into aar_service.record (id, clientId, sessionId, createDate, trialDate, topic, recordType, headline, msgType, recordJson, recordData) values (2079,'TB-Ost','null','2019-09-13 11:21:27.163','2019-09-13 11:21:27.163','system_observer_tool_answer','ObserverToolAnswer','A new observation was reported by: Block4_Chemical_Spill-CrowdTasker_Field observer','Info','{"trialId": 13, "sessionId": 217, "answerId": 1579, "timeSendUTC": 1568366484, "timeWhen": 1568366072000, "observationTypeName": "Block4_Chemical_Spill-CrowdTasker_Field observer", "observervationTypeId": 1624, "observationTypeDescription": "Do you observe the information (photos) they are sending, are relevant according to the scenario? i.e: sending photos of collapsed structures, landslides, damaged buildings or other clearly damaged infrastructure.", "description": "", "multiplicity": true, "questions": [{"id": 2894, "name": "Do you observe the information (photos) they are s", "description": "-", "answer": "[Not applicable]", "comment": "No the photo had nothing to do with the situation ", "typeOfQuestion": "checkbox"}]}','null');
insert into aar_service.record (id, clientId, sessionId, createDate, trialDate, topic, recordType, headline, msgType, recordJson, recordData) values (2080,'asign_photo','null','2019-09-13 11:21:34.868','2019-09-13 11:21:34.868','photo_geojson','FeatureCollection','Chemical Spill - Under Control','Info','{"type": "FeatureCollection", "bbox": null, "features": [{"type": "Feature", "bbox": null, "geometry": {"type": "Point", "coordinates": [14.865829, 47.550003]}, "properties": {"id": 27416, "priority": 0, "viewed": false, "signature": "6576f0cbf6e9eaea0c1edfbfa7546957", "instant": "2019-09-13 09:21:19", "created": "2019-09-13 09:21:24", "updated": "2019-09-13 09:21:28.525234", "caption": "", "interpretation": null, "meta": {"Source": {"filename": "original.jpg", "camera_make": "Apple", "width": 4032, "size": 9821835, "height": 3024, "direction": 234.0, "camera_model": "iPhone X", "field_of_view": null}}, "version": null, "application_id": "6ff1f0c0-fbe4-4bd4-bd52-06083b37e6b9", "seen": null, "started": null, "stopped": null, "location_latitude": 47.550003, "location_longitude": 14.865829, "location_time": "2019-09-13 09:21:15", "location_accuracy": 8.0, "location_altitude": 822.898193, "location_provider": null, "location_speed": null, "location_meta": null, "mission_id": 254, "mission_name": "Chemical Spill - Under Control", "thumbnail_hash": "e5fd10732f30b98a5337f48b6f912660", "preview_hash": "74897bf65eba73bcd4d5df53df63abfb", "category_id": null, "category_name": null, "application_device_type": 3, "application_last_login": "2019-09-13 09:17:59.795457", "application_phone": null, "application_last_rate": null, "application_updated": "2019-09-13 09:21:23.84951", "application_created": "2019-09-11 09:22:07.448009", "application_application_type": 4, "application_connection_type": 1, "application_connection_state": 0, "user_name": "driver14", "user_id": 813, "user_username": "driver14", "user_color": "E51717", "user_connection_type": 0, "user_last_login": null, "user_last_rate": null, "observation_url": "https://thor.ansur.no/signs/processing/27416", "observation_type": "photo", "preview_url": "https://thor.ansur.no/display/file/74897bf65eba73bcd4d5df53df63abfb/driver14/6576f0cbf6e9eaea0c1edfbfa7546957/preview.jpg", "preview_with_overlay_url": "https://thor.ansur.no/display/displayWithOverlays/74897bf65eba73bcd4d5df53df63abfb/driver14/6576f0cbf6e9eaea0c1edfbfa7546957/preview.jpg", "thumbnail_url": "https://thor.ansur.no/display/file/e5fd10732f30b98a5337f48b6f912660/driver14/6576f0cbf6e9eaea0c1edfbfa7546957/thumb.jpg", "files": [{"id": 83216, "file_type": 1, "size": 9821835, "state": 0, "created": "2019-09-13 09:21:24", "request_until": null, "meta": null, "hash": "6576f0cbf6e9eaea0c1edfbfa7546957", "url": null}, {"id": 83217, "file_type": 0, "size": 50452, "state": 3, "created": "2019-09-13 09:21:24", "request_until": "2019-10-13 09:21:24", "meta": null, "hash": "74897bf65eba73bcd4d5df53df63abfb", "url": "https://thor.ansur.no/display/media/83217/driver14/6576f0cbf6e9eaea0c1edfbfa7546957/preview.jpg"}, {"id": 83218, "file_type": 3, "size": 16500, "state": 3, "created": "2019-09-13 09:21:28", "request_until": null, "meta": "", "hash": "e5fd10732f30b98a5337f48b6f912660", "url": "https://thor.ansur.no/display/media/83218/driver14/6576f0cbf6e9eaea0c1edfbfa7546957/thumb.jpg"}]}}]}','null');
insert into aar_service.file (id, name, mimeType, url, record_id) values (281,'record/attachements/6576f0cbf6e9eaea0c1edfbfa7546957/preview.jpg','null','https://thor.ansur.no/display/media/83217/driver14/6576f0cbf6e9eaea0c1edfbfa7546957/preview.jpg',2080);
insert into aar_service.file (id, name, mimeType, url, record_id) values (282,'record/attachements/6576f0cbf6e9eaea0c1edfbfa7546957/thumb.jpg','null','https://thor.ansur.no/display/media/83218/driver14/6576f0cbf6e9eaea0c1edfbfa7546957/thumb.jpg',2080);
insert into aar_service.record (id, clientId, sessionId, createDate, trialDate, topic, recordType, headline, msgType, recordJson, recordData) values (2087,'TB-Ost','null','2019-09-13 11:24:13.671','2019-09-13 11:24:13.671','system_observer_tool_answer','ObserverToolAnswer','A new observation was reported by: Block4_Chemical_Spill-viewTerra_Observer','Info','{"trialId": 13, "sessionId": 217, "answerId": 1581, "timeSendUTC": 1568366652, "timeWhen": 1568366653000, "observationTypeName": "Block4_Chemical_Spill-viewTerra_Observer", "observervationTypeId": 1590, "observationTypeDescription": "The S2-S3 uses other sources of information (e.g databases, internet,\u2026) for getting aditional information i.e: non visual information like population density, distance, resources allocation, etc.", "description": "", "multiplicity": true, "questions": [{"id": 3146, "name": "The S2-S3 uses other sources of information (e.g d", "description": "-", "answer": "[Agree]", "comment": "", "typeOfQuestion": "checkbox"}]}','null');
insert into aar_service.record (id, clientId, sessionId, createDate, trialDate, topic, recordType, headline, msgType, recordJson, recordData) values (2081,'asign_photo','null','2019-09-13 11:21:44.95','2019-09-13 11:21:44.95','photo_geojson','FeatureCollection','Chemical Spill - Under Control','Info','{"type": "FeatureCollection", "bbox": null, "features": [{"type": "Feature", "bbox": null, "geometry": {"type": "Point", "coordinates": [14.865829, 47.550003]}, "properties": {"id": 27416, "priority": 0, "viewed": true, "signature": "6576f0cbf6e9eaea0c1edfbfa7546957", "instant": "2019-09-13 09:21:19", "created": "2019-09-13 09:21:24", "updated": "2019-09-13 09:21:40.053322", "caption": "", "interpretation": null, "meta": {"Source": {"filename": "original.jpg", "camera_make": "Apple", "width": 4032, "size": 9821835, "height": 3024, "direction": 234.0, "camera_model": "iPhone X", "field_of_view": null}}, "version": null, "application_id": "6ff1f0c0-fbe4-4bd4-bd52-06083b37e6b9", "seen": "2019-09-13 09:21:40", "started": null, "stopped": null, "location_latitude": 47.550003, "location_longitude": 14.865829, "location_time": "2019-09-13 09:21:15", "location_accuracy": 8.0, "location_altitude": 822.898193, "location_provider": null, "location_speed": null, "location_meta": null, "mission_id": 254, "mission_name": "Chemical Spill - Under Control", "thumbnail_hash": "e5fd10732f30b98a5337f48b6f912660", "preview_hash": "74897bf65eba73bcd4d5df53df63abfb", "category_id": null, "category_name": null, "application_device_type": 3, "application_last_login": "2019-09-13 09:17:59.795457", "application_phone": null, "application_last_rate": null, "application_updated": "2019-09-13 09:21:23.84951", "application_created": "2019-09-11 09:22:07.448009", "application_application_type": 4, "application_connection_type": 1, "application_connection_state": 0, "user_name": "driver14", "user_id": 813, "user_username": "driver14", "user_color": "E51717", "user_connection_type": 0, "user_last_login": null, "user_last_rate": null, "observation_url": "https://thor.ansur.no/signs/processing/27416", "observation_type": "photo", "preview_url": "https://thor.ansur.no/display/file/74897bf65eba73bcd4d5df53df63abfb/driver14/6576f0cbf6e9eaea0c1edfbfa7546957/preview.jpg", "preview_with_overlay_url": "https://thor.ansur.no/display/displayWithOverlays/74897bf65eba73bcd4d5df53df63abfb/driver14/6576f0cbf6e9eaea0c1edfbfa7546957/preview.jpg", "thumbnail_url": "https://thor.ansur.no/display/file/e5fd10732f30b98a5337f48b6f912660/driver14/6576f0cbf6e9eaea0c1edfbfa7546957/thumb.jpg", "files": [{"id": 83216, "file_type": 1, "size": 9821835, "state": 0, "created": "2019-09-13 09:21:24", "request_until": null, "meta": null, "hash": "6576f0cbf6e9eaea0c1edfbfa7546957", "url": null}, {"id": 83217, "file_type": 0, "size": 50452, "state": 3, "created": "2019-09-13 09:21:24", "request_until": "2019-10-13 09:21:24", "meta": null, "hash": "74897bf65eba73bcd4d5df53df63abfb", "url": "https://thor.ansur.no/display/media/83217/driver14/6576f0cbf6e9eaea0c1edfbfa7546957/preview.jpg"}, {"id": 83218, "file_type": 3, "size": 16500, "state": 3, "created": "2019-09-13 09:21:28", "request_until": null, "meta": "", "hash": "e5fd10732f30b98a5337f48b6f912660", "url": "https://thor.ansur.no/display/media/83218/driver14/6576f0cbf6e9eaea0c1edfbfa7546957/thumb.jpg"}]}}, {"type": "Feature", "bbox": null, "geometry": {"type": "Point", "coordinates": [14.865806, 47.550018]}, "properties": {"id": 27417, "priority": 0, "viewed": false, "signature": "c26b88dc1fa5f57fc251d4b4d6f71568", "instant": "2019-09-13 09:21:33", "created": "2019-09-13 09:21:36", "updated": "2019-09-13 09:21:39.948656", "caption": "", "interpretation": null, "meta": {"Source": {"filename": "original.jpg", "camera_make": "Apple", "width": 4032, "size": 14345899, "height": 3024, "direction": 35.0, "camera_model": "iPhone X", "field_of_view": null}}, "version": null, "application_id": "6ff1f0c0-fbe4-4bd4-bd52-06083b37e6b9", "seen": null, "started": null, "stopped": null, "location_latitude": 47.550018, "location_longitude": 14.865806, "location_time": "2019-09-13 09:21:28", "location_accuracy": 6.0, "location_altitude": 822.853882, "location_provider": null, "location_speed": null, "location_meta": null, "mission_id": 254, "mission_name": "Chemical Spill - Under Control", "thumbnail_hash": "58e0b7b2ba49552f2fbfa80459d86558", "preview_hash": "1a9cce2b685960a40d6ee49668b2b590", "category_id": null, "category_name": null, "application_device_type": 3, "application_last_login": "2019-09-13 09:17:59.795457", "application_phone": null, "application_last_rate": null, "application_updated": "2019-09-13 09:21:23.84951", "application_created": "2019-09-11 09:22:07.448009", "application_application_type": 4, "application_connection_type": 1, "application_connection_state": 0, "user_name": "driver14", "user_id": 813, "user_username": "driver14", "user_color": "E51717", "user_connection_type": 0, "user_last_login": null, "user_last_rate": null, "observation_url": "https://thor.ansur.no/signs/processing/27417", "observation_type": "photo", "preview_url": "https://thor.ansur.no/display/file/1a9cce2b685960a40d6ee49668b2b590/driver14/c26b88dc1fa5f57fc251d4b4d6f71568/preview.jpg", "preview_with_overlay_url": "https://thor.ansur.no/display/displayWithOverlays/1a9cce2b685960a40d6ee49668b2b590/driver14/c26b88dc1fa5f57fc251d4b4d6f71568/preview.jpg", "thumbnail_url": "https://thor.ansur.no/display/file/58e0b7b2ba49552f2fbfa80459d86558/driver14/c26b88dc1fa5f57fc251d4b4d6f71568/thumb.jpg", "files": [{"id": 83219, "file_type": 1, "size": 14345899, "state": 0, "created": "2019-09-13 09:21:36", "request_until": null, "meta": null, "hash": "c26b88dc1fa5f57fc251d4b4d6f71568", "url": null}, {"id": 83220, "file_type": 0, "size": 72915, "state": 3, "created": "2019-09-13 09:21:36", "request_until": "2019-10-13 09:21:36", "meta": null, "hash": "1a9cce2b685960a40d6ee49668b2b590", "url": "https://thor.ansur.no/display/media/83220/driver14/c26b88dc1fa5f57fc251d4b4d6f71568/preview.jpg"}, {"id": 83221, "file_type": 3, "size": 18728, "state": 3, "created": "2019-09-13 09:21:39", "request_until": null, "meta": "", "hash": "58e0b7b2ba49552f2fbfa80459d86558", "url": "https://thor.ansur.no/display/media/83221/driver14/c26b88dc1fa5f57fc251d4b4d6f71568/thumb.jpg"}]}}]}','null');
insert into aar_service.file (id, name, mimeType, url, record_id) values (283,'record/attachements/6576f0cbf6e9eaea0c1edfbfa7546957/preview.jpg','null','https://thor.ansur.no/display/media/83217/driver14/6576f0cbf6e9eaea0c1edfbfa7546957/preview.jpg',2081);
insert into aar_service.file (id, name, mimeType, url, record_id) values (284,'record/attachements/6576f0cbf6e9eaea0c1edfbfa7546957/thumb.jpg','null','https://thor.ansur.no/display/media/83218/driver14/6576f0cbf6e9eaea0c1edfbfa7546957/thumb.jpg',2081);
insert into aar_service.file (id, name, mimeType, url, record_id) values (285,'record/attachements/c26b88dc1fa5f57fc251d4b4d6f71568/preview.jpg','null','https://thor.ansur.no/display/media/83220/driver14/c26b88dc1fa5f57fc251d4b4d6f71568/preview.jpg',2081);
insert into aar_service.file (id, name, mimeType, url, record_id) values (286,'record/attachements/c26b88dc1fa5f57fc251d4b4d6f71568/thumb.jpg','null','https://thor.ansur.no/display/media/83221/driver14/c26b88dc1fa5f57fc251d4b4d6f71568/thumb.jpg',2081);
insert into aar_service.record (id, clientId, sessionId, createDate, trialDate, topic, recordType, headline, msgType, recordJson, recordData) values (2082,'asign_photo','null','2019-09-13 11:21:55.015','2019-09-13 11:21:55.015','photo_geojson','FeatureCollection','Chemical Spill - Under Control','Info','{"type": "FeatureCollection", "bbox": null, "features": [{"type": "Feature", "bbox": null, "geometry": {"type": "Point", "coordinates": [14.865829, 47.550003]}, "properties": {"id": 27416, "priority": 0, "viewed": true, "signature": "6576f0cbf6e9eaea0c1edfbfa7546957", "instant": "2019-09-13 09:21:19", "created": "2019-09-13 09:21:24", "updated": "2019-09-13 09:21:40.053322", "caption": "", "interpretation": null, "meta": {"Source": {"filename": "original.jpg", "camera_make": "Apple", "width": 4032, "size": 9821835, "height": 3024, "direction": 234.0, "camera_model": "iPhone X", "field_of_view": null}}, "version": null, "application_id": "6ff1f0c0-fbe4-4bd4-bd52-06083b37e6b9", "seen": "2019-09-13 09:21:40", "started": null, "stopped": null, "location_latitude": 47.550003, "location_longitude": 14.865829, "location_time": "2019-09-13 09:21:15", "location_accuracy": 8.0, "location_altitude": 822.898193, "location_provider": null, "location_speed": null, "location_meta": null, "mission_id": 254, "mission_name": "Chemical Spill - Under Control", "thumbnail_hash": "e5fd10732f30b98a5337f48b6f912660", "preview_hash": "74897bf65eba73bcd4d5df53df63abfb", "category_id": null, "category_name": null, "application_device_type": 3, "application_last_login": "2019-09-13 09:17:59.795457", "application_phone": null, "application_last_rate": null, "application_updated": "2019-09-13 09:21:23.84951", "application_created": "2019-09-11 09:22:07.448009", "application_application_type": 4, "application_connection_type": 1, "application_connection_state": 0, "user_name": "driver14", "user_id": 813, "user_username": "driver14", "user_color": "E51717", "user_connection_type": 0, "user_last_login": null, "user_last_rate": null, "observation_url": "https://thor.ansur.no/signs/processing/27416", "observation_type": "photo", "preview_url": "https://thor.ansur.no/display/file/74897bf65eba73bcd4d5df53df63abfb/driver14/6576f0cbf6e9eaea0c1edfbfa7546957/preview.jpg", "preview_with_overlay_url": "https://thor.ansur.no/display/displayWithOverlays/74897bf65eba73bcd4d5df53df63abfb/driver14/6576f0cbf6e9eaea0c1edfbfa7546957/preview.jpg", "thumbnail_url": "https://thor.ansur.no/display/file/e5fd10732f30b98a5337f48b6f912660/driver14/6576f0cbf6e9eaea0c1edfbfa7546957/thumb.jpg", "files": [{"id": 83216, "file_type": 1, "size": 9821835, "state": 0, "created": "2019-09-13 09:21:24", "request_until": null, "meta": null, "hash": "6576f0cbf6e9eaea0c1edfbfa7546957", "url": null}, {"id": 83217, "file_type": 0, "size": 50452, "state": 3, "created": "2019-09-13 09:21:24", "request_until": "2019-10-13 09:21:24", "meta": null, "hash": "74897bf65eba73bcd4d5df53df63abfb", "url": "https://thor.ansur.no/display/media/83217/driver14/6576f0cbf6e9eaea0c1edfbfa7546957/preview.jpg"}, {"id": 83218, "file_type": 3, "size": 16500, "state": 3, "created": "2019-09-13 09:21:28", "request_until": null, "meta": "", "hash": "e5fd10732f30b98a5337f48b6f912660", "url": "https://thor.ansur.no/display/media/83218/driver14/6576f0cbf6e9eaea0c1edfbfa7546957/thumb.jpg"}]}}]}','null');
insert into aar_service.file (id, name, mimeType, url, record_id) values (287,'record/attachements/6576f0cbf6e9eaea0c1edfbfa7546957/preview.jpg','null','https://thor.ansur.no/display/media/83217/driver14/6576f0cbf6e9eaea0c1edfbfa7546957/preview.jpg',2082);
insert into aar_service.file (id, name, mimeType, url, record_id) values (288,'record/attachements/6576f0cbf6e9eaea0c1edfbfa7546957/thumb.jpg','null','https://thor.ansur.no/display/media/83218/driver14/6576f0cbf6e9eaea0c1edfbfa7546957/thumb.jpg',2082);
insert into aar_service.record (id, clientId, sessionId, createDate, trialDate, topic, recordType, headline, msgType, recordJson, recordData) values (2083,'asign_photo','null','2019-09-13 11:22:25.076','2019-09-13 11:22:25.077','photo_geojson','FeatureCollection','Chemical Spill - Under Control','Info','{"type": "FeatureCollection", "bbox": null, "features": [{"type": "Feature", "bbox": null, "geometry": {"type": "Point", "coordinates": [14.865706, 47.550148]}, "properties": {"id": 27418, "priority": 0, "viewed": false, "signature": "b6785053082c83f3a444f27db037ad98", "instant": "2019-09-13 09:21:54", "created": "2019-09-13 09:22:17", "updated": "2019-09-13 09:22:19.369211", "caption": "Jostrom 1", "interpretation": null, "meta": {"Source": {"filename": "original.jpg", "camera_make": "Apple", "width": 4032, "size": 13271081, "height": 3024, "direction": 341.0, "camera_model": "iPhone X", "field_of_view": null}}, "version": null, "application_id": "6ff1f0c0-fbe4-4bd4-bd52-06083b37e6b9", "seen": null, "started": null, "stopped": null, "location_latitude": 47.550148, "location_longitude": 14.865706, "location_time": "2019-09-13 09:21:51", "location_accuracy": 8.0, "location_altitude": 821.230103, "location_provider": null, "location_speed": null, "location_meta": null, "mission_id": 254, "mission_name": "Chemical Spill - Under Control", "thumbnail_hash": "905347e2934cc29e1c8c7e95a316c310", "preview_hash": "c7413023a7ca27d91af4b234e596e13b", "category_id": null, "category_name": null, "application_device_type": 3, "application_last_login": "2019-09-13 09:17:59.795457", "application_phone": null, "application_last_rate": null, "application_updated": "2019-09-13 09:21:23.84951", "application_created": "2019-09-11 09:22:07.448009", "application_application_type": 4, "application_connection_type": 1, "application_connection_state": 0, "user_name": "driver14", "user_id": 813, "user_username": "driver14", "user_color": "E51717", "user_connection_type": 0, "user_last_login": null, "user_last_rate": null, "observation_url": "https://thor.ansur.no/signs/processing/27418", "observation_type": "photo", "preview_url": "https://thor.ansur.no/display/file/c7413023a7ca27d91af4b234e596e13b/driver14/b6785053082c83f3a444f27db037ad98/preview.jpg", "preview_with_overlay_url": "https://thor.ansur.no/display/displayWithOverlays/c7413023a7ca27d91af4b234e596e13b/driver14/b6785053082c83f3a444f27db037ad98/preview.jpg", "thumbnail_url": "https://thor.ansur.no/display/file/905347e2934cc29e1c8c7e95a316c310/driver14/b6785053082c83f3a444f27db037ad98/thumb.jpg", "files": [{"id": 83222, "file_type": 1, "size": 13271081, "state": 0, "created": "2019-09-13 09:22:17", "request_until": null, "meta": null, "hash": "b6785053082c83f3a444f27db037ad98", "url": null}, {"id": 83223, "file_type": 0, "size": 69585, "state": 3, "created": "2019-09-13 09:22:17", "request_until": "2019-10-13 09:22:17", "meta": null, "hash": "c7413023a7ca27d91af4b234e596e13b", "url": "https://thor.ansur.no/display/media/83223/driver14/b6785053082c83f3a444f27db037ad98/preview.jpg"}, {"id": 83224, "file_type": 3, "size": 17216, "state": 3, "created": "2019-09-13 09:22:19", "request_until": null, "meta": "", "hash": "905347e2934cc29e1c8c7e95a316c310", "url": "https://thor.ansur.no/display/media/83224/driver14/b6785053082c83f3a444f27db037ad98/thumb.jpg"}]}}]}','null');
insert into aar_service.file (id, name, mimeType, url, record_id) values (289,'record/attachements/b6785053082c83f3a444f27db037ad98/preview.jpg','null','https://thor.ansur.no/display/media/83223/driver14/b6785053082c83f3a444f27db037ad98/preview.jpg',2083);
insert into aar_service.file (id, name, mimeType, url, record_id) values (290,'record/attachements/b6785053082c83f3a444f27db037ad98/thumb.jpg','null','https://thor.ansur.no/display/media/83224/driver14/b6785053082c83f3a444f27db037ad98/thumb.jpg',2083);
insert into aar_service.record (id, clientId, sessionId, createDate, trialDate, topic, recordType, headline, msgType, recordJson, recordData) values (2084,'asign_photo','null','2019-09-13 11:22:45.145','2019-09-13 11:22:45.145','photo_geojson','FeatureCollection','Chemical Spill - Under Control','Info','{"type": "FeatureCollection", "bbox": null, "features": [{"type": "Feature", "bbox": null, "geometry": {"type": "Point", "coordinates": [14.865875, 47.549965]}, "properties": {"id": 27419, "priority": 0, "viewed": false, "signature": "baca6e1be86dbd72a86ec20967642c84", "instant": "2019-09-13 09:22:31", "created": "2019-09-13 09:22:33", "updated": "2019-09-13 09:22:38.814218", "caption": "", "interpretation": null, "meta": {"Source": {"filename": "original.jpg", "camera_make": "Apple", "width": 4032, "size": 12041239, "height": 3024, "direction": 90.0, "camera_model": "iPhone X", "field_of_view": null}}, "version": null, "application_id": "6ff1f0c0-fbe4-4bd4-bd52-06083b37e6b9", "seen": null, "started": null, "stopped": null, "location_latitude": 47.549965, "location_longitude": 14.865875, "location_time": "2019-09-13 09:22:29", "location_accuracy": 16.0, "location_altitude": 824.052856, "location_provider": null, "location_speed": null, "location_meta": null, "mission_id": 254, "mission_name": "Chemical Spill - Under Control", "thumbnail_hash": "fc3e1e3119604c68954810e569131309", "preview_hash": "6a18e4f50ffc2254b0ee1fb546a57eff", "category_id": null, "category_name": null, "application_device_type": 3, "application_last_login": "2019-09-13 09:17:59.795457", "application_phone": null, "application_last_rate": null, "application_updated": "2019-09-13 09:21:23.84951", "application_created": "2019-09-11 09:22:07.448009", "application_application_type": 4, "application_connection_type": 1, "application_connection_state": 0, "user_name": "driver14", "user_id": 813, "user_username": "driver14", "user_color": "E51717", "user_connection_type": 0, "user_last_login": null, "user_last_rate": null, "observation_url": "https://thor.ansur.no/signs/processing/27419", "observation_type": "photo", "preview_url": "https://thor.ansur.no/display/file/6a18e4f50ffc2254b0ee1fb546a57eff/driver14/baca6e1be86dbd72a86ec20967642c84/preview.jpg", "preview_with_overlay_url": "https://thor.ansur.no/display/displayWithOverlays/6a18e4f50ffc2254b0ee1fb546a57eff/driver14/baca6e1be86dbd72a86ec20967642c84/preview.jpg", "thumbnail_url": "https://thor.ansur.no/display/file/fc3e1e3119604c68954810e569131309/driver14/baca6e1be86dbd72a86ec20967642c84/thumb.jpg", "files": [{"id": 83225, "file_type": 1, "size": 12041239, "state": 0, "created": "2019-09-13 09:22:33", "request_until": null, "meta": null, "hash": "baca6e1be86dbd72a86ec20967642c84", "url": null}, {"id": 83226, "file_type": 0, "size": 61683, "state": 3, "created": "2019-09-13 09:22:33", "request_until": "2019-10-13 09:22:33", "meta": null, "hash": "6a18e4f50ffc2254b0ee1fb546a57eff", "url": "https://thor.ansur.no/display/media/83226/driver14/baca6e1be86dbd72a86ec20967642c84/preview.jpg"}, {"id": 83227, "file_type": 3, "size": 16642, "state": 3, "created": "2019-09-13 09:22:38", "request_until": null, "meta": "", "hash": "fc3e1e3119604c68954810e569131309", "url": "https://thor.ansur.no/display/media/83227/driver14/baca6e1be86dbd72a86ec20967642c84/thumb.jpg"}]}}]}','null');
insert into aar_service.file (id, name, mimeType, url, record_id) values (291,'record/attachements/baca6e1be86dbd72a86ec20967642c84/preview.jpg','null','https://thor.ansur.no/display/media/83226/driver14/baca6e1be86dbd72a86ec20967642c84/preview.jpg',2084);
insert into aar_service.file (id, name, mimeType, url, record_id) values (292,'record/attachements/baca6e1be86dbd72a86ec20967642c84/thumb.jpg','null','https://thor.ansur.no/display/media/83227/driver14/baca6e1be86dbd72a86ec20967642c84/thumb.jpg',2084);
insert into aar_service.record (id, clientId, sessionId, createDate, trialDate, topic, recordType, headline, msgType, recordJson, recordData) values (2085,'asign_photo','null','2019-09-13 11:23:05.222','2019-09-13 11:23:05.222','photo_geojson','FeatureCollection','Chemical Spill - Under Control','Info','{"type": "FeatureCollection", "bbox": null, "features": [{"type": "Feature", "bbox": null, "geometry": {"type": "Point", "coordinates": [14.865993, 47.5499]}, "properties": {"id": 27420, "priority": 0, "viewed": false, "signature": "b332dab09d754abcc24df29423154370", "instant": "2019-09-13 09:22:48", "created": "2019-09-13 09:22:53", "updated": "2019-09-13 09:22:56.590523", "caption": "", "interpretation": null, "meta": {"Source": {"filename": "original.jpg", "camera_make": "Apple", "width": 4032, "size": 11676604, "height": 3024, "direction": 265.0, "camera_model": "iPhone X", "field_of_view": null}}, "version": null, "application_id": "6ff1f0c0-fbe4-4bd4-bd52-06083b37e6b9", "seen": null, "started": null, "stopped": null, "location_latitude": 47.5499, "location_longitude": 14.865993, "location_time": "2019-09-13 09:22:46", "location_accuracy": 16.0, "location_altitude": 827.051208, "location_provider": null, "location_speed": null, "location_meta": null, "mission_id": 254, "mission_name": "Chemical Spill - Under Control", "thumbnail_hash": "7cf00a1dd67111ca583318fd25393476", "preview_hash": "1a080c906503897249440890925886fe", "category_id": null, "category_name": null, "application_device_type": 3, "application_last_login": "2019-09-13 09:17:59.795457", "application_phone": null, "application_last_rate": null, "application_updated": "2019-09-13 09:21:23.84951", "application_created": "2019-09-11 09:22:07.448009", "application_application_type": 4, "application_connection_type": 1, "application_connection_state": 0, "user_name": "driver14", "user_id": 813, "user_username": "driver14", "user_color": "E51717", "user_connection_type": 0, "user_last_login": null, "user_last_rate": null, "observation_url": "https://thor.ansur.no/signs/processing/27420", "observation_type": "photo", "preview_url": "https://thor.ansur.no/display/file/1a080c906503897249440890925886fe/driver14/b332dab09d754abcc24df29423154370/preview.jpg", "preview_with_overlay_url": "https://thor.ansur.no/display/displayWithOverlays/1a080c906503897249440890925886fe/driver14/b332dab09d754abcc24df29423154370/preview.jpg", "thumbnail_url": "https://thor.ansur.no/display/file/7cf00a1dd67111ca583318fd25393476/driver14/b332dab09d754abcc24df29423154370/thumb.jpg", "files": [{"id": 83228, "file_type": 1, "size": 11676604, "state": 0, "created": "2019-09-13 09:22:53", "request_until": null, "meta": null, "hash": "b332dab09d754abcc24df29423154370", "url": null}, {"id": 83229, "file_type": 0, "size": 58282, "state": 3, "created": "2019-09-13 09:22:53", "request_until": "2019-10-13 09:22:53", "meta": null, "hash": "1a080c906503897249440890925886fe", "url": "https://thor.ansur.no/display/media/83229/driver14/b332dab09d754abcc24df29423154370/preview.jpg"}, {"id": 83230, "file_type": 3, "size": 17119, "state": 3, "created": "2019-09-13 09:22:56", "request_until": null, "meta": "", "hash": "7cf00a1dd67111ca583318fd25393476", "url": "https://thor.ansur.no/display/media/83230/driver14/b332dab09d754abcc24df29423154370/thumb.jpg"}]}}]}','null');
insert into aar_service.file (id, name, mimeType, url, record_id) values (293,'record/attachements/b332dab09d754abcc24df29423154370/preview.jpg','null','https://thor.ansur.no/display/media/83229/driver14/b332dab09d754abcc24df29423154370/preview.jpg',2085);
insert into aar_service.file (id, name, mimeType, url, record_id) values (294,'record/attachements/b332dab09d754abcc24df29423154370/thumb.jpg','null','https://thor.ansur.no/display/media/83230/driver14/b332dab09d754abcc24df29423154370/thumb.jpg',2085);
insert into aar_service.record (id, clientId, sessionId, createDate, trialDate, topic, recordType, headline, msgType, recordJson, recordData) values (2088,'asign_photo','null','2019-09-13 11:26:25.291','2019-09-13 11:26:25.291','photo_geojson','FeatureCollection','Chemical Spill - Under Control','Info','{"type": "FeatureCollection", "bbox": null, "features": [{"type": "Feature", "bbox": null, "geometry": {"type": "Point", "coordinates": [14.865875, 47.549965]}, "properties": {"id": 27419, "priority": 0, "viewed": true, "signature": "baca6e1be86dbd72a86ec20967642c84", "instant": "2019-09-13 09:22:31", "created": "2019-09-13 09:22:33", "updated": "2019-09-13 09:26:12.937464", "caption": "", "interpretation": null, "meta": {"Source": {"filename": "original.jpg", "camera_make": "Apple", "width": 4032, "size": 12041239, "height": 3024, "direction": 90.0, "camera_model": "iPhone X", "field_of_view": null}}, "version": null, "application_id": "6ff1f0c0-fbe4-4bd4-bd52-06083b37e6b9", "seen": "2019-09-13 09:26:12", "started": null, "stopped": null, "location_latitude": 47.549965, "location_longitude": 14.865875, "location_time": "2019-09-13 09:22:29", "location_accuracy": 16.0, "location_altitude": 824.052856, "location_provider": null, "location_speed": null, "location_meta": null, "mission_id": 254, "mission_name": "Chemical Spill - Under Control", "thumbnail_hash": "fc3e1e3119604c68954810e569131309", "preview_hash": "6a18e4f50ffc2254b0ee1fb546a57eff", "category_id": null, "category_name": null, "application_device_type": 3, "application_last_login": "2019-09-13 09:17:59.795457", "application_phone": null, "application_last_rate": null, "application_updated": "2019-09-13 09:21:23.84951", "application_created": "2019-09-11 09:22:07.448009", "application_application_type": 4, "application_connection_type": 1, "application_connection_state": 0, "user_name": "driver14", "user_id": 813, "user_username": "driver14", "user_color": "E51717", "user_connection_type": 0, "user_last_login": null, "user_last_rate": null, "observation_url": "https://thor.ansur.no/signs/processing/27419", "observation_type": "photo", "preview_url": "https://thor.ansur.no/display/file/6a18e4f50ffc2254b0ee1fb546a57eff/driver14/baca6e1be86dbd72a86ec20967642c84/preview.jpg", "preview_with_overlay_url": "https://thor.ansur.no/display/displayWithOverlays/6a18e4f50ffc2254b0ee1fb546a57eff/driver14/baca6e1be86dbd72a86ec20967642c84/preview.jpg", "thumbnail_url": "https://thor.ansur.no/display/file/fc3e1e3119604c68954810e569131309/driver14/baca6e1be86dbd72a86ec20967642c84/thumb.jpg", "files": [{"id": 83225, "file_type": 1, "size": 12041239, "state": 0, "created": "2019-09-13 09:22:33", "request_until": null, "meta": null, "hash": "baca6e1be86dbd72a86ec20967642c84", "url": null}, {"id": 83226, "file_type": 0, "size": 61683, "state": 3, "created": "2019-09-13 09:22:33", "request_until": "2019-10-13 09:22:33", "meta": null, "hash": "6a18e4f50ffc2254b0ee1fb546a57eff", "url": "https://thor.ansur.no/display/media/83226/driver14/baca6e1be86dbd72a86ec20967642c84/preview.jpg"}, {"id": 83227, "file_type": 3, "size": 16642, "state": 3, "created": "2019-09-13 09:22:38", "request_until": null, "meta": "", "hash": "fc3e1e3119604c68954810e569131309", "url": "https://thor.ansur.no/display/media/83227/driver14/baca6e1be86dbd72a86ec20967642c84/thumb.jpg"}]}}]}','null');
insert into aar_service.file (id, name, mimeType, url, record_id) values (295,'record/attachements/baca6e1be86dbd72a86ec20967642c84/preview.jpg','null','https://thor.ansur.no/display/media/83226/driver14/baca6e1be86dbd72a86ec20967642c84/preview.jpg',2088);
insert into aar_service.file (id, name, mimeType, url, record_id) values (296,'record/attachements/baca6e1be86dbd72a86ec20967642c84/thumb.jpg','null','https://thor.ansur.no/display/media/83227/driver14/baca6e1be86dbd72a86ec20967642c84/thumb.jpg',2088);
insert into aar_service.record (id, clientId, sessionId, createDate, trialDate, topic, recordType, headline, msgType, recordJson, recordData) values (2089,'asign_photo','null','2019-09-13 11:26:35.355','2019-09-13 11:26:35.355','photo_geojson','FeatureCollection','Chemical Spill - Under Control','Info','{"type": "FeatureCollection", "bbox": null, "features": [{"type": "Feature", "bbox": null, "geometry": {"type": "Point", "coordinates": [14.865875, 47.549965]}, "properties": {"id": 27419, "priority": 0, "viewed": true, "signature": "baca6e1be86dbd72a86ec20967642c84", "instant": "2019-09-13 09:22:31", "created": "2019-09-13 09:22:33", "updated": "2019-09-13 09:26:22.308948", "caption": "", "interpretation": null, "meta": {"Source": {"filename": "original.jpg", "camera_make": "Apple", "width": 4032, "size": 12041239, "height": 3024, "direction": 90.0, "camera_model": "iPhone X", "field_of_view": null}}, "version": null, "application_id": "6ff1f0c0-fbe4-4bd4-bd52-06083b37e6b9", "seen": "2019-09-13 09:26:22", "started": null, "stopped": null, "location_latitude": 47.549965, "location_longitude": 14.865875, "location_time": "2019-09-13 09:22:29", "location_accuracy": 16.0, "location_altitude": 824.052856, "location_provider": null, "location_speed": null, "location_meta": null, "mission_id": 254, "mission_name": "Chemical Spill - Under Control", "thumbnail_hash": "fc3e1e3119604c68954810e569131309", "preview_hash": "6a18e4f50ffc2254b0ee1fb546a57eff", "category_id": null, "category_name": null, "application_device_type": 3, "application_last_login": "2019-09-13 09:17:59.795457", "application_phone": null, "application_last_rate": null, "application_updated": "2019-09-13 09:21:23.84951", "application_created": "2019-09-11 09:22:07.448009", "application_application_type": 4, "application_connection_type": 1, "application_connection_state": 0, "user_name": "driver14", "user_id": 813, "user_username": "driver14", "user_color": "E51717", "user_connection_type": 0, "user_last_login": null, "user_last_rate": null, "observation_url": "https://thor.ansur.no/signs/processing/27419", "observation_type": "photo", "preview_url": "https://thor.ansur.no/display/file/6a18e4f50ffc2254b0ee1fb546a57eff/driver14/baca6e1be86dbd72a86ec20967642c84/preview.jpg", "preview_with_overlay_url": "https://thor.ansur.no/display/displayWithOverlays/6a18e4f50ffc2254b0ee1fb546a57eff/driver14/baca6e1be86dbd72a86ec20967642c84/preview.jpg", "thumbnail_url": "https://thor.ansur.no/display/file/fc3e1e3119604c68954810e569131309/driver14/baca6e1be86dbd72a86ec20967642c84/thumb.jpg", "files": [{"id": 83225, "file_type": 1, "size": 12041239, "state": 0, "created": "2019-09-13 09:22:33", "request_until": null, "meta": null, "hash": "baca6e1be86dbd72a86ec20967642c84", "url": null}, {"id": 83226, "file_type": 0, "size": 61683, "state": 3, "created": "2019-09-13 09:22:33", "request_until": "2019-10-13 09:22:33", "meta": null, "hash": "6a18e4f50ffc2254b0ee1fb546a57eff", "url": "https://thor.ansur.no/display/media/83226/driver14/baca6e1be86dbd72a86ec20967642c84/preview.jpg"}, {"id": 83227, "file_type": 3, "size": 16642, "state": 3, "created": "2019-09-13 09:22:38", "request_until": null, "meta": "", "hash": "fc3e1e3119604c68954810e569131309", "url": "https://thor.ansur.no/display/media/83227/driver14/baca6e1be86dbd72a86ec20967642c84/thumb.jpg"}]}}]}','null');
insert into aar_service.file (id, name, mimeType, url, record_id) values (297,'record/attachements/baca6e1be86dbd72a86ec20967642c84/preview.jpg','null','https://thor.ansur.no/display/media/83226/driver14/baca6e1be86dbd72a86ec20967642c84/preview.jpg',2089);
insert into aar_service.file (id, name, mimeType, url, record_id) values (298,'record/attachements/baca6e1be86dbd72a86ec20967642c84/thumb.jpg','null','https://thor.ansur.no/display/media/83227/driver14/baca6e1be86dbd72a86ec20967642c84/thumb.jpg',2089);
insert into aar_service.record (id, clientId, sessionId, createDate, trialDate, topic, recordType, headline, msgType, recordJson, recordData) values (2090,'TB-Ost','null','2019-09-13 11:28:09.618','2019-09-13 11:28:09.618','system_observer_tool_answer','ObserverToolAnswer','A new observation was reported by: Block4_Chemical_Spill-viewTerra_Observer','Info','{"trialId": 13, "sessionId": 217, "answerId": 1582, "timeSendUTC": 1568366888, "timeWhen": 1568366889000, "observationTypeName": "Block4_Chemical_Spill-viewTerra_Observer", "observervationTypeId": 1588, "observationTypeDescription": "The S2-S3 creates a report for the EL (head of operations), based on the information provided by Viewterra.", "description": "", "multiplicity": true, "questions": [{"id": 3143, "name": "The S2-S3 creates a report for the EL (head of ope", "description": "-", "answer": "[Not applicable]", "comment": "", "typeOfQuestion": "checkbox"}]}','null');
insert into aar_service.record (id, clientId, sessionId, createDate, trialDate, topic, recordType, headline, msgType, recordJson, recordData) values (2091,'TB-Ost','null','2019-09-13 11:28:34.778','2019-09-13 11:28:34.778','system_observer_tool_answer','ObserverToolAnswer','A new observation was reported by: Block4_Chemical_Spill-viewTerra_Observer','Info','{"trialId": 13, "sessionId": 217, "answerId": 1583, "timeSendUTC": 1568366913, "timeWhen": 1568366914000, "observationTypeName": "Block4_Chemical_Spill-viewTerra_Observer", "observervationTypeId": 1589, "observationTypeDescription": "The S2-S3 uses other sources of visualisation (e.g google maps, paper maps, etc\u2026) for comparison with the viewterra.", "description": "", "multiplicity": true, "questions": [{"id": 3144, "name": "The S2-S3 uses other sources of visualisation (e.g", "description": "-", "answer": "[Not applicable]", "comment": "", "typeOfQuestion": "checkbox"}]}','null');
insert into aar_service.record (id, clientId, sessionId, createDate, trialDate, topic, recordType, headline, msgType, recordJson, recordData) values (2092,'TB-Ost','null','2019-09-13 11:28:51.22','2019-09-13 11:28:51.22','system_observer_tool_answer','ObserverToolAnswer','A new observation was reported by: Block4_Chemical_Spill-viewTerra_Observer','Info','{"trialId": 13, "sessionId": 217, "answerId": 1584, "timeSendUTC": 1568366929, "timeWhen": 1568366931000, "observationTypeName": "Block4_Chemical_Spill-viewTerra_Observer", "observervationTypeId": 1591, "observationTypeDescription": "Can you observe, the S2 is using the information received by the viewterra?", "description": "", "multiplicity": true, "questions": [{"id": 3145, "name": "Can you observe, the S2 is using the information r", "description": "-", "answer": "[Not applicable]", "comment": "", "typeOfQuestion": "checkbox"}]}','null');
insert into aar_service.record (id, clientId, sessionId, createDate, trialDate, topic, recordType, headline, msgType, recordJson, recordData) values (2093,'TB-Ost','null','2019-09-13 11:30:14.791','2019-09-13 11:30:14.791','system_observer_tool_answer','ObserverToolAnswer','A new observation was reported by: Block4_Chemical_Spill-CrowdTasker_Participant','Info','{"trialId": 13, "sessionId": 217, "answerId": 1585, "timeSendUTC": 1568367013, "timeWhen": 1568367013000, "observationTypeName": "Block4_Chemical_Spill-CrowdTasker_Participant", "observervationTypeId": 1669, "observationTypeDescription": "Question set", "description": "", "multiplicity": true, "questions": [{"id": 2950, "name": "Do you feel the alert you have received was reliab", "description": "-", "answer": "[Agree]", "comment": "", "typeOfQuestion": "checkbox"}, {"id": 2951, "name": "Was the information in the alert easy to understan", "description": "-", "answer": "[Agree]", "comment": "", "typeOfQuestion": "checkbox"}, {"id": 2952, "name": "After received the alert, did you know what to do ", "description": "-", "answer": "[Agree]", "comment": "", "typeOfQuestion": "checkbox"}, {"id": 2953, "name": "The task(s) to fulfill were clear to me.", "description": "-", "answer": "[Agree]", "comment": "", "typeOfQuestion": "checkbox"}, {"id": 2954, "name": "I would not have know without Crowdtasker that I e", "description": "-", "answer": "[Agree]", "comment": "", "typeOfQuestion": "checkbox"}, {"id": 2955, "name": "Do you think your task/ came from a reliable sourc", "description": "-", "answer": "[Agree]", "comment": "", "typeOfQuestion": "checkbox"}, {"id": 2956, "name": "It was clear for me when my task was fulfilled  ", "description": "-", "answer": "Agree", "comment": "", "typeOfQuestion": "radiobutton"}]}','null');
insert into aar_service.record (id, clientId, sessionId, createDate, trialDate, topic, recordType, headline, msgType, recordJson, recordData) values (2094,'TB-Ost','null','2019-09-13 11:30:56.632','2019-09-13 11:30:56.632','system_observer_tool_answer','ObserverToolAnswer','A new observation was reported by: Block4_Chemical_Spill-viewTerra_Practitioner','Info','{"trialId": 13, "sessionId": 217, "answerId": 1586, "timeSendUTC": 1568367055, "timeWhen": 1568367056000, "observationTypeName": "Block4_Chemical_Spill-viewTerra_Practitioner", "observervationTypeId": 1592, "observationTypeDescription": "Question set", "description": "", "multiplicity": true, "questions": [{"id": 3181, "name": "Effectiveness: I would be able to complete my task", "description": "Please rate the following as compared to your daily work routine.", "answer": "Neutral", "comment": "", "typeOfQuestion": "radiobutton"}, {"id": 3182, "name": "Usability: The solution supports me with additiona", "description": "Please rate the following as compared to your daily work routine.", "answer": "Agree", "comment": "", "typeOfQuestion": "radiobutton"}, {"id": 3183, "name": "Usability: It would be easy to integrate this solu", "description": "Please rate the following as compared to your daily work routine.", "answer": "Agree", "comment": "", "typeOfQuestion": "radiobutton"}, {"id": 3184, "name": "Satisfaction: Overall, I am satisfied with the use", "description": "Please rate the following as compared to your daily work routine.", "answer": "Agree", "comment": "", "typeOfQuestion": "radiobutton"}, {"id": 3185, "name": "Efficiency: I would be able to complete my tasks m", "description": "Please rate the following as compared to your daily work routine.", "answer": "Neutral", "comment": "", "typeOfQuestion": "radiobutton"}, {"id": 3186, "name": "Efficiency: I would be able to complete my tasks f", "description": "Please rate the following as compared to your daily work routine.", "answer": "Neutral", "comment": "", "typeOfQuestion": "radiobutton"}, {"id": 3187, "name": "Usability: The solution supports more detailed inf", "description": "Please rate the following as compared to your daily work routine.", "answer": "Agree", "comment": "", "typeOfQuestion": "radiobutton"}, {"id": 3188, "name": "Effectiveness: I would be able to manage my tasks ", "description": "Please rate the following as compared to your daily work routine.", "answer": "Neutral", "comment": "", "typeOfQuestion": "radiobutton"}, {"id": 3189, "name": "Were you able to assess the situation without any ", "description": "-", "answer": "Agree", "comment": "", "typeOfQuestion": "radiobutton"}, {"id": 3190, "name": "The 3d  model representation  by Viewterra was acc", "description": "-", "answer": "Agree", "comment": "", "typeOfQuestion": "radiobutton"}, {"id": 3191, "name": "The combination of 3d maps with georeferenced phot", "description": "-", "answer": "Neutral", "comment": "", "typeOfQuestion": "radiobutton"}, {"id": 3192, "name": "Within the Viewterra there was a lot of repetitive", "description": "-", "answer": "Agree", "comment": "", "typeOfQuestion": "radiobutton"}, {"id": 3193, "name": "Reviewing the 3d model of Viewterra took me a lot ", "description": "-", "answer": "Disagree", "comment": "", "typeOfQuestion": "radiobutton"}, {"id": 3194, "name": "Understanding the 3d model of Viewterra took me a ", "description": "-", "answer": "Disagree", "comment": "", "typeOfQuestion": "radiobutton"}, {"id": 3195, "name": "The information provided by Viewterra was helpful ", "description": "-", "answer": "Agree", "comment": "", "typeOfQuestion": "radiobutton"}, {"id": 3196, "name": "The information received by the Viewterra was suff", "description": "-", "answer": "Agree", "comment": "", "typeOfQuestion": "radiobutton"}]}','null');
insert into aar_service.record (id, clientId, sessionId, createDate, trialDate, topic, recordType, headline, msgType, recordJson, recordData) values (2095,'TB-Ost','null','2019-09-13 11:33:19.846','2019-09-13 11:33:19.846','system_observer_tool_answer','ObserverToolAnswer','A new observation was reported by: Block4_Chemical_Spill-CrowdTasker_Practitioner','Info','{"trialId": 13, "sessionId": 217, "answerId": 1587, "timeSendUTC": 1568367198, "timeWhen": 1568367199000, "observationTypeName": "Block4_Chemical_Spill-CrowdTasker_Practitioner", "observervationTypeId": 1625, "observationTypeDescription": "Question set", "description": "", "multiplicity": true, "questions": [{"id": 2967, "name": "Usability: The solution supports me with additiona", "description": "Please rate the following as compared to your daily work routine.", "answer": "Agree", "comment": "", "typeOfQuestion": "radiobutton"}, {"id": 2968, "name": "It was too much information (Tasks)?", "description": "-", "answer": "Neutral", "comment": "", "typeOfQuestion": "radiobutton"}, {"id": 2969, "name": "The information received by Crowdtasker was accura", "description": "-", "answer": "Neutral", "comment": "", "typeOfQuestion": "radiobutton"}, {"id": 2970, "name": "The information received by crowdtasker was reliab", "description": "-", "answer": "Neutral", "comment": "", "typeOfQuestion": "radiobutton"}, {"id": 2971, "name": "Effectiveness: I would be able to manage my tasks ", "description": "Please rate the following as compared to your daily work routine.", "answer": "Agree", "comment": "", "typeOfQuestion": "radiobutton"}, {"id": 2972, "name": "Effectiveness: I would be able to complete my task", "description": "Please rate the following as compared to your daily work routine.", "answer": "Neutral", "comment": "", "typeOfQuestion": "radiobutton"}, {"id": 2973, "name": "Efficiency: I would be able to complete my tasks f", "description": "Please rate the following as compared to your daily work routine.", "answer": "Neutral", "comment": "", "typeOfQuestion": "radiobutton"}, {"id": 2974, "name": "Efficiency: I would be able to complete my tasks m", "description": "Please rate the following as compared to your daily work routine.", "answer": "Neutral", "comment": "", "typeOfQuestion": "radiobutton"}, {"id": 2975, "name": "Usability: It would be easy to integrate this solu", "description": "Please rate the following as compared to your daily work routine.", "answer": "Neutral", "comment": "", "typeOfQuestion": "radiobutton"}, {"id": 2976, "name": "Usability: The solution supports more detailed inf", "description": "Please rate the following as compared to your daily work routine.", "answer": "Agree", "comment": "", "typeOfQuestion": "radiobutton"}, {"id": 2977, "name": "Within the Crowdtasker there was a lot of repetiti", "description": "-", "answer": "Agree", "comment": "", "typeOfQuestion": "radiobutton"}, {"id": 2978, "name": "Helpers that are not part of an emergency organisa", "description": "-", "answer": "Neutral", "comment": "", "typeOfQuestion": "radiobutton"}, {"id": 2979, "name": "Helpers that are not part of an emergency organisa", "description": "-", "answer": "Agree", "comment": "", "typeOfQuestion": "radiobutton"}, {"id": 2980, "name": "Helpers that are not part of an emergency organisa", "description": "-", "answer": "Neutral", "comment": "", "typeOfQuestion": "radiobutton"}, {"id": 2981, "name": "Helpers that are not part of an emergency organisa", "description": "-", "answer": "Agree", "comment": "", "typeOfQuestion": "radiobutton"}, {"id": 2982, "name": "The information provided by Crowdtasker was helpfu", "description": "-", "answer": "Agree", "comment": "", "typeOfQuestion": "radiobutton"}, {"id": 2983, "name": "The information received by the Crowtasker was suf", "description": "-", "answer": "Agree", "comment": "", "typeOfQuestion": "radiobutton"}, {"id": 2984, "name": "Reviewing the information by crowdtasker took me a", "description": "-", "answer": "Disagree", "comment": "", "typeOfQuestion": "radiobutton"}, {"id": 2985, "name": "Satisfaction: Overall, I am satisfied with the use", "description": "Please rate the following as compared to your daily work routine.", "answer": "Neutral", "comment": "", "typeOfQuestion": "radiobutton"}]}','null');
insert into aar_service.record (id, clientId, sessionId, createDate, trialDate, topic, recordType, headline, msgType, recordJson, recordData) values (2096,'TB-Ost','null','2019-09-13 11:34:08.903','2019-09-13 11:34:08.903','system_observer_tool_answer','ObserverToolAnswer','A new observation was reported by: Block4_Chemical_Spill-ASIGN_Practitioner','Info','{"trialId": 13, "sessionId": 217, "answerId": 1588, "timeSendUTC": 1568367247, "timeWhen": 1568367248000, "observationTypeName": "Block4_Chemical_Spill-ASIGN_Practitioner", "observervationTypeId": 1661, "observationTypeDescription": "Question set", "description": "", "multiplicity": true, "questions": [{"id": 2886, "name": "Usability: The solution supports more detailed inf", "description": "Please rate the following as compared to your daily work routine.", "answer": "Agree", "comment": "", "typeOfQuestion": "radiobutton"}, {"id": 2887, "name": "Satisfaction: Overall, I am satisfied with the use", "description": "Please rate the following as compared to your daily work routine.", "answer": "Agree", "comment": "", "typeOfQuestion": "radiobutton"}, {"id": 2888, "name": "Usability: The solution supports me with additiona", "description": "Please rate the following as compared to your daily work routine.", "answer": "Agree", "comment": "", "typeOfQuestion": "radiobutton"}, {"id": 2889, "name": "Usability: It would be easy to integrate this solu", "description": "Please rate the following as compared to your daily work routine.", "answer": "Agree", "comment": "", "typeOfQuestion": "radiobutton"}, {"id": 2890, "name": "Effectiveness: I would be able to manage my tasks ", "description": "Please rate the following as compared to your daily work routine.", "answer": "Agree", "comment": "", "typeOfQuestion": "radiobutton"}, {"id": 2891, "name": "Effectiveness: I would be able to complete my task", "description": "Please rate the following as compared to your daily work routine.", "answer": "Agree", "comment": "", "typeOfQuestion": "radiobutton"}, {"id": 2892, "name": "Efficiency: I would be able to complete my tasks f", "description": "Please rate the following as compared to your daily work routine.", "answer": "Neutral", "comment": "", "typeOfQuestion": "radiobutton"}, {"id": 2893, "name": "Efficiency: I would be able to complete my tasks m", "description": "Please rate the following as compared to your daily work routine.", "answer": "Neutral", "comment": "", "typeOfQuestion": "radiobutton"}]}','null');
insert into aar_service.record (id, clientId, sessionId, createDate, trialDate, topic, recordType, headline, msgType, recordJson, recordData) values (2097,'TB-Ost','null','2019-09-13 11:35:51.002','2019-09-13 11:35:51.002','system_observer_tool_answer','ObserverToolAnswer','A new observation was reported by: Block4_Chemical_Spill-ASIGN_Field_Observer','Info','{"trialId": 13, "sessionId": 217, "answerId": 1589, "timeSendUTC": 1568367349, "timeWhen": 1568361619000, "observationTypeName": "Block4_Chemical_Spill-ASIGN_Field_Observer", "observervationTypeId": 1654, "observationTypeDescription": "How many years of professional experience do you have in crisis management? ", "description": "", "multiplicity": true, "questions": [{"id": 2839, "name": "How many years of professional experience do you h", "description": "-", "answer": "More than 15 years", "comment": "", "typeOfQuestion": "radiobutton"}]}','null');
insert into aar_service.record (id, clientId, sessionId, createDate, trialDate, topic, recordType, headline, msgType, recordJson, recordData) values (2098,'TB-Ost','null','2019-09-13 11:35:51.127','2019-09-13 11:35:51.127','system_observer_tool_answer','ObserverToolAnswer','A new observation was reported by: Block4_Chemical_Spill-ASIGN_Field_Observer','Info','{"trialId": 13, "sessionId": 217, "answerId": 1590, "timeSendUTC": 1568367349, "timeWhen": 1568363759000, "observationTypeName": "Block4_Chemical_Spill-ASIGN_Field_Observer", "observervationTypeId": 1659, "observationTypeDescription": "The volunteers know what to do when they recieve a message by ASIGN.  ", "description": "", "multiplicity": true, "questions": [{"id": 2841, "name": "The volunteers know what to do when they recieve a", "description": "-", "answer": "[Agree]", "comment": "The instructions on the app were clear and the app allows for clarity to be sought if needed through the messaging function. ", "typeOfQuestion": "checkbox"}]}','null');
insert into aar_service.record (id, clientId, sessionId, createDate, trialDate, topic, recordType, headline, msgType, recordJson, recordData) values (2099,'TB-Ost','null','2019-09-13 11:35:51.256','2019-09-13 11:35:51.256','system_observer_tool_answer','ObserverToolAnswer','A new observation was reported by: Block4_Chemical_Spill-ASIGN_Field_Observer','Info','{"trialId": 13, "sessionId": 217, "answerId": 1592, "timeSendUTC": 1568367349, "timeWhen": 1568362950000, "observationTypeName": "Block4_Chemical_Spill-ASIGN_Field_Observer", "observervationTypeId": 1656, "observationTypeDescription": "Users of the ASIGN mobile app received a warning when they entered the danger zone.", "description": "", "multiplicity": true, "questions": [{"id": 2837, "name": "Users of the ASIGN mobile app received a warning w", "description": "-", "answer": "Strongly agree", "comment": "Danger message recieved,requesting that tube user leaves the area now... photograph taken and then extraction begins, the app was accurate in indicating when the user had left tube danger zone. ", "typeOfQuestion": "radiobutton"}]}','null');
insert into aar_service.record (id, clientId, sessionId, createDate, trialDate, topic, recordType, headline, msgType, recordJson, recordData) values (2100,'TB-Ost','null','2019-09-13 11:35:51.404','2019-09-13 11:35:51.404','system_observer_tool_answer','ObserverToolAnswer','A new observation was reported by: Block4_Chemical_Spill-ASIGN_Field_Observer','Info','{"trialId": 13, "sessionId": 217, "answerId": 1591, "timeSendUTC": 1568367349, "timeWhen": 1568361644000, "observationTypeName": "Block4_Chemical_Spill-ASIGN_Field_Observer", "observervationTypeId": 1655, "observationTypeDescription": "How much would you agree with the statement that you have experience and knowledge regarding volunteer management?", "description": "", "multiplicity": true, "questions": [{"id": 2838, "name": "How much would you agree with the statement that y", "description": "-", "answer": "Neutral", "comment": "", "typeOfQuestion": "radiobutton"}]}','null');
insert into aar_service.record (id, clientId, sessionId, createDate, trialDate, topic, recordType, headline, msgType, recordJson, recordData) values (2101,'TB-Ost','null','2019-09-13 11:35:51.54','2019-09-13 11:35:51.54','system_observer_tool_answer','ObserverToolAnswer','A new observation was reported by: Block4_Chemical_Spill-ASIGN_Field_Observer','Info','{"trialId": 13, "sessionId": 217, "answerId": 1593, "timeSendUTC": 1568367349, "timeWhen": 1568363191000, "observationTypeName": "Block4_Chemical_Spill-ASIGN_Field_Observer", "observervationTypeId": 1657, "observationTypeDescription": "User of the ASIGN mobile app correctly interpreted the warning message they received when entering the danger zone; they were able to make a decision about their next action based on this warning.", "description": "", "multiplicity": true, "questions": [{"id": 2836, "name": "User of the ASIGN mobile app correctly interpreted", "description": "-", "answer": "Strongly agree", "comment": "They were able to understand that they needed to leave immediately, due to it being an exercise they stayed and took the photograph before leaving.  In reality they would have left immediately. Once outside the danger zone a further request to take photographs was recorded and actioned t", "typeOfQuestion": "radiobutton"}]}','null');
insert into aar_service.record (id, clientId, sessionId, createDate, trialDate, topic, recordType, headline, msgType, recordJson, recordData) values (2102,'TB-Ost','null','2019-09-13 11:35:51.667','2019-09-13 11:35:51.667','system_observer_tool_answer','ObserverToolAnswer','A new observation was reported by: Block4_Chemical_Spill-ASIGN_Field_Observer','Info','{"trialId": 13, "sessionId": 217, "answerId": 1594, "timeSendUTC": 1568367349, "timeWhen": 1568363337000, "observationTypeName": "Block4_Chemical_Spill-ASIGN_Field_Observer", "observervationTypeId": 1658, "observationTypeDescription": "With the help of ASIGN responders inside of the danger zone could receive the \u201Cdo not enter! Leave now!\u201D alarm.", "description": "", "multiplicity": true, "questions": [{"id": 2842, "name": "With the help of ASIGN responders inside of the da", "description": "-", "answer": "Agree", "comment": "From what was demonstrated today I believe that the application is capable of warning responders if they entered the danger zone. ", "typeOfQuestion": "radiobutton"}]}','null');
insert into aar_service.record (id, clientId, sessionId, createDate, trialDate, topic, recordType, headline, msgType, recordJson, recordData) values (2103,'TB-Ost','null','2019-09-13 11:35:51.798','2019-09-13 11:35:51.798','system_observer_tool_answer','ObserverToolAnswer','A new observation was reported by: Block4_Chemical_Spill-ASIGN_Field_Observer','Info','{"trialId": 13, "sessionId": 217, "answerId": 1595, "timeSendUTC": 1568367349, "timeWhen": 1568363994000, "observationTypeName": "Block4_Chemical_Spill-ASIGN_Field_Observer", "observervationTypeId": 1660, "observationTypeDescription": "Volunters were acting safely (being careful when crossing streets, taking photos from a safe distance).", "description": "", "multiplicity": true, "questions": [{"id": 2840, "name": "Volunters were acting safely (being careful when c", "description": "-", "answer": "[Agree]", "comment": "Some of the areas visited were hazardous due to derelict buildings and heavy machinery but at all times the practitioner acted safely", "typeOfQuestion": "checkbox"}]}','null');
insert into aar_service.record (id, clientId, sessionId, createDate, trialDate, topic, recordType, headline, msgType, recordJson, recordData) values (2104,'TB-Ost','null','2019-09-13 11:35:51.938','2019-09-13 11:35:51.938','system_observer_tool_answer','ObserverToolAnswer','A new observation was reported by: Block4_Chemical_Spill-ASIGN_Field_Observer','Info','{"trialId": 13, "sessionId": 217, "answerId": 1596, "timeSendUTC": 1568367349, "timeWhen": 1568364167000, "observationTypeName": "Block4_Chemical_Spill-ASIGN_Field_Observer", "observervationTypeId": 1659, "observationTypeDescription": "The volunteers know what to do when they recieve a message by ASIGN.  ", "description": "", "multiplicity": true, "questions": [{"id": 2841, "name": "The volunteers know what to do when they recieve a", "description": "-", "answer": "[Agree]", "comment": "The messages recieved were very clear, one thing that could have been done was that when the practitioner identifies the area as now being safe they could have been advised that the danger zone making had been removed (this apparently is a function but control decided not to use it)", "typeOfQuestion": "checkbox"}]}','null');
insert into aar_service.record (id, clientId, sessionId, createDate, trialDate, topic, recordType, headline, msgType, recordJson, recordData) values (2105,'TB-Ost','null','2019-09-13 11:36:24.754','2019-09-13 11:36:24.754','system_observer_tool_answer','ObserverToolAnswer','A new observation was reported by: Block4_Chemical_Spill-PFA_Practitioner','Info','{"trialId": 13, "sessionId": 217, "answerId": 1597, "timeSendUTC": 1568367383, "timeWhen": 1568367384000, "observationTypeName": "Block4_Chemical_Spill-PFA_Practitioner", "observervationTypeId": 1681, "observationTypeDescription": "Question set", "description": "", "multiplicity": true, "questions": [{"id": 3112, "name": "I possess the knowledge of what not to say or do w", "description": "-", "answer": "Agree", "comment": "", "typeOfQuestion": "radiobutton"}, {"id": 3113, "name": "I possess the ability to support people who have e", "description": "-", "answer": "Agree", "comment": "", "typeOfQuestion": "radiobutton"}, {"id": 3114, "name": "I have gained a better understanding of community-", "description": "-", "answer": "Not applicable", "comment": "", "typeOfQuestion": "radiobutton"}, {"id": 3115, "name": "I possess the ability to listen in a supportive wa", "description": "-", "answer": "Agree", "comment": "", "typeOfQuestion": "radiobutton"}, {"id": 3116, "name": "I possess the ability to recognise people in distr", "description": "-", "answer": "Agree", "comment": "", "typeOfQuestion": "radiobutton"}, {"id": 3117, "name": "The PFA training met the training objectives.", "description": "-", "answer": "Not applicable", "comment": "", "typeOfQuestion": "radiobutton"}, {"id": 3118, "name": "I possess the knowledge of what to say and do in o", "description": "-", "answer": "Agree", "comment": "", "typeOfQuestion": "radiobutton"}, {"id": 3119, "name": "I possess the ability to prepare and approach a cr", "description": "-", "answer": "Agree", "comment": "", "typeOfQuestion": "radiobutton"}, {"id": 3120, "name": "The content of the PFA training was interesting an", "description": "-", "answer": "Not applicable", "comment": "", "typeOfQuestion": "radiobutton"}, {"id": 3121, "name": "I possess the ability to link people affected by c", "description": "-", "answer": "Agree", "comment": "", "typeOfQuestion": "radiobutton"}, {"id": 3122, "name": "I possess the ability to take care of myself and s", "description": "-", "answer": "Agree", "comment": "", "typeOfQuestion": "radiobutton"}, {"id": 3123, "name": "The content of the PFA training would help me in m", "description": "-", "answer": "Not applicable", "comment": "", "typeOfQuestion": "radiobutton"}, {"id": 3124, "name": "I possess the ability to recognise and assist peop", "description": "-", "answer": "Agree", "comment": "", "typeOfQuestion": "radiobutton"}]}','null');
insert into aar_service.record (id, clientId, sessionId, createDate, trialDate, topic, recordType, headline, msgType, recordJson, recordData) values (2106,'TB-Ost','null','2019-09-13 11:38:30.133','2019-09-13 11:38:30.133','system_observer_tool_answer','ObserverToolAnswer','A new observation was reported by: Block4_Chemical_Spill-viewTerra_Practitioner','Info','{"trialId": 13, "sessionId": 217, "answerId": 1598, "timeSendUTC": 1568367508, "timeWhen": 1568367509000, "observationTypeName": "Block4_Chemical_Spill-viewTerra_Practitioner", "observervationTypeId": 1592, "observationTypeDescription": "Question set", "description": "", "multiplicity": true, "questions": [{"id": 3181, "name": "Effectiveness: I would be able to complete my task", "description": "Please rate the following as compared to your daily work routine.", "answer": "Strongly agree", "comment": "", "typeOfQuestion": "radiobutton"}, {"id": 3182, "name": "Usability: The solution supports me with additiona", "description": "Please rate the following as compared to your daily work routine.", "answer": "Agree", "comment": "", "typeOfQuestion": "radiobutton"}, {"id": 3183, "name": "Usability: It would be easy to integrate this solu", "description": "Please rate the following as compared to your daily work routine.", "answer": "Agree", "comment": "", "typeOfQuestion": "radiobutton"}, {"id": 3184, "name": "Satisfaction: Overall, I am satisfied with the use", "description": "Please rate the following as compared to your daily work routine.", "answer": "Neutral", "comment": "", "typeOfQuestion": "radiobutton"}, {"id": 3185, "name": "Efficiency: I would be able to complete my tasks m", "description": "Please rate the following as compared to your daily work routine.", "answer": "Strongly agree", "comment": "", "typeOfQuestion": "radiobutton"}, {"id": 3186, "name": "Efficiency: I would be able to complete my tasks f", "description": "Please rate the following as compared to your daily work routine.", "answer": "Strongly agree", "comment": "", "typeOfQuestion": "radiobutton"}, {"id": 3187, "name": "Usability: The solution supports more detailed inf", "description": "Please rate the following as compared to your daily work routine.", "answer": "Agree", "comment": "", "typeOfQuestion": "radiobutton"}, {"id": 3188, "name": "Effectiveness: I would be able to manage my tasks ", "description": "Please rate the following as compared to your daily work routine.", "answer": "Strongly agree", "comment": "", "typeOfQuestion": "radiobutton"}, {"id": 3189, "name": "Were you able to assess the situation without any ", "description": "-", "answer": "Strongly agree", "comment": "", "typeOfQuestion": "radiobutton"}, {"id": 3190, "name": "The 3d  model representation  by Viewterra was acc", "description": "-", "answer": "Not applicable", "comment": "Cannot verify that", "typeOfQuestion": "radiobutton"}, {"id": 3191, "name": "The combination of 3d maps with georeferenced phot", "description": "-", "answer": "Neutral", "comment": "Not used it really", "typeOfQuestion": "radiobutton"}, {"id": 3192, "name": "Within the Viewterra there was a lot of repetitive", "description": "-", "answer": "Disagree", "comment": "", "typeOfQuestion": "radiobutton"}, {"id": 3193, "name": "Reviewing the 3d model of Viewterra took me a lot ", "description": "-", "answer": "Disagree", "comment": "", "typeOfQuestion": "radiobutton"}, {"id": 3194, "name": "Understanding the 3d model of Viewterra took me a ", "description": "-", "answer": "Disagree", "comment": "", "typeOfQuestion": "radiobutton"}, {"id": 3195, "name": "The information provided by Viewterra was helpful ", "description": "-", "answer": "Strongly agree", "comment": "", "typeOfQuestion": "radiobutton"}, {"id": 3196, "name": "The information received by the Viewterra was suff", "description": "-", "answer": "Agree", "comment": "", "typeOfQuestion": "radiobutton"}]}','null');
insert into aar_service.record (id, clientId, sessionId, createDate, trialDate, topic, recordType, headline, msgType, recordJson, recordData) values (2107,'TB-Ost','null','2019-09-13 11:38:45.164','2019-09-13 11:38:45.164','system_observer_tool_answer','ObserverToolAnswer','A new observation was reported by: Block4_Chemical_Spill-DLR_Practitioner','Info','{"trialId": 13, "sessionId": 217, "answerId": 1599, "timeSendUTC": 1568367523, "timeWhen": 1568367524000, "observationTypeName": "Block4_Chemical_Spill-DLR_Practitioner", "observervationTypeId": 1714, "observationTypeDescription": "Question set", "description": "", "multiplicity": true, "questions": [{"id": 3044, "name": "I could assess the situation easily based on the p", "description": "-", "answer": "Agree", "comment": "", "typeOfQuestion": "radiobutton"}, {"id": 3045, "name": "The imagery that was shared was of sufficent quali", "description": "-", "answer": "Agree", "comment": "", "typeOfQuestion": "radiobutton"}, {"id": 3046, "name": "A link to the Airborne imagery could be shared wit", "description": "-", "answer": "Agree", "comment": "", "typeOfQuestion": "radiobutton"}, {"id": 3047, "name": "The quality of the Airborne imagery in the DLR-sof", "description": "-", "answer": "Not applicable", "comment": "", "typeOfQuestion": "radiobutton"}, {"id": 3048, "name": "The time of receiving the Airborne imagery worked ", "description": "-", "answer": "Neutral", "comment": "", "typeOfQuestion": "radiobutton"}, {"id": 3049, "name": "The information received by the DLR was accurate.", "description": "-", "answer": "Agree", "comment": "", "typeOfQuestion": "radiobutton"}, {"id": 3050, "name": "Effectiveness: I would be able to manage my tasks ", "description": "Please rate the following as compared to your daily work routine.", "answer": "Disagree", "comment": "", "typeOfQuestion": "radiobutton"}, {"id": 3051, "name": "The information provided by DLR was helpful for fu", "description": "-", "answer": "Agree", "comment": "", "typeOfQuestion": "radiobutton"}, {"id": 3052, "name": "Usability: The solution supports more detailed inf", "description": "Please rate the following as compared to your daily work routine.", "answer": "Neutral", "comment": "", "typeOfQuestion": "radiobutton"}, {"id": 3053, "name": "The time of requesting the Airborne imagery worked", "description": "-", "answer": "Neutral", "comment": "", "typeOfQuestion": "radiobutton"}, {"id": 3054, "name": "The information received by the DLR was sufficient", "description": "-", "answer": "Neutral", "comment": "", "typeOfQuestion": "radiobutton"}, {"id": 3055, "name": "Reviewing the maps of the DLR took me a lot of tim", "description": "-", "answer": "Neutral", "comment": "", "typeOfQuestion": "radiobutton"}, {"id": 3056, "name": "The information provided by the DLR was usefull fo", "description": "-", "answer": "Neutral", "comment": "", "typeOfQuestion": "radiobutton"}, {"id": 3057, "name": "Effectiveness: I would be able to complete my task", "description": "Please rate the following as compared to your daily work routine.", "answer": "Disagree", "comment": "", "typeOfQuestion": "radiobutton"}, {"id": 3058, "name": "Efficiency: I would be able to complete my tasks f", "description": "Please rate the following as compared to your daily work routine.", "answer": "Disagree", "comment": "", "typeOfQuestion": "radiobutton"}, {"id": 3059, "name": "Efficiency: I would be able to complete my tasks m", "description": "Please rate the following as compared to your daily work routine.", "answer": "Disagree", "comment": "", "typeOfQuestion": "radiobutton"}, {"id": 3060, "name": "Satisfaction: Overall, I am satisfied with the use", "description": "Please rate the following as compared to your daily work routine.", "answer": "Neutral", "comment": "", "typeOfQuestion": "radiobutton"}, {"id": 3061, "name": "Usability: The solution supports me with additiona", "description": "Please rate the following as compared to your daily work routine.", "answer": "Neutral", "comment": "", "typeOfQuestion": "radiobutton"}, {"id": 3062, "name": "Usability: It would be easy to integrate this solu", "description": "Please rate the following as compared to your daily work routine.", "answer": "Disagree", "comment": "", "typeOfQuestion": "radiobutton"}]}','null');
insert into aar_service.record (id, clientId, sessionId, createDate, trialDate, topic, recordType, headline, msgType, recordJson, recordData) values (2108,'TB-Ost','null','2019-09-13 11:38:53.413','2019-09-13 11:38:53.413','system_observer_tool_answer','ObserverToolAnswer','A new observation was reported by: Block4_Chemical_Spill-CrowdTasker_Observer','Info','{"trialId": 13, "sessionId": 217, "answerId": 1600, "timeSendUTC": 1568367531, "timeWhen": 1568367533000, "observationTypeName": "Block4_Chemical_Spill-CrowdTasker_Observer", "observervationTypeId": 1608, "observationTypeDescription": "How many years of professional experience do you have in crisis management? ", "description": "", "multiplicity": true, "questions": [{"id": 2928, "name": "How many years of professional experience do you h", "description": "-", "answer": "11 - 15 years", "comment": "", "typeOfQuestion": "radiobutton"}]}','null');
insert into aar_service.record (id, clientId, sessionId, createDate, trialDate, topic, recordType, headline, msgType, recordJson, recordData) values (2109,'TB-Ost','null','2019-09-13 11:39:36.263','2019-09-13 11:39:36.263','system_observer_tool_answer','ObserverToolAnswer','A new observation was reported by: Block4_Chemical_Spill-ASIGN_Field_Observer','Info','{"trialId": 13, "sessionId": 217, "answerId": 1601, "timeSendUTC": 1568367574, "timeWhen": 1568360287000, "observationTypeName": "Block4_Chemical_Spill-ASIGN_Field_Observer", "observervationTypeId": 1654, "observationTypeDescription": "How many years of professional experience do you have in crisis management? ", "description": "", "multiplicity": true, "questions": [{"id": 2839, "name": "How many years of professional experience do you h", "description": "-", "answer": "More than 15 years", "comment": "", "typeOfQuestion": "radiobutton"}]}','null');
insert into aar_service.record (id, clientId, sessionId, createDate, trialDate, topic, recordType, headline, msgType, recordJson, recordData) values (2110,'TB-Ost','null','2019-09-13 11:39:36.387','2019-09-13 11:39:36.387','system_observer_tool_answer','ObserverToolAnswer','A new observation was reported by: Block4_Chemical_Spill-ASIGN_Field_Observer','Info','{"trialId": 13, "sessionId": 217, "answerId": 1602, "timeSendUTC": 1568367574, "timeWhen": 1568360290000, "observationTypeName": "Block4_Chemical_Spill-ASIGN_Field_Observer", "observervationTypeId": 1654, "observationTypeDescription": "How many years of professional experience do you have in crisis management? ", "description": "", "multiplicity": true, "questions": [{"id": 2839, "name": "How many years of professional experience do you h", "description": "-", "answer": "More than 15 years", "comment": "", "typeOfQuestion": "radiobutton"}]}','null');
insert into aar_service.record (id, clientId, sessionId, createDate, trialDate, topic, recordType, headline, msgType, recordJson, recordData) values (2111,'TB-Ost','null','2019-09-13 11:39:36.514','2019-09-13 11:39:36.514','system_observer_tool_answer','ObserverToolAnswer','A new observation was reported by: Block4_Chemical_Spill-ASIGN_Field_Observer','Info','{"trialId": 13, "sessionId": 217, "answerId": 1603, "timeSendUTC": 1568367574, "timeWhen": 1568360294000, "observationTypeName": "Block4_Chemical_Spill-ASIGN_Field_Observer", "observervationTypeId": 1654, "observationTypeDescription": "How many years of professional experience do you have in crisis management? ", "description": "", "multiplicity": true, "questions": [{"id": 2839, "name": "How many years of professional experience do you h", "description": "-", "answer": "More than 15 years", "comment": "", "typeOfQuestion": "radiobutton"}]}','null');
insert into aar_service.record (id, clientId, sessionId, createDate, trialDate, topic, recordType, headline, msgType, recordJson, recordData) values (2112,'TB-Ost','null','2019-09-13 11:39:36.649','2019-09-13 11:39:36.649','system_observer_tool_answer','ObserverToolAnswer','A new observation was reported by: Block4_Chemical_Spill-ASIGN_Field_Observer','Info','{"trialId": 13, "sessionId": 217, "answerId": 1604, "timeSendUTC": 1568367574, "timeWhen": 1568360308000, "observationTypeName": "Block4_Chemical_Spill-ASIGN_Field_Observer", "observervationTypeId": 1655, "observationTypeDescription": "How much would you agree with the statement that you have experience and knowledge regarding volunteer management?", "description": "", "multiplicity": true, "questions": [{"id": 2838, "name": "How much would you agree with the statement that y", "description": "-", "answer": "Agree", "comment": "", "typeOfQuestion": "radiobutton"}]}','null');
insert into aar_service.record (id, clientId, sessionId, createDate, trialDate, topic, recordType, headline, msgType, recordJson, recordData) values (2113,'TB-Ost','null','2019-09-13 11:39:36.782','2019-09-13 11:39:36.782','system_observer_tool_answer','ObserverToolAnswer','A new observation was reported by: Block4_Chemical_Spill-ASIGN_Field_Observer','Info','{"trialId": 13, "sessionId": 217, "answerId": 1605, "timeSendUTC": 1568367575, "timeWhen": 1568360323000, "observationTypeName": "Block4_Chemical_Spill-ASIGN_Field_Observer", "observervationTypeId": 1654, "observationTypeDescription": "How many years of professional experience do you have in crisis management? ", "description": "", "multiplicity": true, "questions": [{"id": 2839, "name": "How many years of professional experience do you h", "description": "-", "answer": "More than 15 years", "comment": "", "typeOfQuestion": "radiobutton"}]}','null');
insert into aar_service.record (id, clientId, sessionId, createDate, trialDate, topic, recordType, headline, msgType, recordJson, recordData) values (2114,'TB-Ost','null','2019-09-13 11:40:26.557','2019-09-13 11:40:26.557','system_observer_tool_answer','ObserverToolAnswer','A new observation was reported by: Block4_Chemical_Spill-viewTerra_Practitioner','Info','{"trialId": 13, "sessionId": 217, "answerId": 1606, "timeSendUTC": 1568367625, "timeWhen": 1568367626000, "observationTypeName": "Block4_Chemical_Spill-viewTerra_Practitioner", "observervationTypeId": 1592, "observationTypeDescription": "Question set", "description": "", "multiplicity": true, "questions": [{"id": 3181, "name": "Effectiveness: I would be able to complete my task", "description": "Please rate the following as compared to your daily work routine.", "answer": "Neutral", "comment": "", "typeOfQuestion": "radiobutton"}, {"id": 3182, "name": "Usability: The solution supports me with additiona", "description": "Please rate the following as compared to your daily work routine.", "answer": "Neutral", "comment": "", "typeOfQuestion": "radiobutton"}, {"id": 3183, "name": "Usability: It would be easy to integrate this solu", "description": "Please rate the following as compared to your daily work routine.", "answer": "Neutral", "comment": "", "typeOfQuestion": "radiobutton"}, {"id": 3184, "name": "Satisfaction: Overall, I am satisfied with the use", "description": "Please rate the following as compared to your daily work routine.", "answer": "Neutral", "comment": "", "typeOfQuestion": "radiobutton"}, {"id": 3185, "name": "Efficiency: I would be able to complete my tasks m", "description": "Please rate the following as compared to your daily work routine.", "answer": "Agree", "comment": "", "typeOfQuestion": "radiobutton"}, {"id": 3186, "name": "Efficiency: I would be able to complete my tasks f", "description": "Please rate the following as compared to your daily work routine.", "answer": "Disagree", "comment": "", "typeOfQuestion": "radiobutton"}, {"id": 3187, "name": "Usability: The solution supports more detailed inf", "description": "Please rate the following as compared to your daily work routine.", "answer": "Neutral", "comment": "", "typeOfQuestion": "radiobutton"}, {"id": 3188, "name": "Effectiveness: I would be able to manage my tasks ", "description": "Please rate the following as compared to your daily work routine.", "answer": "Neutral", "comment": "", "typeOfQuestion": "radiobutton"}, {"id": 3189, "name": "Were you able to assess the situation without any ", "description": "-", "answer": "Disagree", "comment": "", "typeOfQuestion": "radiobutton"}, {"id": 3190, "name": "The 3d  model representation  by Viewterra was acc", "description": "-", "answer": "Agree", "comment": "", "typeOfQuestion": "radiobutton"}, {"id": 3191, "name": "The combination of 3d maps with georeferenced phot", "description": "-", "answer": "Agree", "comment": "", "typeOfQuestion": "radiobutton"}, {"id": 3192, "name": "Within the Viewterra there was a lot of repetitive", "description": "-", "answer": "Agree", "comment": "", "typeOfQuestion": "radiobutton"}, {"id": 3193, "name": "Reviewing the 3d model of Viewterra took me a lot ", "description": "-", "answer": "Not applicable", "comment": "", "typeOfQuestion": "radiobutton"}, {"id": 3194, "name": "Understanding the 3d model of Viewterra took me a ", "description": "-", "answer": "Not applicable", "comment": "", "typeOfQuestion": "radiobutton"}, {"id": 3195, "name": "The information provided by Viewterra was helpful ", "description": "-", "answer": "Agree", "comment": "", "typeOfQuestion": "radiobutton"}, {"id": 3196, "name": "The information received by the Viewterra was suff", "description": "-", "answer": "Agree", "comment": "", "typeOfQuestion": "radiobutton"}]}','null');
insert into aar_service.record (id, clientId, sessionId, createDate, trialDate, topic, recordType, headline, msgType, recordJson, recordData) values (2115,'TB-Ost','null','2019-09-13 11:40:56.864','2019-09-13 11:40:56.864','system_observer_tool_answer','ObserverToolAnswer','A new observation was reported by: Block4_Chemical_Spill-ASIGN_Field_Observer','Info','{"trialId": 13, "sessionId": 217, "answerId": 1607, "timeSendUTC": 1568367655, "timeWhen": 1568367655000, "observationTypeName": "Block4_Chemical_Spill-ASIGN_Field_Observer", "observervationTypeId": 1654, "observationTypeDescription": "How many years of professional experience do you have in crisis management? ", "description": "", "multiplicity": true, "questions": [{"id": 2839, "name": "How many years of professional experience do you h", "description": "-", "answer": "More than 15 years", "comment": "", "typeOfQuestion": "radiobutton"}]}','null');
insert into aar_service.record (id, clientId, sessionId, createDate, trialDate, topic, recordType, headline, msgType, recordJson, recordData) values (2116,'TB-Ost','null','2019-09-13 11:41:11.027','2019-09-13 11:41:11.027','system_observer_tool_answer','ObserverToolAnswer','A new observation was reported by: Block4_Chemical_Spill-ASIGN_Field_Observer','Info','{"trialId": 13, "sessionId": 217, "answerId": 1608, "timeSendUTC": 1568367669, "timeWhen": 1568367670000, "observationTypeName": "Block4_Chemical_Spill-ASIGN_Field_Observer", "observervationTypeId": 1655, "observationTypeDescription": "How much would you agree with the statement that you have experience and knowledge regarding volunteer management?", "description": "", "multiplicity": true, "questions": [{"id": 2838, "name": "How much would you agree with the statement that y", "description": "-", "answer": "Agree", "comment": "", "typeOfQuestion": "radiobutton"}]}','null');
insert into aar_service.record (id, clientId, sessionId, createDate, trialDate, topic, recordType, headline, msgType, recordJson, recordData) values (2117,'TB-Ost','null','2019-09-13 11:42:10.806','2019-09-13 11:42:10.806','system_observer_tool_answer','ObserverToolAnswer','A new observation was reported by: Block4_Chemical_Spill-CrowdTasker_Practitioner','Info','{"trialId": 13, "sessionId": 217, "answerId": 1609, "timeSendUTC": 1568367729, "timeWhen": 1568367730000, "observationTypeName": "Block4_Chemical_Spill-CrowdTasker_Practitioner", "observervationTypeId": 1625, "observationTypeDescription": "Question set", "description": "", "multiplicity": true, "questions": [{"id": 2967, "name": "Usability: The solution supports me with additiona", "description": "Please rate the following as compared to your daily work routine.", "answer": "Neutral", "comment": "", "typeOfQuestion": "radiobutton"}, {"id": 2968, "name": "It was too much information (Tasks)?", "description": "-", "answer": "Not applicable", "comment": "", "typeOfQuestion": "radiobutton"}, {"id": 2969, "name": "The information received by Crowdtasker was accura", "description": "-", "answer": "Neutral", "comment": "", "typeOfQuestion": "radiobutton"}, {"id": 2970, "name": "The information received by crowdtasker was reliab", "description": "-", "answer": "Agree", "comment": "", "typeOfQuestion": "radiobutton"}, {"id": 2971, "name": "Effectiveness: I would be able to manage my tasks ", "description": "Please rate the following as compared to your daily work routine.", "answer": "Agree", "comment": "", "typeOfQuestion": "radiobutton"}, {"id": 2972, "name": "Effectiveness: I would be able to complete my task", "description": "Please rate the following as compared to your daily work routine.", "answer": "Agree", "comment": "", "typeOfQuestion": "radiobutton"}, {"id": 2973, "name": "Efficiency: I would be able to complete my tasks f", "description": "Please rate the following as compared to your daily work routine.", "answer": "Agree", "comment": "", "typeOfQuestion": "radiobutton"}, {"id": 2974, "name": "Efficiency: I would be able to complete my tasks m", "description": "Please rate the following as compared to your daily work routine.", "answer": "Agree", "comment": "", "typeOfQuestion": "radiobutton"}, {"id": 2975, "name": "Usability: It would be easy to integrate this solu", "description": "Please rate the following as compared to your daily work routine.", "answer": "Agree", "comment": "", "typeOfQuestion": "radiobutton"}, {"id": 2976, "name": "Usability: The solution supports more detailed inf", "description": "Please rate the following as compared to your daily work routine.", "answer": "Agree", "comment": "", "typeOfQuestion": "radiobutton"}, {"id": 2977, "name": "Within the Crowdtasker there was a lot of repetiti", "description": "-", "answer": "Neutral", "comment": "", "typeOfQuestion": "radiobutton"}, {"id": 2978, "name": "Helpers that are not part of an emergency organisa", "description": "-", "answer": "Strongly agree", "comment": "", "typeOfQuestion": "radiobutton"}, {"id": 2979, "name": "Helpers that are not part of an emergency organisa", "description": "-", "answer": "Strongly agree", "comment": "", "typeOfQuestion": "radiobutton"}, {"id": 2980, "name": "Helpers that are not part of an emergency organisa", "description": "-", "answer": "Strongly agree", "comment": "", "typeOfQuestion": "radiobutton"}, {"id": 2981, "name": "Helpers that are not part of an emergency organisa", "description": "-", "answer": "Agree", "comment": "", "typeOfQuestion": "radiobutton"}, {"id": 2982, "name": "The information provided by Crowdtasker was helpfu", "description": "-", "answer": "Agree", "comment": "", "typeOfQuestion": "radiobutton"}, {"id": 2983, "name": "The information received by the Crowtasker was suf", "description": "-", "answer": "Agree", "comment": "", "typeOfQuestion": "radiobutton"}, {"id": 2984, "name": "Reviewing the information by crowdtasker took me a", "description": "-", "answer": "Disagree", "comment": "", "typeOfQuestion": "radiobutton"}, {"id": 2985, "name": "Satisfaction: Overall, I am satisfied with the use", "description": "Please rate the following as compared to your daily work routine.", "answer": "Strongly agree", "comment": "", "typeOfQuestion": "radiobutton"}]}','null');
insert into aar_service.record (id, clientId, sessionId, createDate, trialDate, topic, recordType, headline, msgType, recordJson, recordData) values (2118,'TB-Ost','null','2019-09-13 11:42:22.263','2019-09-13 11:42:22.263','system_observer_tool_answer','ObserverToolAnswer','A new observation was reported by: Block4_Chemical_Spill-ASIGN_Field_Observer','Info','{"trialId": 13, "sessionId": 217, "answerId": 1610, "timeSendUTC": 1568367740, "timeWhen": 1568367741000, "observationTypeName": "Block4_Chemical_Spill-ASIGN_Field_Observer", "observervationTypeId": 1656, "observationTypeDescription": "Users of the ASIGN mobile app received a warning when they entered the danger zone.", "description": "", "multiplicity": true, "questions": [{"id": 2837, "name": "Users of the ASIGN mobile app received a warning w", "description": "-", "answer": "Strongly agree", "comment": "Worked well.", "typeOfQuestion": "radiobutton"}]}','null');
insert into aar_service.record (id, clientId, sessionId, createDate, trialDate, topic, recordType, headline, msgType, recordJson, recordData) values (2126,'TB-Ost','null','2019-09-13 11:49:56.152','2019-09-13 11:49:56.152','system_observer_tool_answer','ObserverToolAnswer','A new observation was reported by: Block4_Chemical_Spill-ASIGN_Field_Observer','Info','{"trialId": 13, "sessionId": 217, "answerId": 1618, "timeSendUTC": 1568368194, "timeWhen": 1568368195000, "observationTypeName": "Block4_Chemical_Spill-ASIGN_Field_Observer", "observervationTypeId": 1659, "observationTypeDescription": "The volunteers know what to do when they recieve a message by ASIGN.  ", "description": "", "multiplicity": true, "questions": [{"id": 2841, "name": "The volunteers know what to do when they recieve a", "description": "-", "answer": "[Agree]", "comment": "In general, the practitioner was able to to understand the messages transmitted by ASIGN. In one case it was not clear to which location the mission referred, but this seems to be an artefact of the exercise.", "typeOfQuestion": "checkbox"}]}','null');
insert into aar_service.record (id, clientId, sessionId, createDate, trialDate, topic, recordType, headline, msgType, recordJson, recordData) values (2119,'TB-Ost','null','2019-09-13 11:42:59.808','2019-09-13 11:42:59.808','system_observer_tool_answer','ObserverToolAnswer','A new observation was reported by: Block4_Chemical_Spill-ASIGN_Participant','Info','{"trialId": 13, "sessionId": 217, "answerId": 1611, "timeSendUTC": 1568367778, "timeWhen": 1568367779000, "observationTypeName": "Block4_Chemical_Spill-ASIGN_Participant", "observervationTypeId": 1676, "observationTypeDescription": "Question set", "description": "", "multiplicity": true, "questions": [{"id": 2864, "name": "Was the information on the alert sufficient. ", "description": "-", "answer": "[Agree]", "comment": "Was very clear", "typeOfQuestion": "checkbox"}, {"id": 2865, "name": "There were situations when ASIGN made me aware tha", "description": "-", "answer": "[Agree]", "comment": "Thanks to the asign app i knew", "typeOfQuestion": "checkbox"}, {"id": 2866, "name": "I would not have know without ASIGN that i entered", "description": "-", "answer": "[Agree]", "comment": "No indication without asign app. ", "typeOfQuestion": "checkbox"}, {"id": 2867, "name": "I knew exactly what to do after receiving the aler", "description": "-", "answer": "[Agree]", "comment": "But it would be better to get also loud and clear sound when bunner or task is incoming", "typeOfQuestion": "checkbox"}, {"id": 2868, "name": "I had to talk to/ask the S3 since the information ", "description": "-", "answer": "[Not applicable]", "comment": "Just for technical other questions, like transportation to the site", "typeOfQuestion": "checkbox"}]}','null');
insert into aar_service.record (id, clientId, sessionId, createDate, trialDate, topic, recordType, headline, msgType, recordJson, recordData) values (2120,'TB-Ost','null','2019-09-13 11:43:01.132','2019-09-13 11:43:01.132','system_observer_tool_answer','ObserverToolAnswer','A new observation was reported by: Block4_Chemical_Spill-ASIGN_Practitioner','Info','{"trialId": 13, "sessionId": 217, "answerId": 1612, "timeSendUTC": 1568367779, "timeWhen": 1568367780000, "observationTypeName": "Block4_Chemical_Spill-ASIGN_Practitioner", "observervationTypeId": 1661, "observationTypeDescription": "Question set", "description": "", "multiplicity": true, "questions": [{"id": 2886, "name": "Usability: The solution supports more detailed inf", "description": "Please rate the following as compared to your daily work routine.", "answer": "Strongly agree", "comment": "", "typeOfQuestion": "radiobutton"}, {"id": 2887, "name": "Satisfaction: Overall, I am satisfied with the use", "description": "Please rate the following as compared to your daily work routine.", "answer": "Agree", "comment": "", "typeOfQuestion": "radiobutton"}, {"id": 2888, "name": "Usability: The solution supports me with additiona", "description": "Please rate the following as compared to your daily work routine.", "answer": "Strongly agree", "comment": "", "typeOfQuestion": "radiobutton"}, {"id": 2889, "name": "Usability: It would be easy to integrate this solu", "description": "Please rate the following as compared to your daily work routine.", "answer": "Agree", "comment": "", "typeOfQuestion": "radiobutton"}, {"id": 2890, "name": "Effectiveness: I would be able to manage my tasks ", "description": "Please rate the following as compared to your daily work routine.", "answer": "Strongly agree", "comment": "", "typeOfQuestion": "radiobutton"}, {"id": 2891, "name": "Effectiveness: I would be able to complete my task", "description": "Please rate the following as compared to your daily work routine.", "answer": "Strongly agree", "comment": "", "typeOfQuestion": "radiobutton"}, {"id": 2892, "name": "Efficiency: I would be able to complete my tasks f", "description": "Please rate the following as compared to your daily work routine.", "answer": "Strongly agree", "comment": "", "typeOfQuestion": "radiobutton"}, {"id": 2893, "name": "Efficiency: I would be able to complete my tasks m", "description": "Please rate the following as compared to your daily work routine.", "answer": "Strongly agree", "comment": "", "typeOfQuestion": "radiobutton"}]}','null');
insert into aar_service.record (id, clientId, sessionId, createDate, trialDate, topic, recordType, headline, msgType, recordJson, recordData) values (2121,'TB-Ost','null','2019-09-13 11:45:23.542','2019-09-13 11:45:23.542','system_observer_tool_answer','ObserverToolAnswer','A new observation was reported by: Block4_Chemical_Spill-DLR_Practitioner','Info','{"trialId": 13, "sessionId": 217, "answerId": 1613, "timeSendUTC": 1568367921, "timeWhen": 1568367923000, "observationTypeName": "Block4_Chemical_Spill-DLR_Practitioner", "observervationTypeId": 1714, "observationTypeDescription": "Question set", "description": "", "multiplicity": true, "questions": [{"id": 3044, "name": "I could assess the situation easily based on the p", "description": "-", "answer": "Agree", "comment": "", "typeOfQuestion": "radiobutton"}, {"id": 3045, "name": "The imagery that was shared was of sufficent quali", "description": "-", "answer": "Strongly agree", "comment": "", "typeOfQuestion": "radiobutton"}, {"id": 3046, "name": "A link to the Airborne imagery could be shared wit", "description": "-", "answer": "Strongly agree", "comment": "", "typeOfQuestion": "radiobutton"}, {"id": 3047, "name": "The quality of the Airborne imagery in the DLR-sof", "description": "-", "answer": "Strongly agree", "comment": "", "typeOfQuestion": "radiobutton"}, {"id": 3048, "name": "The time of receiving the Airborne imagery worked ", "description": "-", "answer": "Not applicable", "comment": "", "typeOfQuestion": "radiobutton"}, {"id": 3049, "name": "The information received by the DLR was accurate.", "description": "-", "answer": "Not applicable", "comment": "Cannot verify", "typeOfQuestion": "radiobutton"}, {"id": 3050, "name": "Effectiveness: I would be able to manage my tasks ", "description": "Please rate the following as compared to your daily work routine.", "answer": "Agree", "comment": "", "typeOfQuestion": "radiobutton"}, {"id": 3051, "name": "The information provided by DLR was helpful for fu", "description": "-", "answer": "Strongly agree", "comment": "", "typeOfQuestion": "radiobutton"}, {"id": 3052, "name": "Usability: The solution supports more detailed inf", "description": "Please rate the following as compared to your daily work routine.", "answer": "Strongly agree", "comment": "", "typeOfQuestion": "radiobutton"}, {"id": 3053, "name": "The time of requesting the Airborne imagery worked", "description": "-", "answer": "Not applicable", "comment": "", "typeOfQuestion": "radiobutton"}, {"id": 3054, "name": "The information received by the DLR was sufficient", "description": "-", "answer": "Agree", "comment": "", "typeOfQuestion": "radiobutton"}, {"id": 3055, "name": "Reviewing the maps of the DLR took me a lot of tim", "description": "-", "answer": "Strongly agree", "comment": "", "typeOfQuestion": "radiobutton"}, {"id": 3056, "name": "The information provided by the DLR was usefull fo", "description": "-", "answer": "Agree", "comment": "", "typeOfQuestion": "radiobutton"}, {"id": 3057, "name": "Effectiveness: I would be able to complete my task", "description": "Please rate the following as compared to your daily work routine.", "answer": "Agree", "comment": "", "typeOfQuestion": "radiobutton"}, {"id": 3058, "name": "Efficiency: I would be able to complete my tasks f", "description": "Please rate the following as compared to your daily work routine.", "answer": "Neutral", "comment": "", "typeOfQuestion": "radiobutton"}, {"id": 3059, "name": "Efficiency: I would be able to complete my tasks m", "description": "Please rate the following as compared to your daily work routine.", "answer": "Strongly agree", "comment": "", "typeOfQuestion": "radiobutton"}, {"id": 3060, "name": "Satisfaction: Overall, I am satisfied with the use", "description": "Please rate the following as compared to your daily work routine.", "answer": "Strongly agree", "comment": "", "typeOfQuestion": "radiobutton"}, {"id": 3061, "name": "Usability: The solution supports me with additiona", "description": "Please rate the following as compared to your daily work routine.", "answer": "Strongly agree", "comment": "", "typeOfQuestion": "radiobutton"}, {"id": 3062, "name": "Usability: It would be easy to integrate this solu", "description": "Please rate the following as compared to your daily work routine.", "answer": "Strongly agree", "comment": "", "typeOfQuestion": "radiobutton"}]}','null');
insert into aar_service.record (id, clientId, sessionId, createDate, trialDate, topic, recordType, headline, msgType, recordJson, recordData) values (2122,'TB-Ost','null','2019-09-13 11:46:12.863','2019-09-13 11:46:12.863','system_observer_tool_answer','ObserverToolAnswer','A new observation was reported by: Block4_Chemical_Spill-ASIGN_Field_Observer','Info','{"trialId": 13, "sessionId": 217, "answerId": 1614, "timeSendUTC": 1568367971, "timeWhen": 1568367972000, "observationTypeName": "Block4_Chemical_Spill-ASIGN_Field_Observer", "observervationTypeId": 1657, "observationTypeDescription": "User of the ASIGN mobile app correctly interpreted the warning message they received when entering the danger zone; they were able to make a decision about their next action based on this warning.", "description": "", "multiplicity": true, "questions": [{"id": 2836, "name": "User of the ASIGN mobile app correctly interpreted", "description": "-", "answer": "Agree", "comment": "Generally, the warning was understood. However, the practitioner took a photo before actually leaving the place. Moreover, it took us a few minutes to interpret the map provided by ASIGN correctly. In the beginning it was was difficult to find out if we had actually left the danger zone.", "typeOfQuestion": "radiobutton"}]}','null');
insert into aar_service.record (id, clientId, sessionId, createDate, trialDate, topic, recordType, headline, msgType, recordJson, recordData) values (2123,'TB-Ost','null','2019-09-13 11:46:22.186','2019-09-13 11:46:22.186','system_observer_tool_answer','ObserverToolAnswer','A new observation was reported by: Block4_Chemical_Spill-CrowdTasker_Practitioner','Info','{"trialId": 13, "sessionId": 217, "answerId": 1615, "timeSendUTC": 1568367980, "timeWhen": 1568367982000, "observationTypeName": "Block4_Chemical_Spill-CrowdTasker_Practitioner", "observervationTypeId": 1625, "observationTypeDescription": "Question set", "description": "", "multiplicity": true, "questions": [{"id": 2967, "name": "Usability: The solution supports me with additiona", "description": "Please rate the following as compared to your daily work routine.", "answer": "Not applicable", "comment": "", "typeOfQuestion": "radiobutton"}, {"id": 2968, "name": "It was too much information (Tasks)?", "description": "-", "answer": "Not applicable", "comment": "", "typeOfQuestion": "radiobutton"}, {"id": 2969, "name": "The information received by Crowdtasker was accura", "description": "-", "answer": "Neutral", "comment": "", "typeOfQuestion": "radiobutton"}, {"id": 2970, "name": "The information received by crowdtasker was reliab", "description": "-", "answer": "Disagree", "comment": "Received info about collapsed build - not part of the game not requested ", "typeOfQuestion": "radiobutton"}, {"id": 2971, "name": "Effectiveness: I would be able to manage my tasks ", "description": "Please rate the following as compared to your daily work routine.", "answer": "Agree", "comment": "", "typeOfQuestion": "radiobutton"}, {"id": 2972, "name": "Effectiveness: I would be able to complete my task", "description": "Please rate the following as compared to your daily work routine.", "answer": "Agree", "comment": "", "typeOfQuestion": "radiobutton"}, {"id": 2973, "name": "Efficiency: I would be able to complete my tasks f", "description": "Please rate the following as compared to your daily work routine.", "answer": "Agree", "comment": "", "typeOfQuestion": "radiobutton"}, {"id": 2974, "name": "Efficiency: I would be able to complete my tasks m", "description": "Please rate the following as compared to your daily work routine.", "answer": "Not applicable", "comment": "", "typeOfQuestion": "radiobutton"}, {"id": 2975, "name": "Usability: It would be easy to integrate this solu", "description": "Please rate the following as compared to your daily work routine.", "answer": "Disagree", "comment": "", "typeOfQuestion": "radiobutton"}, {"id": 2976, "name": "Usability: The solution supports more detailed inf", "description": "Please rate the following as compared to your daily work routine.", "answer": "Not applicable", "comment": "", "typeOfQuestion": "radiobutton"}, {"id": 2977, "name": "Within the Crowdtasker there was a lot of repetiti", "description": "-", "answer": "Not applicable", "comment": "", "typeOfQuestion": "radiobutton"}, {"id": 2978, "name": "Helpers that are not part of an emergency organisa", "description": "-", "answer": "Agree", "comment": "", "typeOfQuestion": "radiobutton"}, {"id": 2979, "name": "Helpers that are not part of an emergency organisa", "description": "-", "answer": "Agree", "comment": "", "typeOfQuestion": "radiobutton"}, {"id": 2980, "name": "Helpers that are not part of an emergency organisa", "description": "-", "answer": "Agree", "comment": "", "typeOfQuestion": "radiobutton"}, {"id": 2981, "name": "Helpers that are not part of an emergency organisa", "description": "-", "answer": "Neutral", "comment": "", "typeOfQuestion": "radiobutton"}, {"id": 2982, "name": "The information provided by Crowdtasker was helpfu", "description": "-", "answer": "Not applicable", "comment": "", "typeOfQuestion": "radiobutton"}, {"id": 2983, "name": "The information received by the Crowtasker was suf", "description": "-", "answer": "Not applicable", "comment": "", "typeOfQuestion": "radiobutton"}, {"id": 2984, "name": "Reviewing the information by crowdtasker took me a", "description": "-", "answer": "Not applicable", "comment": "", "typeOfQuestion": "radiobutton"}, {"id": 2985, "name": "Satisfaction: Overall, I am satisfied with the use", "description": "Please rate the following as compared to your daily work routine.", "answer": "Neutral", "comment": "", "typeOfQuestion": "radiobutton"}]}','null');
insert into aar_service.record (id, clientId, sessionId, createDate, trialDate, topic, recordType, headline, msgType, recordJson, recordData) values (2124,'TB-Ost','null','2019-09-13 11:47:30.597','2019-09-13 11:47:30.597','system_observer_tool_answer','ObserverToolAnswer','A new observation was reported by: Block4_Chemical_Spill-ASIGN_Field_Observer','Info','{"trialId": 13, "sessionId": 217, "answerId": 1616, "timeSendUTC": 1568368049, "timeWhen": 1568368049000, "observationTypeName": "Block4_Chemical_Spill-ASIGN_Field_Observer", "observervationTypeId": 1658, "observationTypeDescription": "With the help of ASIGN responders inside of the danger zone could receive the \u201Cdo not enter! Leave now!\u201D alarm.", "description": "", "multiplicity": true, "questions": [{"id": 2842, "name": "With the help of ASIGN responders inside of the da", "description": "-", "answer": "Agree", "comment": "The message was correctly received.", "typeOfQuestion": "radiobutton"}]}','null');
insert into aar_service.record (id, clientId, sessionId, createDate, trialDate, topic, recordType, headline, msgType, recordJson, recordData) values (2125,'TB-Ost','null','2019-09-13 11:48:41.344','2019-09-13 11:48:41.344','system_observer_tool_answer','ObserverToolAnswer','A new observation was reported by: Block4_Chemical_Spill-ASIGN_Practitioner','Info','{"trialId": 13, "sessionId": 217, "answerId": 1617, "timeSendUTC": 1568368119, "timeWhen": 1568368121000, "observationTypeName": "Block4_Chemical_Spill-ASIGN_Practitioner", "observervationTypeId": 1661, "observationTypeDescription": "Question set", "description": "", "multiplicity": true, "questions": [{"id": 2886, "name": "Usability: The solution supports more detailed inf", "description": "Please rate the following as compared to your daily work routine.", "answer": "Agree", "comment": "", "typeOfQuestion": "radiobutton"}, {"id": 2887, "name": "Satisfaction: Overall, I am satisfied with the use", "description": "Please rate the following as compared to your daily work routine.", "answer": "Agree", "comment": "", "typeOfQuestion": "radiobutton"}, {"id": 2888, "name": "Usability: The solution supports me with additiona", "description": "Please rate the following as compared to your daily work routine.", "answer": "Agree", "comment": "", "typeOfQuestion": "radiobutton"}, {"id": 2889, "name": "Usability: It would be easy to integrate this solu", "description": "Please rate the following as compared to your daily work routine.", "answer": "Neutral", "comment": "", "typeOfQuestion": "radiobutton"}, {"id": 2890, "name": "Effectiveness: I would be able to manage my tasks ", "description": "Please rate the following as compared to your daily work routine.", "answer": "Agree", "comment": "", "typeOfQuestion": "radiobutton"}, {"id": 2891, "name": "Effectiveness: I would be able to complete my task", "description": "Please rate the following as compared to your daily work routine.", "answer": "Agree", "comment": "", "typeOfQuestion": "radiobutton"}, {"id": 2892, "name": "Efficiency: I would be able to complete my tasks f", "description": "Please rate the following as compared to your daily work routine.", "answer": "Neutral", "comment": "", "typeOfQuestion": "radiobutton"}, {"id": 2893, "name": "Efficiency: I would be able to complete my tasks m", "description": "Please rate the following as compared to your daily work routine.", "answer": "Neutral", "comment": "", "typeOfQuestion": "radiobutton"}]}','null');
insert into aar_service.record (id, clientId, sessionId, createDate, trialDate, topic, recordType, headline, msgType, recordJson, recordData) values (2184,'TB-TrialMgmt','null','2019-09-13 14:04:32.235','2019-09-13 14:04:32.235','system_tm_phase_message','PhaseMessage','INCIDENT, state: true','Info','{"id": "a1b041c7-3322-47b3-bd5f-82124d74ce0c", "phase": "INCIDENT", "isStarting": true, "alternativeName": null}','null');
insert into aar_service.record (id, clientId, sessionId, createDate, trialDate, topic, recordType, headline, msgType, recordJson, recordData) values (2127,'TB-Ost','null','2019-09-13 11:51:30.671','2019-09-13 11:51:30.671','system_observer_tool_answer','ObserverToolAnswer','A new observation was reported by: Block4_Chemical_Spill-ASIGN_Field_Observer','Info','{"trialId": 13, "sessionId": 217, "answerId": 1619, "timeSendUTC": 1568368289, "timeWhen": 1568368289000, "observationTypeName": "Block4_Chemical_Spill-ASIGN_Field_Observer", "observervationTypeId": 1660, "observationTypeDescription": "Volunters were acting safely (being careful when crossing streets, taking photos from a safe distance).", "description": "", "multiplicity": true, "questions": [{"id": 2840, "name": "Volunters were acting safely (being careful when c", "description": "-", "answer": "[Agree]", "comment": "The practitioner acted safely with the exception of the first warning message where he took a photo before actually leaving the place.", "typeOfQuestion": "checkbox"}]}','null');
insert into aar_service.record (id, clientId, sessionId, createDate, trialDate, topic, recordType, headline, msgType, recordJson, recordData) values (2128,'TB-Ost','null','2019-09-13 11:52:09.31','2019-09-13 11:52:09.31','system_observer_tool_answer','ObserverToolAnswer','A new observation was reported by: Block4_Chemical_Spill-DLR_Practitioner','Info','{"trialId": 13, "sessionId": 217, "answerId": 1620, "timeSendUTC": 1568368327, "timeWhen": 1568368329000, "observationTypeName": "Block4_Chemical_Spill-DLR_Practitioner", "observervationTypeId": 1714, "observationTypeDescription": "Question set", "description": "", "multiplicity": true, "questions": [{"id": 3044, "name": "I could assess the situation easily based on the p", "description": "-", "answer": "Strongly agree", "comment": "", "typeOfQuestion": "radiobutton"}, {"id": 3045, "name": "The imagery that was shared was of sufficent quali", "description": "-", "answer": "Strongly agree", "comment": "", "typeOfQuestion": "radiobutton"}, {"id": 3046, "name": "A link to the Airborne imagery could be shared wit", "description": "-", "answer": "Agree", "comment": "", "typeOfQuestion": "radiobutton"}, {"id": 3047, "name": "The quality of the Airborne imagery in the DLR-sof", "description": "-", "answer": "Strongly agree", "comment": "", "typeOfQuestion": "radiobutton"}, {"id": 3048, "name": "The time of receiving the Airborne imagery worked ", "description": "-", "answer": "Agree", "comment": "", "typeOfQuestion": "radiobutton"}, {"id": 3049, "name": "The information received by the DLR was accurate.", "description": "-", "answer": "Strongly agree", "comment": "", "typeOfQuestion": "radiobutton"}, {"id": 3050, "name": "Effectiveness: I would be able to manage my tasks ", "description": "Please rate the following as compared to your daily work routine.", "answer": "Agree", "comment": "", "typeOfQuestion": "radiobutton"}, {"id": 3051, "name": "The information provided by DLR was helpful for fu", "description": "-", "answer": "Strongly agree", "comment": "", "typeOfQuestion": "radiobutton"}, {"id": 3052, "name": "Usability: The solution supports more detailed inf", "description": "Please rate the following as compared to your daily work routine.", "answer": "Strongly agree", "comment": "", "typeOfQuestion": "radiobutton"}, {"id": 3053, "name": "The time of requesting the Airborne imagery worked", "description": "-", "answer": "Agree", "comment": "", "typeOfQuestion": "radiobutton"}, {"id": 3054, "name": "The information received by the DLR was sufficient", "description": "-", "answer": "Strongly agree", "comment": "", "typeOfQuestion": "radiobutton"}, {"id": 3055, "name": "Reviewing the maps of the DLR took me a lot of tim", "description": "-", "answer": "Agree", "comment": "", "typeOfQuestion": "radiobutton"}, {"id": 3056, "name": "The information provided by the DLR was usefull fo", "description": "-", "answer": "Strongly agree", "comment": "", "typeOfQuestion": "radiobutton"}, {"id": 3057, "name": "Effectiveness: I would be able to complete my task", "description": "Please rate the following as compared to your daily work routine.", "answer": "Agree", "comment": "", "typeOfQuestion": "radiobutton"}, {"id": 3058, "name": "Efficiency: I would be able to complete my tasks f", "description": "Please rate the following as compared to your daily work routine.", "answer": "Neutral", "comment": "", "typeOfQuestion": "radiobutton"}, {"id": 3059, "name": "Efficiency: I would be able to complete my tasks m", "description": "Please rate the following as compared to your daily work routine.", "answer": "Agree", "comment": "", "typeOfQuestion": "radiobutton"}, {"id": 3060, "name": "Satisfaction: Overall, I am satisfied with the use", "description": "Please rate the following as compared to your daily work routine.", "answer": "Agree", "comment": "", "typeOfQuestion": "radiobutton"}, {"id": 3061, "name": "Usability: The solution supports me with additiona", "description": "Please rate the following as compared to your daily work routine.", "answer": "Agree", "comment": "", "typeOfQuestion": "radiobutton"}, {"id": 3062, "name": "Usability: It would be easy to integrate this solu", "description": "Please rate the following as compared to your daily work routine.", "answer": "Agree", "comment": "", "typeOfQuestion": "radiobutton"}]}','null');
insert into aar_service.record (id, clientId, sessionId, createDate, trialDate, topic, recordType, headline, msgType, recordJson, recordData) values (2129,'asign_photo','null','2019-09-13 11:55:10.73','2019-09-13 11:55:10.73','photo_geojson','FeatureCollection','null','Info','{"type": "FeatureCollection", "bbox": null, "features": [{"type": "Feature", "bbox": null, "geometry": {"type": "Point", "coordinates": [14.86094, 47.560131]}, "properties": {"id": 27368, "priority": 3, "viewed": false, "signature": "d28a5ab5fcbbfa2b2f26b39c037bf883", "instant": "2019-09-11 12:57:46", "created": "2019-09-11 12:52:47", "updated": "2019-09-13 09:54:58.032944", "caption": "", "interpretation": null, "meta": {"Source": {"filename": "original.jpg", "camera_make": "samsung", "width": 2592, "size": 4672548, "height": 4608, "direction": 64.0, "camera_model": "SM-A600FN", "field_of_view": null}}, "version": null, "application_id": "42849635-7918-4c20-8d37-a470bed9a75e", "seen": null, "started": null, "stopped": null, "location_latitude": 47.560131, "location_longitude": 14.86094, "location_time": "2019-09-11 12:57:38", "location_accuracy": 19.105, "location_altitude": 721.099976, "location_provider": null, "location_speed": null, "location_meta": null, "mission_id": null, "mission_name": null, "thumbnail_hash": "efebd95b1312c5889d5df9c950fc6cd2", "preview_hash": "cf7714681bcb2afb2b04bdcd4c4e1ddd", "category_id": null, "category_name": null, "application_device_type": 2, "application_last_login": "2019-09-13 09:53:08.137299", "application_phone": null, "application_last_rate": null, "application_updated": "2019-09-13 09:54:41.47359", "application_created": "2019-09-11 09:37:34.509266", "application_application_type": 4, "application_connection_type": 1, "application_connection_state": 0, "user_name": "driver13", "user_id": 812, "user_username": "driver13", "user_color": "EC0E0E", "user_connection_type": 0, "user_last_login": null, "user_last_rate": null, "observation_url": "https://thor.ansur.no/signs/processing/27368", "observation_type": "photo", "preview_url": "https://thor.ansur.no/display/file/cf7714681bcb2afb2b04bdcd4c4e1ddd/driver13/d28a5ab5fcbbfa2b2f26b39c037bf883/preview.jpg", "preview_with_overlay_url": "https://thor.ansur.no/display/displayWithOverlays/cf7714681bcb2afb2b04bdcd4c4e1ddd/driver13/d28a5ab5fcbbfa2b2f26b39c037bf883/preview.jpg", "thumbnail_url": "https://thor.ansur.no/display/file/efebd95b1312c5889d5df9c950fc6cd2/driver13/d28a5ab5fcbbfa2b2f26b39c037bf883/thumb.jpg", "files": [{"id": 83070, "file_type": 1, "size": 4672548, "state": 0, "created": "2019-09-11 12:52:47", "request_until": null, "meta": null, "hash": "d28a5ab5fcbbfa2b2f26b39c037bf883", "url": null}, {"id": 83071, "file_type": 0, "size": 25139, "state": 3, "created": "2019-09-11 12:52:47", "request_until": "2019-10-11 12:52:47", "meta": null, "hash": "cf7714681bcb2afb2b04bdcd4c4e1ddd", "url": "https://thor.ansur.no/display/media/83071/driver13/d28a5ab5fcbbfa2b2f26b39c037bf883/preview.jpg"}, {"id": 83072, "file_type": 3, "size": 28589, "state": 3, "created": "2019-09-11 12:53:04", "request_until": null, "meta": "", "hash": "efebd95b1312c5889d5df9c950fc6cd2", "url": "https://thor.ansur.no/display/media/83072/driver13/d28a5ab5fcbbfa2b2f26b39c037bf883/thumb.jpg"}, {"id": 83073, "file_type": 11, "size": 3359, "state": 3, "created": "2019-09-11 12:53:05", "request_until": null, "meta": null, "hash": "5ac77427f62f5eb700a557baa2142846", "url": "https://thor.ansur.no/display/media/83073/driver13/d28a5ab5fcbbfa2b2f26b39c037bf883/audio_caption_1568206385.6974.m4a"}, {"id": 83231, "file_type": 2, "size": 112920, "state": 3, "created": "2019-09-13 09:54:52", "request_until": "2019-10-13 09:54:52", "meta": {"Region": {"x": 1123, "y": 3726, "width": 968, "height": 496, "scale": 1.0, "quality": 90}}, "hash": "51073c789d14f4ae35bfd7b899a385f9", "url": "https://thor.ansur.no/display/media/83231/driver13/d28a5ab5fcbbfa2b2f26b39c037bf883/roi_1388027153.jpg"}]}}]}','null');
insert into aar_service.file (id, name, mimeType, url, record_id) values (299,'record/attachements/d28a5ab5fcbbfa2b2f26b39c037bf883/preview.jpg','null','https://thor.ansur.no/display/media/83071/driver13/d28a5ab5fcbbfa2b2f26b39c037bf883/preview.jpg',2129);
insert into aar_service.file (id, name, mimeType, url, record_id) values (300,'record/attachements/d28a5ab5fcbbfa2b2f26b39c037bf883/thumb.jpg','null','https://thor.ansur.no/display/media/83072/driver13/d28a5ab5fcbbfa2b2f26b39c037bf883/thumb.jpg',2129);
insert into aar_service.file (id, name, mimeType, url, record_id) values (301,'record/attachements/d28a5ab5fcbbfa2b2f26b39c037bf883/audio_caption_1568206385.6974.m4a','null','https://thor.ansur.no/display/media/83073/driver13/d28a5ab5fcbbfa2b2f26b39c037bf883/audio_caption_1568206385.6974.m4a',2129);
insert into aar_service.file (id, name, mimeType, url, record_id) values (302,'record/attachements/d28a5ab5fcbbfa2b2f26b39c037bf883/roi_1388027153.jpg','null','https://thor.ansur.no/display/media/83231/driver13/d28a5ab5fcbbfa2b2f26b39c037bf883/roi_1388027153.jpg',2129);
insert into aar_service.record (id, clientId, sessionId, createDate, trialDate, topic, recordType, headline, msgType, recordJson, recordData) values (2130,'asign_photo','null','2019-09-13 11:56:45.807','2019-09-13 11:56:45.807','photo_geojson','FeatureCollection','Chemical Spill - Under Control','Info','{"type": "FeatureCollection", "bbox": null, "features": [{"type": "Feature", "bbox": null, "geometry": {"type": "Point", "coordinates": [14.859306, 47.560486]}, "properties": {"id": 27421, "priority": 0, "viewed": false, "signature": "f4077f292543042e9ee9ac130a8dda9d", "instant": "2019-09-13 09:55:56", "created": "2019-09-13 09:56:34", "updated": "2019-09-13 09:56:37.128016", "caption": "", "interpretation": null, "meta": {"Source": {"filename": "original.jpg", "camera_make": null, "width": 1500, "size": 1134261, "height": 750, "direction": 0.0, "camera_model": null, "field_of_view": null}}, "version": null, "application_id": "8f0cf7ac-92b4-47d1-9745-a393e18e71b7", "seen": null, "started": null, "stopped": null, "location_latitude": 47.560486, "location_longitude": 14.859306, "location_time": "2019-09-13 09:55:56", "location_accuracy": 0.0, "location_altitude": 0.0, "location_provider": null, "location_speed": null, "location_meta": null, "mission_id": 254, "mission_name": "Chemical Spill - Under Control", "thumbnail_hash": "52831aa7844ae4bd7fcacf66e83ae668", "preview_hash": "a29cbc8b9d1fb368e629816b5bcfb050", "category_id": null, "category_name": null, "application_device_type": 3, "application_last_login": "2019-09-13 09:56:15.456567", "application_phone": null, "application_last_rate": null, "application_updated": "2019-09-13 09:56:15.456567", "application_created": "2019-08-21 15:12:07.427551", "application_application_type": 4, "application_connection_type": 1, "application_connection_state": 1, "user_name": "driver10", "user_id": 807, "user_username": "driver10", "user_color": "DA1A1A", "user_connection_type": 0, "user_last_login": null, "user_last_rate": null, "observation_url": "https://thor.ansur.no/signs/processing/27421", "observation_type": "photo", "preview_url": "https://thor.ansur.no/display/file/a29cbc8b9d1fb368e629816b5bcfb050/driver10/f4077f292543042e9ee9ac130a8dda9d/preview.jpg", "preview_with_overlay_url": "https://thor.ansur.no/display/displayWithOverlays/a29cbc8b9d1fb368e629816b5bcfb050/driver10/f4077f292543042e9ee9ac130a8dda9d/preview.jpg", "thumbnail_url": "https://thor.ansur.no/display/file/52831aa7844ae4bd7fcacf66e83ae668/driver10/f4077f292543042e9ee9ac130a8dda9d/thumb.jpg", "files": [{"id": 83232, "file_type": 1, "size": 1134261, "state": 0, "created": "2019-09-13 09:56:34", "request_until": null, "meta": null, "hash": "f4077f292543042e9ee9ac130a8dda9d", "url": null}, {"id": 83233, "file_type": 0, "size": 20101, "state": 3, "created": "2019-09-13 09:56:34", "request_until": "2019-10-13 09:56:34", "meta": null, "hash": "a29cbc8b9d1fb368e629816b5bcfb050", "url": "https://thor.ansur.no/display/media/83233/driver10/f4077f292543042e9ee9ac130a8dda9d/preview.jpg"}, {"id": 83234, "file_type": 3, "size": 8822, "state": 3, "created": "2019-09-13 09:56:37", "request_until": null, "meta": "", "hash": "52831aa7844ae4bd7fcacf66e83ae668", "url": "https://thor.ansur.no/display/media/83234/driver10/f4077f292543042e9ee9ac130a8dda9d/thumb.jpg"}]}}]}','null');
insert into aar_service.file (id, name, mimeType, url, record_id) values (303,'record/attachements/f4077f292543042e9ee9ac130a8dda9d/preview.jpg','null','https://thor.ansur.no/display/media/83233/driver10/f4077f292543042e9ee9ac130a8dda9d/preview.jpg',2130);
insert into aar_service.file (id, name, mimeType, url, record_id) values (304,'record/attachements/f4077f292543042e9ee9ac130a8dda9d/thumb.jpg','null','https://thor.ansur.no/display/media/83234/driver10/f4077f292543042e9ee9ac130a8dda9d/thumb.jpg',2130);
insert into aar_service.record (id, clientId, sessionId, createDate, trialDate, topic, recordType, headline, msgType, recordJson, recordData) values (2131,'asign_photo','null','2019-09-13 11:57:25.877','2019-09-13 11:57:25.877','photo_geojson','FeatureCollection','Chemical Spill - Under Control','Info','{"type": "FeatureCollection", "bbox": null, "features": [{"type": "Feature", "bbox": null, "geometry": {"type": "Point", "coordinates": [14.859306, 47.560486]}, "properties": {"id": 27421, "priority": 0, "viewed": true, "signature": "f4077f292543042e9ee9ac130a8dda9d", "instant": "2019-09-13 09:55:56", "created": "2019-09-13 09:56:34", "updated": "2019-09-13 09:57:20.541732", "caption": "", "interpretation": null, "meta": {"Source": {"filename": "original.jpg", "camera_make": null, "width": 1500, "size": 1134261, "height": 750, "direction": 0.0, "camera_model": null, "field_of_view": null}}, "version": null, "application_id": "8f0cf7ac-92b4-47d1-9745-a393e18e71b7", "seen": "2019-09-13 09:57:20", "started": null, "stopped": null, "location_latitude": 47.560486, "location_longitude": 14.859306, "location_time": "2019-09-13 09:55:56", "location_accuracy": 0.0, "location_altitude": 0.0, "location_provider": null, "location_speed": null, "location_meta": null, "mission_id": 254, "mission_name": "Chemical Spill - Under Control", "thumbnail_hash": "52831aa7844ae4bd7fcacf66e83ae668", "preview_hash": "a29cbc8b9d1fb368e629816b5bcfb050", "category_id": null, "category_name": null, "application_device_type": 3, "application_last_login": "2019-09-13 09:56:15.456567", "application_phone": null, "application_last_rate": null, "application_updated": "2019-09-13 09:56:15.456567", "application_created": "2019-08-21 15:12:07.427551", "application_application_type": 4, "application_connection_type": 1, "application_connection_state": 1, "user_name": "driver10", "user_id": 807, "user_username": "driver10", "user_color": "DA1A1A", "user_connection_type": 0, "user_last_login": null, "user_last_rate": null, "observation_url": "https://thor.ansur.no/signs/processing/27421", "observation_type": "photo", "preview_url": "https://thor.ansur.no/display/file/a29cbc8b9d1fb368e629816b5bcfb050/driver10/f4077f292543042e9ee9ac130a8dda9d/preview.jpg", "preview_with_overlay_url": "https://thor.ansur.no/display/displayWithOverlays/a29cbc8b9d1fb368e629816b5bcfb050/driver10/f4077f292543042e9ee9ac130a8dda9d/preview.jpg", "thumbnail_url": "https://thor.ansur.no/display/file/52831aa7844ae4bd7fcacf66e83ae668/driver10/f4077f292543042e9ee9ac130a8dda9d/thumb.jpg", "files": [{"id": 83232, "file_type": 1, "size": 1134261, "state": 0, "created": "2019-09-13 09:56:34", "request_until": null, "meta": null, "hash": "f4077f292543042e9ee9ac130a8dda9d", "url": null}, {"id": 83233, "file_type": 0, "size": 20101, "state": 3, "created": "2019-09-13 09:56:34", "request_until": "2019-10-13 09:56:34", "meta": null, "hash": "a29cbc8b9d1fb368e629816b5bcfb050", "url": "https://thor.ansur.no/display/media/83233/driver10/f4077f292543042e9ee9ac130a8dda9d/preview.jpg"}, {"id": 83234, "file_type": 3, "size": 8822, "state": 3, "created": "2019-09-13 09:56:37", "request_until": null, "meta": "", "hash": "52831aa7844ae4bd7fcacf66e83ae668", "url": "https://thor.ansur.no/display/media/83234/driver10/f4077f292543042e9ee9ac130a8dda9d/thumb.jpg"}]}}]}','null');
insert into aar_service.file (id, name, mimeType, url, record_id) values (305,'record/attachements/f4077f292543042e9ee9ac130a8dda9d/preview.jpg','null','https://thor.ansur.no/display/media/83233/driver10/f4077f292543042e9ee9ac130a8dda9d/preview.jpg',2131);
insert into aar_service.file (id, name, mimeType, url, record_id) values (306,'record/attachements/f4077f292543042e9ee9ac130a8dda9d/thumb.jpg','null','https://thor.ansur.no/display/media/83234/driver10/f4077f292543042e9ee9ac130a8dda9d/thumb.jpg',2131);
insert into aar_service.record (id, clientId, sessionId, createDate, trialDate, topic, recordType, headline, msgType, recordJson, recordData) values (2132,'asign_photo','null','2019-09-13 11:57:45.962','2019-09-13 11:57:45.962','photo_geojson','FeatureCollection','Chemical Spill - Under Control','Info','{"type": "FeatureCollection", "bbox": null, "features": [{"type": "Feature", "bbox": null, "geometry": {"type": "Point", "coordinates": [14.859306, 47.560486]}, "properties": {"id": 27421, "priority": 0, "viewed": true, "signature": "f4077f292543042e9ee9ac130a8dda9d", "instant": "2019-09-13 09:55:56", "created": "2019-09-13 09:56:34", "updated": "2019-09-13 09:57:43.351228", "caption": "", "interpretation": null, "meta": {"Source": {"filename": "original.jpg", "camera_make": null, "width": 1500, "size": 1134261, "height": 750, "direction": 0.0, "camera_model": null, "field_of_view": null}}, "version": null, "application_id": "8f0cf7ac-92b4-47d1-9745-a393e18e71b7", "seen": "2019-09-13 09:57:20", "started": null, "stopped": null, "location_latitude": 47.560486, "location_longitude": 14.859306, "location_time": "2019-09-13 09:55:56", "location_accuracy": 0.0, "location_altitude": 0.0, "location_provider": null, "location_speed": null, "location_meta": null, "mission_id": 254, "mission_name": "Chemical Spill - Under Control", "thumbnail_hash": "52831aa7844ae4bd7fcacf66e83ae668", "preview_hash": "a29cbc8b9d1fb368e629816b5bcfb050", "category_id": null, "category_name": null, "application_device_type": 3, "application_last_login": "2019-09-13 09:56:15.456567", "application_phone": null, "application_last_rate": null, "application_updated": "2019-09-13 09:56:15.456567", "application_created": "2019-08-21 15:12:07.427551", "application_application_type": 4, "application_connection_type": 1, "application_connection_state": 1, "user_name": "driver10", "user_id": 807, "user_username": "driver10", "user_color": "DA1A1A", "user_connection_type": 0, "user_last_login": null, "user_last_rate": null, "observation_url": "https://thor.ansur.no/signs/processing/27421", "observation_type": "photo", "preview_url": "https://thor.ansur.no/display/file/a29cbc8b9d1fb368e629816b5bcfb050/driver10/f4077f292543042e9ee9ac130a8dda9d/preview.jpg", "preview_with_overlay_url": "https://thor.ansur.no/display/displayWithOverlays/a29cbc8b9d1fb368e629816b5bcfb050/driver10/f4077f292543042e9ee9ac130a8dda9d/preview.jpg", "thumbnail_url": "https://thor.ansur.no/display/file/52831aa7844ae4bd7fcacf66e83ae668/driver10/f4077f292543042e9ee9ac130a8dda9d/thumb.jpg", "files": [{"id": 83232, "file_type": 1, "size": 1134261, "state": 0, "created": "2019-09-13 09:56:34", "request_until": null, "meta": null, "hash": "f4077f292543042e9ee9ac130a8dda9d", "url": null}, {"id": 83233, "file_type": 0, "size": 20101, "state": 3, "created": "2019-09-13 09:56:34", "request_until": "2019-10-13 09:56:34", "meta": null, "hash": "a29cbc8b9d1fb368e629816b5bcfb050", "url": "https://thor.ansur.no/display/media/83233/driver10/f4077f292543042e9ee9ac130a8dda9d/preview.jpg"}, {"id": 83234, "file_type": 3, "size": 8822, "state": 3, "created": "2019-09-13 09:56:37", "request_until": null, "meta": "", "hash": "52831aa7844ae4bd7fcacf66e83ae668", "url": "https://thor.ansur.no/display/media/83234/driver10/f4077f292543042e9ee9ac130a8dda9d/thumb.jpg"}, {"id": 83235, "file_type": 2, "size": null, "state": 0, "created": "2019-09-13 09:57:43", "request_until": "2019-10-13 09:57:43", "meta": {"Region": {"x": 0, "y": 52, "width": 1500, "height": 698, "scale": 1.0, "quality": 90}}, "hash": null, "url": null}]}}]}','null');
insert into aar_service.file (id, name, mimeType, url, record_id) values (307,'record/attachements/f4077f292543042e9ee9ac130a8dda9d/preview.jpg','null','https://thor.ansur.no/display/media/83233/driver10/f4077f292543042e9ee9ac130a8dda9d/preview.jpg',2132);
insert into aar_service.file (id, name, mimeType, url, record_id) values (308,'record/attachements/f4077f292543042e9ee9ac130a8dda9d/thumb.jpg','null','https://thor.ansur.no/display/media/83234/driver10/f4077f292543042e9ee9ac130a8dda9d/thumb.jpg',2132);
insert into aar_service.record (id, clientId, sessionId, createDate, trialDate, topic, recordType, headline, msgType, recordJson, recordData) values (2133,'asign_photo','null','2019-09-13 11:58:01.098','2019-09-13 11:58:01.098','photo_geojson','FeatureCollection','Chemical Spill - Under Control','Info','{"type": "FeatureCollection", "bbox": null, "features": [{"type": "Feature", "bbox": null, "geometry": {"type": "Point", "coordinates": [14.859306, 47.560486]}, "properties": {"id": 27421, "priority": 0, "viewed": true, "signature": "f4077f292543042e9ee9ac130a8dda9d", "instant": "2019-09-13 09:55:56", "created": "2019-09-13 09:56:34", "updated": "2019-09-13 09:57:48.552241", "caption": "", "interpretation": null, "meta": {"Source": {"filename": "original.jpg", "camera_make": null, "width": 1500, "size": 1134261, "height": 750, "direction": 0.0, "camera_model": null, "field_of_view": null}}, "version": null, "application_id": "8f0cf7ac-92b4-47d1-9745-a393e18e71b7", "seen": "2019-09-13 09:57:20", "started": null, "stopped": null, "location_latitude": 47.560486, "location_longitude": 14.859306, "location_time": "2019-09-13 09:55:56", "location_accuracy": 0.0, "location_altitude": 0.0, "location_provider": null, "location_speed": null, "location_meta": null, "mission_id": 254, "mission_name": "Chemical Spill - Under Control", "thumbnail_hash": "52831aa7844ae4bd7fcacf66e83ae668", "preview_hash": "a29cbc8b9d1fb368e629816b5bcfb050", "category_id": null, "category_name": null, "application_device_type": 3, "application_last_login": "2019-09-13 09:56:15.456567", "application_phone": null, "application_last_rate": null, "application_updated": "2019-09-13 09:56:15.456567", "application_created": "2019-08-21 15:12:07.427551", "application_application_type": 4, "application_connection_type": 1, "application_connection_state": 1, "user_name": "driver10", "user_id": 807, "user_username": "driver10", "user_color": "DA1A1A", "user_connection_type": 0, "user_last_login": null, "user_last_rate": null, "observation_url": "https://thor.ansur.no/signs/processing/27421", "observation_type": "photo", "preview_url": "https://thor.ansur.no/display/file/a29cbc8b9d1fb368e629816b5bcfb050/driver10/f4077f292543042e9ee9ac130a8dda9d/preview.jpg", "preview_with_overlay_url": "https://thor.ansur.no/display/displayWithOverlays/a29cbc8b9d1fb368e629816b5bcfb050/driver10/f4077f292543042e9ee9ac130a8dda9d/preview.jpg", "thumbnail_url": "https://thor.ansur.no/display/file/52831aa7844ae4bd7fcacf66e83ae668/driver10/f4077f292543042e9ee9ac130a8dda9d/thumb.jpg", "files": [{"id": 83232, "file_type": 1, "size": 1134261, "state": 0, "created": "2019-09-13 09:56:34", "request_until": null, "meta": null, "hash": "f4077f292543042e9ee9ac130a8dda9d", "url": null}, {"id": 83233, "file_type": 0, "size": 20101, "state": 3, "created": "2019-09-13 09:56:34", "request_until": "2019-10-13 09:56:34", "meta": null, "hash": "a29cbc8b9d1fb368e629816b5bcfb050", "url": "https://thor.ansur.no/display/media/83233/driver10/f4077f292543042e9ee9ac130a8dda9d/preview.jpg"}, {"id": 83234, "file_type": 3, "size": 8822, "state": 3, "created": "2019-09-13 09:56:37", "request_until": null, "meta": "", "hash": "52831aa7844ae4bd7fcacf66e83ae668", "url": "https://thor.ansur.no/display/media/83234/driver10/f4077f292543042e9ee9ac130a8dda9d/thumb.jpg"}, {"id": 83235, "file_type": 2, "size": 266431, "state": 3, "created": "2019-09-13 09:57:43", "request_until": "2019-10-13 09:57:43", "meta": {"Region": {"x": 0, "y": 52, "width": 1500, "height": 698, "scale": 1.0, "quality": 90}}, "hash": "771a4c8fd89db3111eb027a6fa23785b", "url": "https://thor.ansur.no/display/media/83235/driver10/f4077f292543042e9ee9ac130a8dda9d/roi_1545788758.jpg"}]}}]}','null');
insert into aar_service.file (id, name, mimeType, url, record_id) values (309,'record/attachements/f4077f292543042e9ee9ac130a8dda9d/preview.jpg','null','https://thor.ansur.no/display/media/83233/driver10/f4077f292543042e9ee9ac130a8dda9d/preview.jpg',2133);
insert into aar_service.file (id, name, mimeType, url, record_id) values (310,'record/attachements/f4077f292543042e9ee9ac130a8dda9d/thumb.jpg','null','https://thor.ansur.no/display/media/83234/driver10/f4077f292543042e9ee9ac130a8dda9d/thumb.jpg',2133);
insert into aar_service.file (id, name, mimeType, url, record_id) values (311,'record/attachements/f4077f292543042e9ee9ac130a8dda9d/roi_1545788758.jpg','null','https://thor.ansur.no/display/media/83235/driver10/f4077f292543042e9ee9ac130a8dda9d/roi_1545788758.jpg',2133);
insert into aar_service.record (id, clientId, sessionId, createDate, trialDate, topic, recordType, headline, msgType, recordJson, recordData) values (2134,'asign_photo','null','2019-09-13 11:59:21.19','2019-09-13 11:59:21.19','photo_geojson','FeatureCollection','Chemical Spill - Under Control','Info','{"type": "FeatureCollection", "bbox": null, "features": [{"type": "Feature", "bbox": null, "geometry": {"type": "Point", "coordinates": [14.859306, 47.560486]}, "properties": {"id": 27421, "priority": 0, "viewed": true, "signature": "f4077f292543042e9ee9ac130a8dda9d", "instant": "2019-09-13 09:55:56", "created": "2019-09-13 09:56:34", "updated": "2019-09-13 09:59:17.141923", "caption": "", "interpretation": null, "meta": {"Source": {"filename": "original.jpg", "camera_make": null, "width": 1500, "size": 1134261, "height": 750, "direction": 0.0, "camera_model": null, "field_of_view": null}}, "version": null, "application_id": "8f0cf7ac-92b4-47d1-9745-a393e18e71b7", "seen": "2019-09-13 09:57:20", "started": null, "stopped": null, "location_latitude": 47.560486, "location_longitude": 14.859306, "location_time": "2019-09-13 09:55:56", "location_accuracy": 0.0, "location_altitude": 0.0, "location_provider": null, "location_speed": null, "location_meta": null, "mission_id": 254, "mission_name": "Chemical Spill - Under Control", "thumbnail_hash": "52831aa7844ae4bd7fcacf66e83ae668", "preview_hash": "a29cbc8b9d1fb368e629816b5bcfb050", "category_id": null, "category_name": null, "application_device_type": 3, "application_last_login": "2019-09-13 09:56:15.456567", "application_phone": null, "application_last_rate": null, "application_updated": "2019-09-13 09:56:15.456567", "application_created": "2019-08-21 15:12:07.427551", "application_application_type": 4, "application_connection_type": 1, "application_connection_state": 1, "user_name": "driver10", "user_id": 807, "user_username": "driver10", "user_color": "DA1A1A", "user_connection_type": 0, "user_last_login": null, "user_last_rate": null, "observation_url": "https://thor.ansur.no/signs/processing/27421", "observation_type": "photo", "preview_url": "https://thor.ansur.no/display/file/a29cbc8b9d1fb368e629816b5bcfb050/driver10/f4077f292543042e9ee9ac130a8dda9d/preview.jpg", "preview_with_overlay_url": "https://thor.ansur.no/display/displayWithOverlays/a29cbc8b9d1fb368e629816b5bcfb050/driver10/f4077f292543042e9ee9ac130a8dda9d/preview.jpg", "thumbnail_url": "https://thor.ansur.no/display/file/52831aa7844ae4bd7fcacf66e83ae668/driver10/f4077f292543042e9ee9ac130a8dda9d/thumb.jpg", "files": [{"id": 83232, "file_type": 1, "size": 1134261, "state": 0, "created": "2019-09-13 09:56:34", "request_until": null, "meta": null, "hash": "f4077f292543042e9ee9ac130a8dda9d", "url": null}, {"id": 83233, "file_type": 0, "size": 20101, "state": 3, "created": "2019-09-13 09:56:34", "request_until": "2019-10-13 09:56:34", "meta": null, "hash": "a29cbc8b9d1fb368e629816b5bcfb050", "url": "https://thor.ansur.no/display/media/83233/driver10/f4077f292543042e9ee9ac130a8dda9d/preview.jpg"}, {"id": 83234, "file_type": 3, "size": 8822, "state": 3, "created": "2019-09-13 09:56:37", "request_until": null, "meta": "", "hash": "52831aa7844ae4bd7fcacf66e83ae668", "url": "https://thor.ansur.no/display/media/83234/driver10/f4077f292543042e9ee9ac130a8dda9d/thumb.jpg"}, {"id": 83235, "file_type": 2, "size": 266431, "state": 3, "created": "2019-09-13 09:57:43", "request_until": "2019-10-13 09:57:43", "meta": {"Region": {"x": 0, "y": 52, "width": 1500, "height": 698, "scale": 1.0, "quality": 90}}, "hash": "771a4c8fd89db3111eb027a6fa23785b", "url": "https://thor.ansur.no/display/media/83235/driver10/f4077f292543042e9ee9ac130a8dda9d/roi_1545788758.jpg"}, {"id": 83236, "file_type": 2, "size": null, "state": 1, "created": "2019-09-13 09:59:16", "request_until": "2019-10-13 09:59:16", "meta": {"Region": {"x": 0, "y": 0, "width": 1493, "height": 750, "scale": 1.0, "quality": 90}}, "hash": null, "url": null}]}}]}','null');
insert into aar_service.file (id, name, mimeType, url, record_id) values (312,'record/attachements/f4077f292543042e9ee9ac130a8dda9d/preview.jpg','null','https://thor.ansur.no/display/media/83233/driver10/f4077f292543042e9ee9ac130a8dda9d/preview.jpg',2134);
insert into aar_service.file (id, name, mimeType, url, record_id) values (313,'record/attachements/f4077f292543042e9ee9ac130a8dda9d/thumb.jpg','null','https://thor.ansur.no/display/media/83234/driver10/f4077f292543042e9ee9ac130a8dda9d/thumb.jpg',2134);
insert into aar_service.file (id, name, mimeType, url, record_id) values (314,'record/attachements/f4077f292543042e9ee9ac130a8dda9d/roi_1545788758.jpg','null','https://thor.ansur.no/display/media/83235/driver10/f4077f292543042e9ee9ac130a8dda9d/roi_1545788758.jpg',2134);
insert into aar_service.record (id, clientId, sessionId, createDate, trialDate, topic, recordType, headline, msgType, recordJson, recordData) values (2135,'asign_photo','null','2019-09-13 11:59:31.26','2019-09-13 11:59:31.26','photo_geojson','FeatureCollection','Chemical Spill - Under Control','Info','{"type": "FeatureCollection", "bbox": null, "features": [{"type": "Feature", "bbox": null, "geometry": {"type": "Point", "coordinates": [14.859306, 47.560486]}, "properties": {"id": 27421, "priority": 0, "viewed": true, "signature": "f4077f292543042e9ee9ac130a8dda9d", "instant": "2019-09-13 09:55:56", "created": "2019-09-13 09:56:34", "updated": "2019-09-13 09:59:18.966897", "caption": "", "interpretation": null, "meta": {"Source": {"filename": "original.jpg", "camera_make": null, "width": 1500, "size": 1134261, "height": 750, "direction": 0.0, "camera_model": null, "field_of_view": null}}, "version": null, "application_id": "8f0cf7ac-92b4-47d1-9745-a393e18e71b7", "seen": "2019-09-13 09:57:20", "started": null, "stopped": null, "location_latitude": 47.560486, "location_longitude": 14.859306, "location_time": "2019-09-13 09:55:56", "location_accuracy": 0.0, "location_altitude": 0.0, "location_provider": null, "location_speed": null, "location_meta": null, "mission_id": 254, "mission_name": "Chemical Spill - Under Control", "thumbnail_hash": "52831aa7844ae4bd7fcacf66e83ae668", "preview_hash": "a29cbc8b9d1fb368e629816b5bcfb050", "category_id": null, "category_name": null, "application_device_type": 3, "application_last_login": "2019-09-13 09:56:15.456567", "application_phone": null, "application_last_rate": null, "application_updated": "2019-09-13 09:56:15.456567", "application_created": "2019-08-21 15:12:07.427551", "application_application_type": 4, "application_connection_type": 1, "application_connection_state": 1, "user_name": "driver10", "user_id": 807, "user_username": "driver10", "user_color": "DA1A1A", "user_connection_type": 0, "user_last_login": null, "user_last_rate": null, "observation_url": "https://thor.ansur.no/signs/processing/27421", "observation_type": "photo", "preview_url": "https://thor.ansur.no/display/file/a29cbc8b9d1fb368e629816b5bcfb050/driver10/f4077f292543042e9ee9ac130a8dda9d/preview.jpg", "preview_with_overlay_url": "https://thor.ansur.no/display/displayWithOverlays/a29cbc8b9d1fb368e629816b5bcfb050/driver10/f4077f292543042e9ee9ac130a8dda9d/preview.jpg", "thumbnail_url": "https://thor.ansur.no/display/file/52831aa7844ae4bd7fcacf66e83ae668/driver10/f4077f292543042e9ee9ac130a8dda9d/thumb.jpg", "files": [{"id": 83232, "file_type": 1, "size": 1134261, "state": 0, "created": "2019-09-13 09:56:34", "request_until": null, "meta": null, "hash": "f4077f292543042e9ee9ac130a8dda9d", "url": null}, {"id": 83233, "file_type": 0, "size": 20101, "state": 3, "created": "2019-09-13 09:56:34", "request_until": "2019-10-13 09:56:34", "meta": null, "hash": "a29cbc8b9d1fb368e629816b5bcfb050", "url": "https://thor.ansur.no/display/media/83233/driver10/f4077f292543042e9ee9ac130a8dda9d/preview.jpg"}, {"id": 83234, "file_type": 3, "size": 8822, "state": 3, "created": "2019-09-13 09:56:37", "request_until": null, "meta": "", "hash": "52831aa7844ae4bd7fcacf66e83ae668", "url": "https://thor.ansur.no/display/media/83234/driver10/f4077f292543042e9ee9ac130a8dda9d/thumb.jpg"}, {"id": 83235, "file_type": 2, "size": 266431, "state": 3, "created": "2019-09-13 09:57:43", "request_until": "2019-10-13 09:57:43", "meta": {"Region": {"x": 0, "y": 52, "width": 1500, "height": 698, "scale": 1.0, "quality": 90}}, "hash": "771a4c8fd89db3111eb027a6fa23785b", "url": "https://thor.ansur.no/display/media/83235/driver10/f4077f292543042e9ee9ac130a8dda9d/roi_1545788758.jpg"}, {"id": 83236, "file_type": 2, "size": 282316, "state": 3, "created": "2019-09-13 09:59:16", "request_until": "2019-10-13 09:59:16", "meta": {"Region": {"x": 0, "y": 0, "width": 1493, "height": 750, "scale": 1.0, "quality": 90}}, "hash": "c77dd1499d8c9dfbe64cfc358587faa2", "url": "https://thor.ansur.no/display/media/83236/driver10/f4077f292543042e9ee9ac130a8dda9d/roi_517833375.jpg"}]}}]}','null');
insert into aar_service.file (id, name, mimeType, url, record_id) values (315,'record/attachements/f4077f292543042e9ee9ac130a8dda9d/preview.jpg','null','https://thor.ansur.no/display/media/83233/driver10/f4077f292543042e9ee9ac130a8dda9d/preview.jpg',2135);
insert into aar_service.file (id, name, mimeType, url, record_id) values (316,'record/attachements/f4077f292543042e9ee9ac130a8dda9d/thumb.jpg','null','https://thor.ansur.no/display/media/83234/driver10/f4077f292543042e9ee9ac130a8dda9d/thumb.jpg',2135);
insert into aar_service.file (id, name, mimeType, url, record_id) values (317,'record/attachements/f4077f292543042e9ee9ac130a8dda9d/roi_1545788758.jpg','null','https://thor.ansur.no/display/media/83235/driver10/f4077f292543042e9ee9ac130a8dda9d/roi_1545788758.jpg',2135);
insert into aar_service.file (id, name, mimeType, url, record_id) values (318,'record/attachements/f4077f292543042e9ee9ac130a8dda9d/roi_517833375.jpg','null','https://thor.ansur.no/display/media/83236/driver10/f4077f292543042e9ee9ac130a8dda9d/roi_517833375.jpg',2135);
insert into aar_service.record (id, clientId, sessionId, createDate, trialDate, topic, recordType, headline, msgType, recordJson, recordData) values (2136,'asign_photo','null','2019-09-13 12:03:31.354','2019-09-13 12:03:31.354','photo_geojson','FeatureCollection','Chemical Spill - Under Control','Info','{"type": "FeatureCollection", "bbox": null, "features": [{"type": "Feature", "bbox": null, "geometry": {"type": "Point", "coordinates": [14.863254, 47.55975]}, "properties": {"id": 27423, "priority": 0, "viewed": false, "signature": "d5a1bcf5540caab9c3eeb95f3ba734b3", "instant": "2019-09-13 10:03:01", "created": "2019-09-13 10:03:17", "updated": "2019-09-13 10:03:21.006225", "caption": "", "interpretation": null, "meta": {"Source": {"filename": "original.jpg", "camera_make": null, "width": 1500, "size": 1125112, "height": 750, "direction": 0.0, "camera_model": null, "field_of_view": null}}, "version": null, "application_id": "8f0cf7ac-92b4-47d1-9745-a393e18e71b7", "seen": null, "started": null, "stopped": null, "location_latitude": 47.55975, "location_longitude": 14.863254, "location_time": "2019-09-13 10:03:01", "location_accuracy": 0.0, "location_altitude": 0.0, "location_provider": null, "location_speed": null, "location_meta": null, "mission_id": 254, "mission_name": "Chemical Spill - Under Control", "thumbnail_hash": "56159157a90c3974355d165b1d6fa30f", "preview_hash": "72c304ac79f5688b9ac69c7d594f4314", "category_id": null, "category_name": null, "application_device_type": 3, "application_last_login": "2019-09-13 09:56:15.456567", "application_phone": null, "application_last_rate": null, "application_updated": "2019-09-13 09:56:15.456567", "application_created": "2019-08-21 15:12:07.427551", "application_application_type": 4, "application_connection_type": 1, "application_connection_state": 1, "user_name": "driver10", "user_id": 807, "user_username": "driver10", "user_color": "DA1A1A", "user_connection_type": 0, "user_last_login": null, "user_last_rate": null, "observation_url": "https://thor.ansur.no/signs/processing/27423", "observation_type": "photo", "preview_url": "https://thor.ansur.no/display/file/72c304ac79f5688b9ac69c7d594f4314/driver10/d5a1bcf5540caab9c3eeb95f3ba734b3/preview.jpg", "preview_with_overlay_url": "https://thor.ansur.no/display/displayWithOverlays/72c304ac79f5688b9ac69c7d594f4314/driver10/d5a1bcf5540caab9c3eeb95f3ba734b3/preview.jpg", "thumbnail_url": "https://thor.ansur.no/display/file/56159157a90c3974355d165b1d6fa30f/driver10/d5a1bcf5540caab9c3eeb95f3ba734b3/thumb.jpg", "files": [{"id": 83242, "file_type": 1, "size": 1125112, "state": 0, "created": "2019-09-13 10:03:17", "request_until": null, "meta": null, "hash": "d5a1bcf5540caab9c3eeb95f3ba734b3", "url": null}, {"id": 83243, "file_type": 0, "size": 19719, "state": 3, "created": "2019-09-13 10:03:17", "request_until": "2019-10-13 10:03:17", "meta": null, "hash": "72c304ac79f5688b9ac69c7d594f4314", "url": "https://thor.ansur.no/display/media/83243/driver10/d5a1bcf5540caab9c3eeb95f3ba734b3/preview.jpg"}, {"id": 83244, "file_type": 3, "size": 8861, "state": 3, "created": "2019-09-13 10:03:21", "request_until": null, "meta": "", "hash": "56159157a90c3974355d165b1d6fa30f", "url": "https://thor.ansur.no/display/media/83244/driver10/d5a1bcf5540caab9c3eeb95f3ba734b3/thumb.jpg"}]}}]}','null');
insert into aar_service.file (id, name, mimeType, url, record_id) values (319,'record/attachements/d5a1bcf5540caab9c3eeb95f3ba734b3/preview.jpg','null','https://thor.ansur.no/display/media/83243/driver10/d5a1bcf5540caab9c3eeb95f3ba734b3/preview.jpg',2136);
insert into aar_service.file (id, name, mimeType, url, record_id) values (320,'record/attachements/d5a1bcf5540caab9c3eeb95f3ba734b3/thumb.jpg','null','https://thor.ansur.no/display/media/83244/driver10/d5a1bcf5540caab9c3eeb95f3ba734b3/thumb.jpg',2136);
insert into aar_service.record (id, clientId, sessionId, createDate, trialDate, topic, recordType, headline, msgType, recordJson, recordData) values (2137,'asign_photo','null','2019-09-13 12:03:41.418','2019-09-13 12:03:41.418','photo_geojson','FeatureCollection','Chemical Spill - Under Control','Info','{"type": "FeatureCollection", "bbox": null, "features": [{"type": "Feature", "bbox": null, "geometry": {"type": "Point", "coordinates": [14.863254, 47.55975]}, "properties": {"id": 27423, "priority": 0, "viewed": true, "signature": "d5a1bcf5540caab9c3eeb95f3ba734b3", "instant": "2019-09-13 10:03:01", "created": "2019-09-13 10:03:17", "updated": "2019-09-13 10:03:37.271771", "caption": "", "interpretation": null, "meta": {"Source": {"filename": "original.jpg", "camera_make": null, "width": 1500, "size": 1125112, "height": 750, "direction": 0.0, "camera_model": null, "field_of_view": null}}, "version": null, "application_id": "8f0cf7ac-92b4-47d1-9745-a393e18e71b7", "seen": "2019-09-13 10:03:37", "started": null, "stopped": null, "location_latitude": 47.55975, "location_longitude": 14.863254, "location_time": "2019-09-13 10:03:01", "location_accuracy": 0.0, "location_altitude": 0.0, "location_provider": null, "location_speed": null, "location_meta": null, "mission_id": 254, "mission_name": "Chemical Spill - Under Control", "thumbnail_hash": "56159157a90c3974355d165b1d6fa30f", "preview_hash": "72c304ac79f5688b9ac69c7d594f4314", "category_id": null, "category_name": null, "application_device_type": 3, "application_last_login": "2019-09-13 09:56:15.456567", "application_phone": null, "application_last_rate": null, "application_updated": "2019-09-13 09:56:15.456567", "application_created": "2019-08-21 15:12:07.427551", "application_application_type": 4, "application_connection_type": 1, "application_connection_state": 1, "user_name": "driver10", "user_id": 807, "user_username": "driver10", "user_color": "DA1A1A", "user_connection_type": 0, "user_last_login": null, "user_last_rate": null, "observation_url": "https://thor.ansur.no/signs/processing/27423", "observation_type": "photo", "preview_url": "https://thor.ansur.no/display/file/72c304ac79f5688b9ac69c7d594f4314/driver10/d5a1bcf5540caab9c3eeb95f3ba734b3/preview.jpg", "preview_with_overlay_url": "https://thor.ansur.no/display/displayWithOverlays/72c304ac79f5688b9ac69c7d594f4314/driver10/d5a1bcf5540caab9c3eeb95f3ba734b3/preview.jpg", "thumbnail_url": "https://thor.ansur.no/display/file/56159157a90c3974355d165b1d6fa30f/driver10/d5a1bcf5540caab9c3eeb95f3ba734b3/thumb.jpg", "files": [{"id": 83242, "file_type": 1, "size": 1125112, "state": 0, "created": "2019-09-13 10:03:17", "request_until": null, "meta": null, "hash": "d5a1bcf5540caab9c3eeb95f3ba734b3", "url": null}, {"id": 83243, "file_type": 0, "size": 19719, "state": 3, "created": "2019-09-13 10:03:17", "request_until": "2019-10-13 10:03:17", "meta": null, "hash": "72c304ac79f5688b9ac69c7d594f4314", "url": "https://thor.ansur.no/display/media/83243/driver10/d5a1bcf5540caab9c3eeb95f3ba734b3/preview.jpg"}, {"id": 83244, "file_type": 3, "size": 8861, "state": 3, "created": "2019-09-13 10:03:21", "request_until": null, "meta": "", "hash": "56159157a90c3974355d165b1d6fa30f", "url": "https://thor.ansur.no/display/media/83244/driver10/d5a1bcf5540caab9c3eeb95f3ba734b3/thumb.jpg"}]}}]}','null');
insert into aar_service.file (id, name, mimeType, url, record_id) values (321,'record/attachements/d5a1bcf5540caab9c3eeb95f3ba734b3/preview.jpg','null','https://thor.ansur.no/display/media/83243/driver10/d5a1bcf5540caab9c3eeb95f3ba734b3/preview.jpg',2137);
insert into aar_service.file (id, name, mimeType, url, record_id) values (322,'record/attachements/d5a1bcf5540caab9c3eeb95f3ba734b3/thumb.jpg','null','https://thor.ansur.no/display/media/83244/driver10/d5a1bcf5540caab9c3eeb95f3ba734b3/thumb.jpg',2137);
insert into aar_service.record (id, clientId, sessionId, createDate, trialDate, topic, recordType, headline, msgType, recordJson, recordData) values (2138,'asign_photo','null','2019-09-13 12:04:31.504','2019-09-13 12:04:31.504','photo_geojson','FeatureCollection','Chemical Spill - Under Control','Info','{"type": "FeatureCollection", "bbox": null, "features": [{"type": "Feature", "bbox": null, "geometry": {"type": "Point", "coordinates": [14.863254, 47.55975]}, "properties": {"id": 27423, "priority": 0, "viewed": true, "signature": "d5a1bcf5540caab9c3eeb95f3ba734b3", "instant": "2019-09-13 10:03:01", "created": "2019-09-13 10:03:17", "updated": "2019-09-13 10:04:26.426724", "caption": "", "interpretation": null, "meta": {"Source": {"filename": "original.jpg", "camera_make": null, "width": 1500, "size": 1125112, "height": 750, "direction": 0.0, "camera_model": null, "field_of_view": null}}, "version": null, "application_id": "8f0cf7ac-92b4-47d1-9745-a393e18e71b7", "seen": "2019-09-13 10:03:37", "started": null, "stopped": null, "location_latitude": 47.55975, "location_longitude": 14.863254, "location_time": "2019-09-13 10:03:01", "location_accuracy": 0.0, "location_altitude": 0.0, "location_provider": null, "location_speed": null, "location_meta": null, "mission_id": 254, "mission_name": "Chemical Spill - Under Control", "thumbnail_hash": "56159157a90c3974355d165b1d6fa30f", "preview_hash": "72c304ac79f5688b9ac69c7d594f4314", "category_id": null, "category_name": null, "application_device_type": 3, "application_last_login": "2019-09-13 09:56:15.456567", "application_phone": null, "application_last_rate": null, "application_updated": "2019-09-13 09:56:15.456567", "application_created": "2019-08-21 15:12:07.427551", "application_application_type": 4, "application_connection_type": 1, "application_connection_state": 1, "user_name": "driver10", "user_id": 807, "user_username": "driver10", "user_color": "DA1A1A", "user_connection_type": 0, "user_last_login": null, "user_last_rate": null, "observation_url": "https://thor.ansur.no/signs/processing/27423", "observation_type": "photo", "preview_url": "https://thor.ansur.no/display/file/72c304ac79f5688b9ac69c7d594f4314/driver10/d5a1bcf5540caab9c3eeb95f3ba734b3/preview.jpg", "preview_with_overlay_url": "https://thor.ansur.no/display/displayWithOverlays/72c304ac79f5688b9ac69c7d594f4314/driver10/d5a1bcf5540caab9c3eeb95f3ba734b3/preview.jpg", "thumbnail_url": "https://thor.ansur.no/display/file/56159157a90c3974355d165b1d6fa30f/driver10/d5a1bcf5540caab9c3eeb95f3ba734b3/thumb.jpg", "files": [{"id": 83242, "file_type": 1, "size": 1125112, "state": 0, "created": "2019-09-13 10:03:17", "request_until": null, "meta": null, "hash": "d5a1bcf5540caab9c3eeb95f3ba734b3", "url": null}, {"id": 83243, "file_type": 0, "size": 19719, "state": 3, "created": "2019-09-13 10:03:17", "request_until": "2019-10-13 10:03:17", "meta": null, "hash": "72c304ac79f5688b9ac69c7d594f4314", "url": "https://thor.ansur.no/display/media/83243/driver10/d5a1bcf5540caab9c3eeb95f3ba734b3/preview.jpg"}, {"id": 83244, "file_type": 3, "size": 8861, "state": 3, "created": "2019-09-13 10:03:21", "request_until": null, "meta": "", "hash": "56159157a90c3974355d165b1d6fa30f", "url": "https://thor.ansur.no/display/media/83244/driver10/d5a1bcf5540caab9c3eeb95f3ba734b3/thumb.jpg"}, {"id": 83245, "file_type": 2, "size": 277290, "state": 3, "created": "2019-09-13 10:04:21", "request_until": "2019-10-13 10:04:21", "meta": {"Region": {"x": 0, "y": 0, "width": 1500, "height": 750, "scale": 1.0, "quality": 90}}, "hash": "5dd3b10d6b60b05dd601b4947371bd7d", "url": "https://thor.ansur.no/display/media/83245/driver10/d5a1bcf5540caab9c3eeb95f3ba734b3/roi_1422682293.jpg"}]}}]}','null');
insert into aar_service.file (id, name, mimeType, url, record_id) values (323,'record/attachements/d5a1bcf5540caab9c3eeb95f3ba734b3/preview.jpg','null','https://thor.ansur.no/display/media/83243/driver10/d5a1bcf5540caab9c3eeb95f3ba734b3/preview.jpg',2138);
insert into aar_service.file (id, name, mimeType, url, record_id) values (324,'record/attachements/d5a1bcf5540caab9c3eeb95f3ba734b3/thumb.jpg','null','https://thor.ansur.no/display/media/83244/driver10/d5a1bcf5540caab9c3eeb95f3ba734b3/thumb.jpg',2138);
insert into aar_service.file (id, name, mimeType, url, record_id) values (325,'record/attachements/d5a1bcf5540caab9c3eeb95f3ba734b3/roi_1422682293.jpg','null','https://thor.ansur.no/display/media/83245/driver10/d5a1bcf5540caab9c3eeb95f3ba734b3/roi_1422682293.jpg',2138);
insert into aar_service.record (id, clientId, sessionId, createDate, trialDate, topic, recordType, headline, msgType, recordJson, recordData) values (2139,'TB-Ost','null','2019-09-13 12:33:26.837','2019-09-13 12:33:26.837','system_observer_tool_answer','ObserverToolAnswer','A new observation was reported by: Block4_Chemical_Spill-PFA_Field_Observer','Info','{"trialId": 13, "sessionId": 217, "answerId": 1621, "timeSendUTC": 1568370805, "timeWhen": 1568363822000, "observationTypeName": "Block4_Chemical_Spill-PFA_Field_Observer", "observervationTypeId": 1694, "observationTypeDescription": "Participants were applying knowledge of psychological first aid training.", "description": "", "multiplicity": true, "questions": [{"id": 3107, "name": "Participants were applying knowledge of psychologi", "description": "-", "answer": "[Agree]", "comment": "", "typeOfQuestion": "checkbox"}]}','null');
insert into aar_service.record (id, clientId, sessionId, createDate, trialDate, topic, recordType, headline, msgType, recordJson, recordData) values (2140,'TB-Ost','null','2019-09-13 12:33:27.208','2019-09-13 12:33:27.208','system_observer_tool_answer','ObserverToolAnswer','A new observation was reported by: Block4_Chemical_Spill-PFA_Field_Observer','Info','{"trialId": 13, "sessionId": 217, "answerId": 1622, "timeSendUTC": 1568370805, "timeWhen": 1568363897000, "observationTypeName": "Block4_Chemical_Spill-PFA_Field_Observer", "observervationTypeId": 1695, "observationTypeDescription": "Participants were able to recognise people in distress who may need support.", "description": "", "multiplicity": true, "questions": [{"id": 3108, "name": "Participants were able to recognise people in dist", "description": "-", "answer": "[Agree]", "comment": "", "typeOfQuestion": "checkbox"}]}','null');
insert into aar_service.record (id, clientId, sessionId, createDate, trialDate, topic, recordType, headline, msgType, recordJson, recordData) values (2141,'TB-Ost','null','2019-09-13 12:33:27.333','2019-09-13 12:33:27.333','system_observer_tool_answer','ObserverToolAnswer','A new observation was reported by: Block4_Chemical_Spill-PFA_Field_Observer','Info','{"trialId": 13, "sessionId": 217, "answerId": 1623, "timeSendUTC": 1568370805, "timeWhen": 1568363989000, "observationTypeName": "Block4_Chemical_Spill-PFA_Field_Observer", "observervationTypeId": 1697, "observationTypeDescription": "Participants were acting in safe manner (they weren''t putting themselves or other participants in danger).", "description": "", "multiplicity": true, "questions": [{"id": 3110, "name": "Participants were acting in safe manner (they were", "description": "-", "answer": "[Agree]", "comment": "", "typeOfQuestion": "checkbox"}]}','null');
insert into aar_service.record (id, clientId, sessionId, createDate, trialDate, topic, recordType, headline, msgType, recordJson, recordData) values (2142,'TB-Ost','null','2019-09-13 12:33:27.468','2019-09-13 12:33:27.468','system_observer_tool_answer','ObserverToolAnswer','A new observation was reported by: Block4_Chemical_Spill-PFA_Field_Observer','Info','{"trialId": 13, "sessionId": 217, "answerId": 1624, "timeSendUTC": 1568370805, "timeWhen": 1568363913000, "observationTypeName": "Block4_Chemical_Spill-PFA_Field_Observer", "observervationTypeId": 1695, "observationTypeDescription": "Participants were able to recognise people in distress who may need support.", "description": "", "multiplicity": true, "questions": [{"id": 3108, "name": "Participants were able to recognise people in dist", "description": "-", "answer": "[Agree]", "comment": "", "typeOfQuestion": "checkbox"}]}','null');
insert into aar_service.record (id, clientId, sessionId, createDate, trialDate, topic, recordType, headline, msgType, recordJson, recordData) values (2143,'TB-Ost','null','2019-09-13 12:33:27.597','2019-09-13 12:33:27.597','system_observer_tool_answer','ObserverToolAnswer','A new observation was reported by: Block4_Chemical_Spill-PFA_Field_Observer','Info','{"trialId": 13, "sessionId": 217, "answerId": 1625, "timeSendUTC": 1568370805, "timeWhen": 1568363969000, "observationTypeName": "Block4_Chemical_Spill-PFA_Field_Observer", "observervationTypeId": 1696, "observationTypeDescription": "Identified people in distress were calmer after receiving  the psychological first aid.", "description": "", "multiplicity": true, "questions": [{"id": 3109, "name": "Identified people in distress were calmer after re", "description": "-", "answer": "[Agree]", "comment": "", "typeOfQuestion": "checkbox"}]}','null');
insert into aar_service.record (id, clientId, sessionId, createDate, trialDate, topic, recordType, headline, msgType, recordJson, recordData) values (2144,'TB-Ost','null','2019-09-13 12:33:27.727','2019-09-13 12:33:27.727','system_observer_tool_answer','ObserverToolAnswer','A new observation was reported by: Block4_Chemical_Spill-PFA_Field_Observer','Info','{"trialId": 13, "sessionId": 217, "answerId": 1626, "timeSendUTC": 1568370805, "timeWhen": 1568364002000, "observationTypeName": "Block4_Chemical_Spill-PFA_Field_Observer", "observervationTypeId": 1698, "observationTypeDescription": "Commanders were coordinating the participants without issues.", "description": "", "multiplicity": true, "questions": [{"id": 3111, "name": "Commanders were coordinating the participants with", "description": "-", "answer": "[Agree]", "comment": "", "typeOfQuestion": "checkbox"}]}','null');
insert into aar_service.record (id, clientId, sessionId, createDate, trialDate, topic, recordType, headline, msgType, recordJson, recordData) values (2145,'TB-Ost','null','2019-09-13 12:33:27.858','2019-09-13 12:33:27.858','system_observer_tool_answer','ObserverToolAnswer','A new observation was reported by: Block4_Chemical_Spill-PFA_Field_Observer','Info','{"trialId": 13, "sessionId": 217, "answerId": 1627, "timeSendUTC": 1568370805, "timeWhen": 1568365453000, "observationTypeName": "Block4_Chemical_Spill-PFA_Field_Observer", "observervationTypeId": 1698, "observationTypeDescription": "Commanders were coordinating the participants without issues.", "description": "", "multiplicity": true, "questions": [{"id": 3111, "name": "Commanders were coordinating the participants with", "description": "-", "answer": "", "comment": "So many distressed people in one room. Is not a good idea. Too much noise. Makes it difficult to work.", "typeOfQuestion": "checkbox"}]}','null');
insert into aar_service.record (id, clientId, sessionId, createDate, trialDate, topic, recordType, headline, msgType, recordJson, recordData) values (2146,'TB-Ost','null','2019-09-13 12:36:47.404','2019-09-13 12:36:47.405','system_observer_tool_answer','ObserverToolAnswer','A new observation was reported by: Block4_Chemical_Spill-PFA_Field_Observer','Info','{"trialId": 13, "sessionId": 217, "answerId": 1628, "timeSendUTC": 1568371005, "timeWhen": 1568364064000, "observationTypeName": "Block4_Chemical_Spill-PFA_Field_Observer", "observervationTypeId": 1694, "observationTypeDescription": "Participants were applying knowledge of psychological first aid training.", "description": "", "multiplicity": true, "questions": [{"id": 3107, "name": "Participants were applying knowledge of psychologi", "description": "-", "answer": "[Agree]", "comment": "Non XVR", "typeOfQuestion": "checkbox"}]}','null');
insert into aar_service.record (id, clientId, sessionId, createDate, trialDate, topic, recordType, headline, msgType, recordJson, recordData) values (2185,'TB-TrialMgmt','null','2019-09-13 14:04:45.243','2019-09-13 14:04:45.243','system_tm_role_player','RolePlayerMessage','USAR team from Germany','Info','{"id": "6b96d161-de29-402a-8d7e-cb1f95fa7f8a", "type": "CALL", "title": "", "headline": "USAR team from Germany", "description": "The last know position of a German USAR Team was in Laufstrasse. We don''t know their status and if they have rescued the traped victimes in a damge house.", "rolePlayerName": "ARC - EXCON", "participantNames": null, "comment": ""}','null');
insert into aar_service.record (id, clientId, sessionId, createDate, trialDate, topic, recordType, headline, msgType, recordJson, recordData) values (2147,'TB-Ost','null','2019-09-13 12:36:47.557','2019-09-13 12:36:47.558','system_observer_tool_answer','ObserverToolAnswer','A new observation was reported by: Block4_Chemical_Spill-PFA_Field_Observer','Info','{"trialId": 13, "sessionId": 217, "answerId": 1629, "timeSendUTC": 1568371005, "timeWhen": 1568364434000, "observationTypeName": "Block4_Chemical_Spill-PFA_Field_Observer", "observervationTypeId": 1697, "observationTypeDescription": "Participants were acting in safe manner (they weren''t putting themselves or other participants in danger).", "description": "", "multiplicity": true, "questions": [{"id": 3110, "name": "Participants were acting in safe manner (they were", "description": "-", "answer": "[Disagree]", "comment": "All victims were directed to a small room where stress was building up due to too many people nobody seem to notice as they were too busy treating ''their'' victime", "typeOfQuestion": "checkbox"}]}','null');
insert into aar_service.record (id, clientId, sessionId, createDate, trialDate, topic, recordType, headline, msgType, recordJson, recordData) values (2148,'TB-Ost','null','2019-09-13 12:36:47.701','2019-09-13 12:36:47.701','system_observer_tool_answer','ObserverToolAnswer','A new observation was reported by: Block4_Chemical_Spill-PFA_Field_Observer','Info','{"trialId": 13, "sessionId": 217, "answerId": 1630, "timeSendUTC": 1568371005, "timeWhen": 1568364070000, "observationTypeName": "Block4_Chemical_Spill-PFA_Field_Observer", "observervationTypeId": 1694, "observationTypeDescription": "Participants were applying knowledge of psychological first aid training.", "description": "", "multiplicity": true, "questions": [{"id": 3107, "name": "Participants were applying knowledge of psychologi", "description": "-", "answer": "[Agree]", "comment": "Non XVR", "typeOfQuestion": "checkbox"}]}','null');
insert into aar_service.record (id, clientId, sessionId, createDate, trialDate, topic, recordType, headline, msgType, recordJson, recordData) values (2149,'TB-Ost','null','2019-09-13 12:36:47.839','2019-09-13 12:36:47.839','system_observer_tool_answer','ObserverToolAnswer','A new observation was reported by: Block4_Chemical_Spill-PFA_Field_Observer','Info','{"trialId": 13, "sessionId": 217, "answerId": 1631, "timeSendUTC": 1568371005, "timeWhen": 1568364530000, "observationTypeName": "Block4_Chemical_Spill-PFA_Field_Observer", "observervationTypeId": 1698, "observationTypeDescription": "Commanders were coordinating the participants without issues.", "description": "", "multiplicity": true, "questions": [{"id": 3111, "name": "Commanders were coordinating the participants with", "description": "-", "answer": "[Agree]", "comment": "There were no ''other'' commanders", "typeOfQuestion": "checkbox"}]}','null');
insert into aar_service.record (id, clientId, sessionId, createDate, trialDate, topic, recordType, headline, msgType, recordJson, recordData) values (2150,'TB-Ost','null','2019-09-13 12:36:47.983','2019-09-13 12:36:47.983','system_observer_tool_answer','ObserverToolAnswer','A new observation was reported by: Block4_Chemical_Spill-PFA_Field_Observer','Info','{"trialId": 13, "sessionId": 217, "answerId": 1632, "timeSendUTC": 1568371005, "timeWhen": 1568364136000, "observationTypeName": "Block4_Chemical_Spill-PFA_Field_Observer", "observervationTypeId": 1697, "observationTypeDescription": "Participants were acting in safe manner (they weren''t putting themselves or other participants in danger).", "description": "", "multiplicity": true, "questions": [{"id": 3110, "name": "Participants were acting in safe manner (they were", "description": "-", "answer": "[Agree]", "comment": "Non XVR", "typeOfQuestion": "checkbox"}]}','null');
insert into aar_service.record (id, clientId, sessionId, createDate, trialDate, topic, recordType, headline, msgType, recordJson, recordData) values (2151,'TB-Ost','null','2019-09-13 12:36:48.121','2019-09-13 12:36:48.121','system_observer_tool_answer','ObserverToolAnswer','A new observation was reported by: Block4_Chemical_Spill-PFA_Field_Observer','Info','{"trialId": 13, "sessionId": 217, "answerId": 1633, "timeSendUTC": 1568371005, "timeWhen": 1568364265000, "observationTypeName": "Block4_Chemical_Spill-PFA_Field_Observer", "observervationTypeId": 1695, "observationTypeDescription": "Participants were able to recognise people in distress who may need support.", "description": "", "multiplicity": true, "questions": [{"id": 3108, "name": "Participants were able to recognise people in dist", "description": "-", "answer": "[Agree]", "comment": "Non XVR student very proactive in detecting people in distress ", "typeOfQuestion": "checkbox"}]}','null');
insert into aar_service.record (id, clientId, sessionId, createDate, trialDate, topic, recordType, headline, msgType, recordJson, recordData) values (2152,'TB-Ost','null','2019-09-13 12:36:48.251','2019-09-13 12:36:48.251','system_observer_tool_answer','ObserverToolAnswer','A new observation was reported by: Block4_Chemical_Spill-PFA_Field_Observer','Info','{"trialId": 13, "sessionId": 217, "answerId": 1634, "timeSendUTC": 1568371005, "timeWhen": 1568364538000, "observationTypeName": "Block4_Chemical_Spill-PFA_Field_Observer", "observervationTypeId": 1698, "observationTypeDescription": "Commanders were coordinating the participants without issues.", "description": "", "multiplicity": true, "questions": [{"id": 3111, "name": "Commanders were coordinating the participants with", "description": "-", "answer": "[Disagree]", "comment": "There were no ''other'' commanders", "typeOfQuestion": "checkbox"}]}','null');
insert into aar_service.record (id, clientId, sessionId, createDate, trialDate, topic, recordType, headline, msgType, recordJson, recordData) values (2153,'TB-Ost','null','2019-09-13 12:36:48.383','2019-09-13 12:36:48.383','system_observer_tool_answer','ObserverToolAnswer','A new observation was reported by: Block4_Chemical_Spill-PFA_Field_Observer','Info','{"trialId": 13, "sessionId": 217, "answerId": 1635, "timeSendUTC": 1568371005, "timeWhen": 1568364594000, "observationTypeName": "Block4_Chemical_Spill-PFA_Field_Observer", "observervationTypeId": 1698, "observationTypeDescription": "Commanders were coordinating the participants without issues.", "description": "", "multiplicity": true, "questions": [{"id": 3111, "name": "Commanders were coordinating the participants with", "description": "-", "answer": "[Disagree]", "comment": "Teamleader dealt with individual cases not with steering his team", "typeOfQuestion": "checkbox"}]}','null');
insert into aar_service.record (id, clientId, sessionId, createDate, trialDate, topic, recordType, headline, msgType, recordJson, recordData) values (2154,'TB-Ost','null','2019-09-13 12:36:48.536','2019-09-13 12:36:48.536','system_observer_tool_answer','ObserverToolAnswer','A new observation was reported by: Block4_Chemical_Spill-PFA_Field_Observer','Info','{"trialId": 13, "sessionId": 217, "answerId": 1637, "timeSendUTC": 1568371006, "timeWhen": 1568364691000, "observationTypeName": "Block4_Chemical_Spill-PFA_Field_Observer", "observervationTypeId": 1698, "observationTypeDescription": "Commanders were coordinating the participants without issues.", "description": "", "multiplicity": true, "questions": [{"id": 3111, "name": "Commanders were coordinating the participants with", "description": "-", "answer": "[Disagree]", "comment": "2 students + teamleader dealt with  1 couple whereas there was lack of people in the next room", "typeOfQuestion": "checkbox"}]}','null');
insert into aar_service.record (id, clientId, sessionId, createDate, trialDate, topic, recordType, headline, msgType, recordJson, recordData) values (2155,'TB-Ost','null','2019-09-13 12:36:48.677','2019-09-13 12:36:48.677','system_observer_tool_answer','ObserverToolAnswer','A new observation was reported by: Block4_Chemical_Spill-PFA_Field_Observer','Info','{"trialId": 13, "sessionId": 217, "answerId": 1636, "timeSendUTC": 1568371006, "timeWhen": 1568364915000, "observationTypeName": "Block4_Chemical_Spill-PFA_Field_Observer", "observervationTypeId": 1698, "observationTypeDescription": "Commanders were coordinating the participants without issues.", "description": "", "multiplicity": true, "questions": [{"id": 3111, "name": "Commanders were coordinating the participants with", "description": "-", "answer": "[Disagree]", "comment": "I didn t notice any initiative to create amore comfortable setting such as using ALL the space, enough chaires ...", "typeOfQuestion": "checkbox"}]}','null');
insert into aar_service.record (id, clientId, sessionId, createDate, trialDate, topic, recordType, headline, msgType, recordJson, recordData) values (2156,'TB-Ost','null','2019-09-13 12:36:48.826','2019-09-13 12:36:48.826','system_observer_tool_answer','ObserverToolAnswer','A new observation was reported by: Block4_Chemical_Spill-PFA_Field_Observer','Info','{"trialId": 13, "sessionId": 217, "answerId": 1638, "timeSendUTC": 1568371006, "timeWhen": 1568365518000, "observationTypeName": "Block4_Chemical_Spill-PFA_Field_Observer", "observervationTypeId": 1697, "observationTypeDescription": "Participants were acting in safe manner (they weren''t putting themselves or other participants in danger).", "description": "", "multiplicity": true, "questions": [{"id": 3110, "name": "Participants were acting in safe manner (they were", "description": "-", "answer": "[Agree]", "comment": "Xvr student went to the teamleader to discuss the situation in the crowded room", "typeOfQuestion": "checkbox"}]}','null');
insert into aar_service.record (id, clientId, sessionId, createDate, trialDate, topic, recordType, headline, msgType, recordJson, recordData) values (2157,'TB-Ost','null','2019-09-13 12:36:48.976','2019-09-13 12:36:48.976','system_observer_tool_answer','ObserverToolAnswer','A new observation was reported by: Block4_Chemical_Spill-PFA_Field_Observer','Info','{"trialId": 13, "sessionId": 217, "answerId": 1639, "timeSendUTC": 1568371006, "timeWhen": 1568365706000, "observationTypeName": "Block4_Chemical_Spill-PFA_Field_Observer", "observervationTypeId": 1695, "observationTypeDescription": "Participants were able to recognise people in distress who may need support.", "description": "", "multiplicity": true, "questions": [{"id": 3108, "name": "Participants were able to recognise people in dist", "description": "-", "answer": "[Disagree]", "comment": "3 students chatting while next door 2 persons are takingcare of 7 victims", "typeOfQuestion": "checkbox"}]}','null');
insert into aar_service.record (id, clientId, sessionId, createDate, trialDate, topic, recordType, headline, msgType, recordJson, recordData) values (2158,'TB-Ost','null','2019-09-13 12:36:49.119','2019-09-13 12:36:49.119','system_observer_tool_answer','ObserverToolAnswer','A new observation was reported by: Block4_Chemical_Spill-PFA_Field_Observer','Info','{"trialId": 13, "sessionId": 217, "answerId": 1640, "timeSendUTC": 1568371006, "timeWhen": 1568365348000, "observationTypeName": "Block4_Chemical_Spill-PFA_Field_Observer", "observervationTypeId": 1695, "observationTypeDescription": "Participants were able to recognise people in distress who may need support.", "description": "", "multiplicity": true, "questions": [{"id": 3108, "name": "Participants were able to recognise people in dist", "description": "-", "answer": "[Disagree]", "comment": "4 people left alone ... teamleader and student are discussing in the hall", "typeOfQuestion": "checkbox"}]}','null');
insert into aar_service.record (id, clientId, sessionId, createDate, trialDate, topic, recordType, headline, msgType, recordJson, recordData) values (2159,'TB-Ost','null','2019-09-13 12:36:49.254','2019-09-13 12:36:49.254','system_observer_tool_answer','ObserverToolAnswer','A new observation was reported by: Block4_Chemical_Spill-PFA_Field_Observer','Info','{"trialId": 13, "sessionId": 217, "answerId": 1641, "timeSendUTC": 1568371006, "timeWhen": 1568365830000, "observationTypeName": "Block4_Chemical_Spill-PFA_Field_Observer", "observervationTypeId": 1694, "observationTypeDescription": "Participants were applying knowledge of psychological first aid training.", "description": "", "multiplicity": true, "questions": [{"id": 3107, "name": "Participants were applying knowledge of psychologi", "description": "-", "answer": "[Disagree]", "comment": "Look underappliedin general", "typeOfQuestion": "checkbox"}]}','null');
insert into aar_service.record (id, clientId, sessionId, createDate, trialDate, topic, recordType, headline, msgType, recordJson, recordData) values (2160,'TB-TrialMgmt','null','2019-09-13 12:42:28.55','2019-09-13 12:42:28.55','system_tm_session_mgmt','SessionMgmt','90ec55b0-59bd-4f97-bc44-01edcdbfa587, STOP','Info','{"trialId": "e040fdc7-72d1-4e4a-b8f1-dff598ca476f", "trialName": "Trial 3: The Austrian Trial", "scenarioId": "8e755374-06e3-4163-9544-4c1d825ca536", "scenarioName": "Block 4 - Chemical leak", "sessionId": "90ec55b0-59bd-4f97-bc44-01edcdbfa587", "sessionName": "New session", "sessionState": "STOP", "comment": null}','null');
insert into aar_service.record (id, clientId, sessionId, createDate, trialDate, topic, recordType, headline, msgType, recordJson, recordData) values (2161,'asign_photo','null','2019-09-13 12:59:16.958','2019-09-13 12:59:16.958','photo_geojson','FeatureCollection','Chemical Spill - Under Control','Info','{"type": "FeatureCollection", "bbox": null, "features": [{"type": "Feature", "bbox": null, "geometry": {"type": "Point", "coordinates": [14.858765, 47.560547]}, "properties": {"id": 27424, "priority": 0, "viewed": true, "signature": "a4d80f026113c49e3402b3be06e4132c", "instant": "2019-09-13 10:58:30", "created": "2019-09-13 10:58:59", "updated": "2019-09-13 10:59:09.264025", "caption": "", "interpretation": null, "meta": {"Source": {"filename": "original.jpg", "camera_make": null, "width": 1500, "size": 1150721, "height": 750, "direction": 0.0, "camera_model": null, "field_of_view": null}}, "version": null, "application_id": "8f0cf7ac-92b4-47d1-9745-a393e18e71b7", "seen": "2019-09-13 10:59:09", "started": null, "stopped": null, "location_latitude": 47.560547, "location_longitude": 14.858765, "location_time": "2019-09-13 10:58:30", "location_accuracy": 0.0, "location_altitude": 0.0, "location_provider": null, "location_speed": null, "location_meta": null, "mission_id": 254, "mission_name": "Chemical Spill - Under Control", "thumbnail_hash": "c1bb5f9293492a10407109aa83b30777", "preview_hash": "2981093a76e5b0071e204a9ead4cdeeb", "category_id": null, "category_name": null, "application_device_type": 3, "application_last_login": "2019-09-13 10:58:44.303212", "application_phone": null, "application_last_rate": null, "application_updated": "2019-09-13 10:58:44.303212", "application_created": "2019-08-21 15:12:07.427551", "application_application_type": 4, "application_connection_type": 1, "application_connection_state": 1, "user_name": "driver10", "user_id": 807, "user_username": "driver10", "user_color": "DA1A1A", "user_connection_type": 0, "user_last_login": null, "user_last_rate": null, "observation_url": "https://thor.ansur.no/signs/processing/27424", "observation_type": "photo", "preview_url": "https://thor.ansur.no/display/file/2981093a76e5b0071e204a9ead4cdeeb/driver10/a4d80f026113c49e3402b3be06e4132c/preview.jpg", "preview_with_overlay_url": "https://thor.ansur.no/display/displayWithOverlays/2981093a76e5b0071e204a9ead4cdeeb/driver10/a4d80f026113c49e3402b3be06e4132c/preview.jpg", "thumbnail_url": "https://thor.ansur.no/display/file/c1bb5f9293492a10407109aa83b30777/driver10/a4d80f026113c49e3402b3be06e4132c/thumb.jpg", "files": [{"id": 83246, "file_type": 1, "size": 1150721, "state": 0, "created": "2019-09-13 10:58:59", "request_until": null, "meta": null, "hash": "a4d80f026113c49e3402b3be06e4132c", "url": null}, {"id": 83247, "file_type": 0, "size": 21207, "state": 3, "created": "2019-09-13 10:58:59", "request_until": "2019-10-13 10:58:59", "meta": null, "hash": "2981093a76e5b0071e204a9ead4cdeeb", "url": "https://thor.ansur.no/display/media/83247/driver10/a4d80f026113c49e3402b3be06e4132c/preview.jpg"}, {"id": 83248, "file_type": 3, "size": 9052, "state": 3, "created": "2019-09-13 10:59:03", "request_until": null, "meta": "", "hash": "c1bb5f9293492a10407109aa83b30777", "url": "https://thor.ansur.no/display/media/83248/driver10/a4d80f026113c49e3402b3be06e4132c/thumb.jpg"}]}}]}','null');
insert into aar_service.file (id, name, mimeType, url, record_id) values (326,'record/attachements/a4d80f026113c49e3402b3be06e4132c/preview.jpg','null','https://thor.ansur.no/display/media/83247/driver10/a4d80f026113c49e3402b3be06e4132c/preview.jpg',2161);
insert into aar_service.file (id, name, mimeType, url, record_id) values (327,'record/attachements/a4d80f026113c49e3402b3be06e4132c/thumb.jpg','null','https://thor.ansur.no/display/media/83248/driver10/a4d80f026113c49e3402b3be06e4132c/thumb.jpg',2161);
insert into aar_service.record (id, clientId, sessionId, createDate, trialDate, topic, recordType, headline, msgType, recordJson, recordData) values (2162,'asign_photo','null','2019-09-13 12:59:47.025','2019-09-13 12:59:47.025','photo_geojson','FeatureCollection','Chemical Spill - Under Control','Info','{"type": "FeatureCollection", "bbox": null, "features": [{"type": "Feature", "bbox": null, "geometry": {"type": "Point", "coordinates": [14.858765, 47.560547]}, "properties": {"id": 27424, "priority": 0, "viewed": true, "signature": "a4d80f026113c49e3402b3be06e4132c", "instant": "2019-09-13 10:58:30", "created": "2019-09-13 10:58:59", "updated": "2019-09-13 10:59:37.065336", "caption": "", "interpretation": null, "meta": {"Source": {"filename": "original.jpg", "camera_make": null, "width": 1500, "size": 1150721, "height": 750, "direction": 0.0, "camera_model": null, "field_of_view": null}}, "version": null, "application_id": "8f0cf7ac-92b4-47d1-9745-a393e18e71b7", "seen": "2019-09-13 10:59:09", "started": null, "stopped": null, "location_latitude": 47.560547, "location_longitude": 14.858765, "location_time": "2019-09-13 10:58:30", "location_accuracy": 0.0, "location_altitude": 0.0, "location_provider": null, "location_speed": null, "location_meta": null, "mission_id": 254, "mission_name": "Chemical Spill - Under Control", "thumbnail_hash": "c1bb5f9293492a10407109aa83b30777", "preview_hash": "2981093a76e5b0071e204a9ead4cdeeb", "category_id": null, "category_name": null, "application_device_type": 3, "application_last_login": "2019-09-13 10:58:44.303212", "application_phone": null, "application_last_rate": null, "application_updated": "2019-09-13 10:58:44.303212", "application_created": "2019-08-21 15:12:07.427551", "application_application_type": 4, "application_connection_type": 1, "application_connection_state": 1, "user_name": "driver10", "user_id": 807, "user_username": "driver10", "user_color": "DA1A1A", "user_connection_type": 0, "user_last_login": null, "user_last_rate": null, "observation_url": "https://thor.ansur.no/signs/processing/27424", "observation_type": "photo", "preview_url": "https://thor.ansur.no/display/file/2981093a76e5b0071e204a9ead4cdeeb/driver10/a4d80f026113c49e3402b3be06e4132c/preview.jpg", "preview_with_overlay_url": "https://thor.ansur.no/display/displayWithOverlays/2981093a76e5b0071e204a9ead4cdeeb/driver10/a4d80f026113c49e3402b3be06e4132c/preview.jpg", "thumbnail_url": "https://thor.ansur.no/display/file/c1bb5f9293492a10407109aa83b30777/driver10/a4d80f026113c49e3402b3be06e4132c/thumb.jpg", "files": [{"id": 83246, "file_type": 1, "size": 1150721, "state": 0, "created": "2019-09-13 10:58:59", "request_until": null, "meta": null, "hash": "a4d80f026113c49e3402b3be06e4132c", "url": null}, {"id": 83247, "file_type": 0, "size": 21207, "state": 3, "created": "2019-09-13 10:58:59", "request_until": "2019-10-13 10:58:59", "meta": null, "hash": "2981093a76e5b0071e204a9ead4cdeeb", "url": "https://thor.ansur.no/display/media/83247/driver10/a4d80f026113c49e3402b3be06e4132c/preview.jpg"}, {"id": 83248, "file_type": 3, "size": 9052, "state": 3, "created": "2019-09-13 10:59:03", "request_until": null, "meta": "", "hash": "c1bb5f9293492a10407109aa83b30777", "url": "https://thor.ansur.no/display/media/83248/driver10/a4d80f026113c49e3402b3be06e4132c/thumb.jpg"}, {"id": 83249, "file_type": 2, "size": 295281, "state": 3, "created": "2019-09-13 10:59:34", "request_until": "2019-10-13 10:59:34", "meta": {"Region": {"x": 0, "y": 0, "width": 1500, "height": 750, "scale": 1.0, "quality": 90}}, "hash": "c88065c74d8eabc495c87f41d52a7ed8", "url": "https://thor.ansur.no/display/media/83249/driver10/a4d80f026113c49e3402b3be06e4132c/roi_393431351.jpg"}]}}]}','null');
insert into aar_service.file (id, name, mimeType, url, record_id) values (328,'record/attachements/a4d80f026113c49e3402b3be06e4132c/preview.jpg','null','https://thor.ansur.no/display/media/83247/driver10/a4d80f026113c49e3402b3be06e4132c/preview.jpg',2162);
insert into aar_service.file (id, name, mimeType, url, record_id) values (329,'record/attachements/a4d80f026113c49e3402b3be06e4132c/thumb.jpg','null','https://thor.ansur.no/display/media/83248/driver10/a4d80f026113c49e3402b3be06e4132c/thumb.jpg',2162);
insert into aar_service.file (id, name, mimeType, url, record_id) values (330,'record/attachements/a4d80f026113c49e3402b3be06e4132c/roi_393431351.jpg','null','https://thor.ansur.no/display/media/83249/driver10/a4d80f026113c49e3402b3be06e4132c/roi_393431351.jpg',2162);
insert into aar_service.record (id, clientId, sessionId, createDate, trialDate, topic, recordType, headline, msgType, recordJson, recordData) values (2163,'asign_photo','null','2019-09-13 13:01:57.111','2019-09-13 13:01:57.111','photo_geojson','FeatureCollection','Chemical Spill - Under Control','Info','{"type": "FeatureCollection", "bbox": null, "features": [{"type": "Feature", "bbox": null, "geometry": {"type": "Point", "coordinates": [14.863544, 47.559307]}, "properties": {"id": 27425, "priority": 0, "viewed": true, "signature": "f0d76f7ecb2492c13ca94da663fb5ed9", "instant": "2019-09-13 11:01:09", "created": "2019-09-13 11:01:47", "updated": "2019-09-13 11:01:54.458459", "caption": "", "interpretation": null, "meta": {"Source": {"filename": "original.jpg", "camera_make": null, "width": 2484, "size": 3038759, "height": 1242, "direction": 0.0, "camera_model": null, "field_of_view": null}}, "version": null, "application_id": "a7fae54e-a7fd-4e11-8008-7f2f1a8207ca", "seen": "2019-09-13 11:01:54", "started": null, "stopped": null, "location_latitude": 47.559307, "location_longitude": 14.863544, "location_time": "2019-09-13 11:01:09", "location_accuracy": 0.0, "location_altitude": 0.0, "location_provider": null, "location_speed": null, "location_meta": null, "mission_id": 254, "mission_name": "Chemical Spill - Under Control", "thumbnail_hash": "58a9633fdf4f3fc3f5b098c7de419c9b", "preview_hash": "51e7accf0af38a89833ea52b8ea33176", "category_id": null, "category_name": null, "application_device_type": 3, "application_last_login": "2019-09-13 11:01:23.664103", "application_phone": null, "application_last_rate": null, "application_updated": "2019-09-13 11:01:23.664103", "application_created": "2019-09-11 08:58:00.323881", "application_application_type": 4, "application_connection_type": 1, "application_connection_state": 1, "user_name": "driver12", "user_id": 811, "user_username": "driver12", "user_color": "FFFFFF", "user_connection_type": 0, "user_last_login": null, "user_last_rate": null, "observation_url": "https://thor.ansur.no/signs/processing/27425", "observation_type": "photo", "preview_url": "https://thor.ansur.no/display/file/51e7accf0af38a89833ea52b8ea33176/driver12/f0d76f7ecb2492c13ca94da663fb5ed9/preview.jpg", "preview_with_overlay_url": "https://thor.ansur.no/display/displayWithOverlays/51e7accf0af38a89833ea52b8ea33176/driver12/f0d76f7ecb2492c13ca94da663fb5ed9/preview.jpg", "thumbnail_url": "https://thor.ansur.no/display/file/58a9633fdf4f3fc3f5b098c7de419c9b/driver12/f0d76f7ecb2492c13ca94da663fb5ed9/thumb.jpg", "files": [{"id": 83250, "file_type": 1, "size": 3038759, "state": 0, "created": "2019-09-13 11:01:47", "request_until": null, "meta": null, "hash": "f0d76f7ecb2492c13ca94da663fb5ed9", "url": null}, {"id": 83251, "file_type": 0, "size": 21040, "state": 3, "created": "2019-09-13 11:01:47", "request_until": "2019-10-13 11:01:47", "meta": null, "hash": "51e7accf0af38a89833ea52b8ea33176", "url": "https://thor.ansur.no/display/media/83251/driver12/f0d76f7ecb2492c13ca94da663fb5ed9/preview.jpg"}, {"id": 83252, "file_type": 3, "size": 9158, "state": 3, "created": "2019-09-13 11:01:48", "request_until": null, "meta": "", "hash": "58a9633fdf4f3fc3f5b098c7de419c9b", "url": "https://thor.ansur.no/display/media/83252/driver12/f0d76f7ecb2492c13ca94da663fb5ed9/thumb.jpg"}]}}]}','null');
insert into aar_service.file (id, name, mimeType, url, record_id) values (331,'record/attachements/f0d76f7ecb2492c13ca94da663fb5ed9/preview.jpg','null','https://thor.ansur.no/display/media/83251/driver12/f0d76f7ecb2492c13ca94da663fb5ed9/preview.jpg',2163);
insert into aar_service.file (id, name, mimeType, url, record_id) values (332,'record/attachements/f0d76f7ecb2492c13ca94da663fb5ed9/thumb.jpg','null','https://thor.ansur.no/display/media/83252/driver12/f0d76f7ecb2492c13ca94da663fb5ed9/thumb.jpg',2163);
insert into aar_service.record (id, clientId, sessionId, createDate, trialDate, topic, recordType, headline, msgType, recordJson, recordData) values (2202,'TB-GeoServer','null','2019-09-13 14:16:38.206','2019-09-13 14:16:38.206','system_logging','Log','--> addCallback: standard_map_layer_update','Info','{"id": "TB-GeoServer", "dateTimeSent": 1568376995979, "level": "INFO", "log": "--> addCallback: standard_map_layer_update"}','null');
insert into aar_service.record (id, clientId, sessionId, createDate, trialDate, topic, recordType, headline, msgType, recordJson, recordData) values (2164,'asign_photo','null','2019-09-13 13:02:42.18','2019-09-13 13:02:42.18','photo_geojson','FeatureCollection','Chemical Spill - Under Control','Info','{"type": "FeatureCollection", "bbox": null, "features": [{"type": "Feature", "bbox": null, "geometry": {"type": "Point", "coordinates": [14.863544, 47.559307]}, "properties": {"id": 27425, "priority": 0, "viewed": true, "signature": "f0d76f7ecb2492c13ca94da663fb5ed9", "instant": "2019-09-13 11:01:09", "created": "2019-09-13 11:01:47", "updated": "2019-09-13 11:02:30.097458", "caption": "", "interpretation": null, "meta": {"Source": {"filename": "original.jpg", "camera_make": null, "width": 2484, "size": 3038759, "height": 1242, "direction": 0.0, "camera_model": null, "field_of_view": null}}, "version": null, "application_id": "a7fae54e-a7fd-4e11-8008-7f2f1a8207ca", "seen": "2019-09-13 11:01:54", "started": null, "stopped": null, "location_latitude": 47.559307, "location_longitude": 14.863544, "location_time": "2019-09-13 11:01:09", "location_accuracy": 0.0, "location_altitude": 0.0, "location_provider": null, "location_speed": null, "location_meta": null, "mission_id": 254, "mission_name": "Chemical Spill - Under Control", "thumbnail_hash": "58a9633fdf4f3fc3f5b098c7de419c9b", "preview_hash": "51e7accf0af38a89833ea52b8ea33176", "category_id": null, "category_name": null, "application_device_type": 3, "application_last_login": "2019-09-13 11:01:23.664103", "application_phone": null, "application_last_rate": null, "application_updated": "2019-09-13 11:01:23.664103", "application_created": "2019-09-11 08:58:00.323881", "application_application_type": 4, "application_connection_type": 1, "application_connection_state": 1, "user_name": "driver12", "user_id": 811, "user_username": "driver12", "user_color": "FFFFFF", "user_connection_type": 0, "user_last_login": null, "user_last_rate": null, "observation_url": "https://thor.ansur.no/signs/processing/27425", "observation_type": "photo", "preview_url": "https://thor.ansur.no/display/file/51e7accf0af38a89833ea52b8ea33176/driver12/f0d76f7ecb2492c13ca94da663fb5ed9/preview.jpg", "preview_with_overlay_url": "https://thor.ansur.no/display/displayWithOverlays/51e7accf0af38a89833ea52b8ea33176/driver12/f0d76f7ecb2492c13ca94da663fb5ed9/preview.jpg", "thumbnail_url": "https://thor.ansur.no/display/file/58a9633fdf4f3fc3f5b098c7de419c9b/driver12/f0d76f7ecb2492c13ca94da663fb5ed9/thumb.jpg", "files": [{"id": 83250, "file_type": 1, "size": 3038759, "state": 0, "created": "2019-09-13 11:01:47", "request_until": null, "meta": null, "hash": "f0d76f7ecb2492c13ca94da663fb5ed9", "url": null}, {"id": 83251, "file_type": 0, "size": 21040, "state": 3, "created": "2019-09-13 11:01:47", "request_until": "2019-10-13 11:01:47", "meta": null, "hash": "51e7accf0af38a89833ea52b8ea33176", "url": "https://thor.ansur.no/display/media/83251/driver12/f0d76f7ecb2492c13ca94da663fb5ed9/preview.jpg"}, {"id": 83252, "file_type": 3, "size": 9158, "state": 3, "created": "2019-09-13 11:01:48", "request_until": null, "meta": "", "hash": "58a9633fdf4f3fc3f5b098c7de419c9b", "url": "https://thor.ansur.no/display/media/83252/driver12/f0d76f7ecb2492c13ca94da663fb5ed9/thumb.jpg"}, {"id": 83253, "file_type": 2, "size": null, "state": 1, "created": "2019-09-13 11:02:27", "request_until": "2019-10-13 11:02:27", "meta": {"Region": {"x": 0, "y": 0, "width": 2484, "height": 1242, "scale": 1.0, "quality": 90}}, "hash": null, "url": null}]}}]}','null');
insert into aar_service.file (id, name, mimeType, url, record_id) values (333,'record/attachements/f0d76f7ecb2492c13ca94da663fb5ed9/preview.jpg','null','https://thor.ansur.no/display/media/83251/driver12/f0d76f7ecb2492c13ca94da663fb5ed9/preview.jpg',2164);
insert into aar_service.file (id, name, mimeType, url, record_id) values (334,'record/attachements/f0d76f7ecb2492c13ca94da663fb5ed9/thumb.jpg','null','https://thor.ansur.no/display/media/83252/driver12/f0d76f7ecb2492c13ca94da663fb5ed9/thumb.jpg',2164);
insert into aar_service.record (id, clientId, sessionId, createDate, trialDate, topic, recordType, headline, msgType, recordJson, recordData) values (2165,'asign_photo','null','2019-09-13 13:02:52.246','2019-09-13 13:02:52.246','photo_geojson','FeatureCollection','Chemical Spill - Under Control','Info','{"type": "FeatureCollection", "bbox": null, "features": [{"type": "Feature", "bbox": null, "geometry": {"type": "Point", "coordinates": [14.863544, 47.559307]}, "properties": {"id": 27425, "priority": 0, "viewed": true, "signature": "f0d76f7ecb2492c13ca94da663fb5ed9", "instant": "2019-09-13 11:01:09", "created": "2019-09-13 11:01:47", "updated": "2019-09-13 11:02:39.320527", "caption": "", "interpretation": null, "meta": {"Source": {"filename": "original.jpg", "camera_make": null, "width": 2484, "size": 3038759, "height": 1242, "direction": 0.0, "camera_model": null, "field_of_view": null}}, "version": null, "application_id": "a7fae54e-a7fd-4e11-8008-7f2f1a8207ca", "seen": "2019-09-13 11:01:54", "started": null, "stopped": null, "location_latitude": 47.559307, "location_longitude": 14.863544, "location_time": "2019-09-13 11:01:09", "location_accuracy": 0.0, "location_altitude": 0.0, "location_provider": null, "location_speed": null, "location_meta": null, "mission_id": 254, "mission_name": "Chemical Spill - Under Control", "thumbnail_hash": "58a9633fdf4f3fc3f5b098c7de419c9b", "preview_hash": "51e7accf0af38a89833ea52b8ea33176", "category_id": null, "category_name": null, "application_device_type": 3, "application_last_login": "2019-09-13 11:01:23.664103", "application_phone": null, "application_last_rate": null, "application_updated": "2019-09-13 11:01:23.664103", "application_created": "2019-09-11 08:58:00.323881", "application_application_type": 4, "application_connection_type": 1, "application_connection_state": 1, "user_name": "driver12", "user_id": 811, "user_username": "driver12", "user_color": "FFFFFF", "user_connection_type": 0, "user_last_login": null, "user_last_rate": null, "observation_url": "https://thor.ansur.no/signs/processing/27425", "observation_type": "photo", "preview_url": "https://thor.ansur.no/display/file/51e7accf0af38a89833ea52b8ea33176/driver12/f0d76f7ecb2492c13ca94da663fb5ed9/preview.jpg", "preview_with_overlay_url": "https://thor.ansur.no/display/displayWithOverlays/51e7accf0af38a89833ea52b8ea33176/driver12/f0d76f7ecb2492c13ca94da663fb5ed9/preview.jpg", "thumbnail_url": "https://thor.ansur.no/display/file/58a9633fdf4f3fc3f5b098c7de419c9b/driver12/f0d76f7ecb2492c13ca94da663fb5ed9/thumb.jpg", "files": [{"id": 83250, "file_type": 1, "size": 3038759, "state": 0, "created": "2019-09-13 11:01:47", "request_until": null, "meta": null, "hash": "f0d76f7ecb2492c13ca94da663fb5ed9", "url": null}, {"id": 83251, "file_type": 0, "size": 21040, "state": 3, "created": "2019-09-13 11:01:47", "request_until": "2019-10-13 11:01:47", "meta": null, "hash": "51e7accf0af38a89833ea52b8ea33176", "url": "https://thor.ansur.no/display/media/83251/driver12/f0d76f7ecb2492c13ca94da663fb5ed9/preview.jpg"}, {"id": 83252, "file_type": 3, "size": 9158, "state": 3, "created": "2019-09-13 11:01:48", "request_until": null, "meta": "", "hash": "58a9633fdf4f3fc3f5b098c7de419c9b", "url": "https://thor.ansur.no/display/media/83252/driver12/f0d76f7ecb2492c13ca94da663fb5ed9/thumb.jpg"}, {"id": 83253, "file_type": 2, "size": 766914, "state": 3, "created": "2019-09-13 11:02:27", "request_until": "2019-10-13 11:02:27", "meta": {"Region": {"x": 0, "y": 0, "width": 2484, "height": 1242, "scale": 1.0, "quality": 90}}, "hash": "9107fad9c8a04d0f6ca607b148e498fa", "url": "https://thor.ansur.no/display/media/83253/driver12/f0d76f7ecb2492c13ca94da663fb5ed9/roi_1778665064.jpg"}]}}]}','null');
insert into aar_service.file (id, name, mimeType, url, record_id) values (335,'record/attachements/f0d76f7ecb2492c13ca94da663fb5ed9/preview.jpg','null','https://thor.ansur.no/display/media/83251/driver12/f0d76f7ecb2492c13ca94da663fb5ed9/preview.jpg',2165);
insert into aar_service.file (id, name, mimeType, url, record_id) values (336,'record/attachements/f0d76f7ecb2492c13ca94da663fb5ed9/thumb.jpg','null','https://thor.ansur.no/display/media/83252/driver12/f0d76f7ecb2492c13ca94da663fb5ed9/thumb.jpg',2165);
insert into aar_service.file (id, name, mimeType, url, record_id) values (337,'record/attachements/f0d76f7ecb2492c13ca94da663fb5ed9/roi_1778665064.jpg','null','https://thor.ansur.no/display/media/83253/driver12/f0d76f7ecb2492c13ca94da663fb5ed9/roi_1778665064.jpg',2165);
insert into aar_service.record (id, clientId, sessionId, createDate, trialDate, topic, recordType, headline, msgType, recordJson, recordData) values (2166,'asign_photo','null','2019-09-13 13:12:37.386','2019-09-13 13:12:37.386','photo_geojson','FeatureCollection','Chemical Spill - Under Control','Info','{"type": "FeatureCollection", "bbox": null, "features": [{"type": "Feature", "bbox": null, "geometry": {"type": "Point", "coordinates": [14.860896, 47.56015]}, "properties": {"id": 27427, "priority": 0, "viewed": false, "signature": "2c7383b35b81ae3247278f7285c26950", "instant": "2019-09-13 11:12:13", "created": "2019-09-13 11:12:17", "updated": "2019-09-13 11:12:33.351356", "caption": "", "interpretation": null, "meta": {"Source": {"filename": "original.jpg", "camera_make": "Apple", "width": 4032, "size": 14424473, "height": 3024, "direction": 160.0, "camera_model": "iPhone 6s Plus", "field_of_view": null}}, "version": null, "application_id": "a7fae54e-a7fd-4e11-8008-7f2f1a8207ca", "seen": null, "started": null, "stopped": null, "location_latitude": 47.56015, "location_longitude": 14.860896, "location_time": "2019-09-13 11:12:10", "location_accuracy": 10.0, "location_altitude": 666.369507, "location_provider": null, "location_speed": null, "location_meta": null, "mission_id": 254, "mission_name": "Chemical Spill - Under Control", "thumbnail_hash": "7ba6cafbcba30d4fd0e8897abb50da5e", "preview_hash": "5112edabd6d1ac6edd6211c480c17690", "category_id": null, "category_name": null, "application_device_type": 3, "application_last_login": "2019-09-13 11:12:14.52912", "application_phone": null, "application_last_rate": null, "application_updated": "2019-09-13 11:12:14.52912", "application_created": "2019-09-11 08:58:00.323881", "application_application_type": 4, "application_connection_type": 1, "application_connection_state": 1, "user_name": "driver12", "user_id": 811, "user_username": "driver12", "user_color": "FFFFFF", "user_connection_type": 0, "user_last_login": null, "user_last_rate": null, "observation_url": "https://thor.ansur.no/signs/processing/27427", "observation_type": "photo", "preview_url": "https://thor.ansur.no/display/file/5112edabd6d1ac6edd6211c480c17690/driver12/2c7383b35b81ae3247278f7285c26950/preview.jpg", "preview_with_overlay_url": "https://thor.ansur.no/display/displayWithOverlays/5112edabd6d1ac6edd6211c480c17690/driver12/2c7383b35b81ae3247278f7285c26950/preview.jpg", "thumbnail_url": "https://thor.ansur.no/display/file/7ba6cafbcba30d4fd0e8897abb50da5e/driver12/2c7383b35b81ae3247278f7285c26950/thumb.jpg", "files": [{"id": 83259, "file_type": 1, "size": 14424473, "state": 0, "created": "2019-09-13 11:12:17", "request_until": null, "meta": null, "hash": "2c7383b35b81ae3247278f7285c26950", "url": null}, {"id": 83260, "file_type": 0, "size": 77731, "state": 3, "created": "2019-09-13 11:12:17", "request_until": "2019-10-13 11:12:17", "meta": null, "hash": "5112edabd6d1ac6edd6211c480c17690", "url": "https://thor.ansur.no/display/media/83260/driver12/2c7383b35b81ae3247278f7285c26950/preview.jpg"}, {"id": 83261, "file_type": 3, "size": 15636, "state": 3, "created": "2019-09-13 11:12:33", "request_until": null, "meta": "", "hash": "7ba6cafbcba30d4fd0e8897abb50da5e", "url": "https://thor.ansur.no/display/media/83261/driver12/2c7383b35b81ae3247278f7285c26950/thumb.jpg"}]}}]}','null');
insert into aar_service.file (id, name, mimeType, url, record_id) values (338,'record/attachements/2c7383b35b81ae3247278f7285c26950/preview.jpg','null','https://thor.ansur.no/display/media/83260/driver12/2c7383b35b81ae3247278f7285c26950/preview.jpg',2166);
insert into aar_service.file (id, name, mimeType, url, record_id) values (339,'record/attachements/2c7383b35b81ae3247278f7285c26950/thumb.jpg','null','https://thor.ansur.no/display/media/83261/driver12/2c7383b35b81ae3247278f7285c26950/thumb.jpg',2166);
insert into aar_service.record (id, clientId, sessionId, createDate, trialDate, topic, recordType, headline, msgType, recordJson, recordData) values (2167,'asign_photo','null','2019-09-13 13:12:47.527','2019-09-13 13:12:47.527','photo_geojson','FeatureCollection','Chemical Spill - Under Control','Info','{"type": "FeatureCollection", "bbox": null, "features": [{"type": "Feature", "bbox": null, "geometry": {"type": "Point", "coordinates": [14.860896, 47.56015]}, "properties": {"id": 27427, "priority": 0, "viewed": true, "signature": "2c7383b35b81ae3247278f7285c26950", "instant": "2019-09-13 11:12:13", "created": "2019-09-13 11:12:17", "updated": "2019-09-13 11:12:42.404624", "caption": "", "interpretation": null, "meta": {"Source": {"filename": "original.jpg", "camera_make": "Apple", "width": 4032, "size": 14424473, "height": 3024, "direction": 160.0, "camera_model": "iPhone 6s Plus", "field_of_view": null}}, "version": null, "application_id": "a7fae54e-a7fd-4e11-8008-7f2f1a8207ca", "seen": "2019-09-13 11:12:42", "started": null, "stopped": null, "location_latitude": 47.56015, "location_longitude": 14.860896, "location_time": "2019-09-13 11:12:10", "location_accuracy": 10.0, "location_altitude": 666.369507, "location_provider": null, "location_speed": null, "location_meta": null, "mission_id": 254, "mission_name": "Chemical Spill - Under Control", "thumbnail_hash": "7ba6cafbcba30d4fd0e8897abb50da5e", "preview_hash": "5112edabd6d1ac6edd6211c480c17690", "category_id": null, "category_name": null, "application_device_type": 3, "application_last_login": "2019-09-13 11:12:14.52912", "application_phone": null, "application_last_rate": null, "application_updated": "2019-09-13 11:12:14.52912", "application_created": "2019-09-11 08:58:00.323881", "application_application_type": 4, "application_connection_type": 1, "application_connection_state": 1, "user_name": "driver12", "user_id": 811, "user_username": "driver12", "user_color": "FFFFFF", "user_connection_type": 0, "user_last_login": null, "user_last_rate": null, "observation_url": "https://thor.ansur.no/signs/processing/27427", "observation_type": "photo", "preview_url": "https://thor.ansur.no/display/file/5112edabd6d1ac6edd6211c480c17690/driver12/2c7383b35b81ae3247278f7285c26950/preview.jpg", "preview_with_overlay_url": "https://thor.ansur.no/display/displayWithOverlays/5112edabd6d1ac6edd6211c480c17690/driver12/2c7383b35b81ae3247278f7285c26950/preview.jpg", "thumbnail_url": "https://thor.ansur.no/display/file/7ba6cafbcba30d4fd0e8897abb50da5e/driver12/2c7383b35b81ae3247278f7285c26950/thumb.jpg", "files": [{"id": 83259, "file_type": 1, "size": 14424473, "state": 0, "created": "2019-09-13 11:12:17", "request_until": null, "meta": null, "hash": "2c7383b35b81ae3247278f7285c26950", "url": null}, {"id": 83260, "file_type": 0, "size": 77731, "state": 3, "created": "2019-09-13 11:12:17", "request_until": "2019-10-13 11:12:17", "meta": null, "hash": "5112edabd6d1ac6edd6211c480c17690", "url": "https://thor.ansur.no/display/media/83260/driver12/2c7383b35b81ae3247278f7285c26950/preview.jpg"}, {"id": 83261, "file_type": 3, "size": 15636, "state": 3, "created": "2019-09-13 11:12:33", "request_until": null, "meta": "", "hash": "7ba6cafbcba30d4fd0e8897abb50da5e", "url": "https://thor.ansur.no/display/media/83261/driver12/2c7383b35b81ae3247278f7285c26950/thumb.jpg"}]}}]}','null');
insert into aar_service.file (id, name, mimeType, url, record_id) values (340,'record/attachements/2c7383b35b81ae3247278f7285c26950/preview.jpg','null','https://thor.ansur.no/display/media/83260/driver12/2c7383b35b81ae3247278f7285c26950/preview.jpg',2167);
insert into aar_service.file (id, name, mimeType, url, record_id) values (341,'record/attachements/2c7383b35b81ae3247278f7285c26950/thumb.jpg','null','https://thor.ansur.no/display/media/83261/driver12/2c7383b35b81ae3247278f7285c26950/thumb.jpg',2167);
insert into aar_service.record (id, clientId, sessionId, createDate, trialDate, topic, recordType, headline, msgType, recordJson, recordData) values (2168,'asign_photo','null','2019-09-13 13:24:32.994','2019-09-13 13:24:32.994','photo_geojson','FeatureCollection','Chemical Spill - Under Control','Info','{"type": "FeatureCollection", "bbox": null, "features": [{"type": "Feature", "bbox": null, "geometry": {"type": "Point", "coordinates": [14.860732, 47.559906]}, "properties": {"id": 27428, "priority": 0, "viewed": false, "signature": "28d732675457481f040d975b6414b14c", "instant": "2019-09-13 11:23:54", "created": "2019-09-13 11:24:17", "updated": "2019-09-13 11:24:20.327535", "caption": "", "interpretation": null, "meta": {"Source": {"filename": "original.jpg", "camera_make": "Apple", "width": 3024, "size": 5821025, "height": 4032, "direction": 306.0, "camera_model": "iPhone 6s Plus", "field_of_view": null}}, "version": null, "application_id": "a7fae54e-a7fd-4e11-8008-7f2f1a8207ca", "seen": null, "started": null, "stopped": null, "location_latitude": 47.559906, "location_longitude": 14.860732, "location_time": "2019-09-13 11:23:50", "location_accuracy": 5.0, "location_altitude": 681.770874, "location_provider": null, "location_speed": null, "location_meta": null, "mission_id": 254, "mission_name": "Chemical Spill - Under Control", "thumbnail_hash": "f86b29eb0126070fed65a24fa32d7de2", "preview_hash": "6a99374175e879372f64b5652d6b0790", "category_id": null, "category_name": null, "application_device_type": 3, "application_last_login": "2019-09-13 11:23:43.327565", "application_phone": null, "application_last_rate": null, "application_updated": "2019-09-13 11:23:43.327565", "application_created": "2019-09-11 08:58:00.323881", "application_application_type": 4, "application_connection_type": 1, "application_connection_state": 1, "user_name": "driver12", "user_id": 811, "user_username": "driver12", "user_color": "FFFFFF", "user_connection_type": 0, "user_last_login": null, "user_last_rate": null, "observation_url": "https://thor.ansur.no/signs/processing/27428", "observation_type": "photo", "preview_url": "https://thor.ansur.no/display/file/6a99374175e879372f64b5652d6b0790/driver12/28d732675457481f040d975b6414b14c/preview.jpg", "preview_with_overlay_url": "https://thor.ansur.no/display/displayWithOverlays/6a99374175e879372f64b5652d6b0790/driver12/28d732675457481f040d975b6414b14c/preview.jpg", "thumbnail_url": "https://thor.ansur.no/display/file/f86b29eb0126070fed65a24fa32d7de2/driver12/28d732675457481f040d975b6414b14c/thumb.jpg", "files": [{"id": 83262, "file_type": 1, "size": 5821025, "state": 0, "created": "2019-09-13 11:24:17", "request_until": null, "meta": null, "hash": "28d732675457481f040d975b6414b14c", "url": null}, {"id": 83263, "file_type": 0, "size": 27522, "state": 3, "created": "2019-09-13 11:24:17", "request_until": "2019-10-13 11:24:17", "meta": null, "hash": "6a99374175e879372f64b5652d6b0790", "url": "https://thor.ansur.no/display/media/83263/driver12/28d732675457481f040d975b6414b14c/preview.jpg"}, {"id": 83264, "file_type": 3, "size": 19884, "state": 3, "created": "2019-09-13 11:24:20", "request_until": null, "meta": "", "hash": "f86b29eb0126070fed65a24fa32d7de2", "url": "https://thor.ansur.no/display/media/83264/driver12/28d732675457481f040d975b6414b14c/thumb.jpg"}]}}]}','null');
insert into aar_service.file (id, name, mimeType, url, record_id) values (342,'record/attachements/28d732675457481f040d975b6414b14c/preview.jpg','null','https://thor.ansur.no/display/media/83263/driver12/28d732675457481f040d975b6414b14c/preview.jpg',2168);
insert into aar_service.file (id, name, mimeType, url, record_id) values (343,'record/attachements/28d732675457481f040d975b6414b14c/thumb.jpg','null','https://thor.ansur.no/display/media/83264/driver12/28d732675457481f040d975b6414b14c/thumb.jpg',2168);
insert into aar_service.record (id, clientId, sessionId, createDate, trialDate, topic, recordType, headline, msgType, recordJson, recordData) values (2203,'TB-GeoServer','null','2019-09-13 14:16:38.354','2019-09-13 14:16:38.354','system_logging','Log','New Generic Callback Consumer created for topic: standard_map_layer_update','Info','{"id": "TB-GeoServer", "dateTimeSent": 1568376996000, "level": "INFO", "log": "New Generic Callback Consumer created for topic: standard_map_layer_update"}','null');
insert into aar_service.record (id, clientId, sessionId, createDate, trialDate, topic, recordType, headline, msgType, recordJson, recordData) values (2169,'asign_photo','null','2019-09-13 13:25:38.068','2019-09-13 13:25:38.068','photo_geojson','FeatureCollection','Chemical Spill - Under Control','Info','{"type": "FeatureCollection", "bbox": null, "features": [{"type": "Feature", "bbox": null, "geometry": {"type": "Point", "coordinates": [14.860793, 47.560005]}, "properties": {"id": 27429, "priority": 0, "viewed": false, "signature": "063605085db6b52f897224a138e2e41f", "instant": "2019-09-13 11:24:57", "created": "2019-09-13 11:25:27", "updated": "2019-09-13 11:25:31.159577", "caption": "", "interpretation": null, "meta": {"Source": {"filename": "original.jpg", "camera_make": null, "width": 2484, "size": 2879147, "height": 1242, "direction": 0.0, "camera_model": null, "field_of_view": null}}, "version": null, "application_id": "a7fae54e-a7fd-4e11-8008-7f2f1a8207ca", "seen": null, "started": null, "stopped": null, "location_latitude": 47.560005, "location_longitude": 14.860793, "location_time": "2019-09-13 11:24:57", "location_accuracy": 0.0, "location_altitude": 0.0, "location_provider": null, "location_speed": null, "location_meta": null, "mission_id": 254, "mission_name": "Chemical Spill - Under Control", "thumbnail_hash": "470d6db955bc86387c0c1a57f4e9a684", "preview_hash": "1f77d75751c43c88634edbb471c89fcb", "category_id": null, "category_name": null, "application_device_type": 3, "application_last_login": "2019-09-13 11:25:09.469285", "application_phone": null, "application_last_rate": null, "application_updated": "2019-09-13 11:25:09.469285", "application_created": "2019-09-11 08:58:00.323881", "application_application_type": 4, "application_connection_type": 1, "application_connection_state": 1, "user_name": "driver12", "user_id": 811, "user_username": "driver12", "user_color": "FFFFFF", "user_connection_type": 0, "user_last_login": null, "user_last_rate": null, "observation_url": "https://thor.ansur.no/signs/processing/27429", "observation_type": "photo", "preview_url": "https://thor.ansur.no/display/file/1f77d75751c43c88634edbb471c89fcb/driver12/063605085db6b52f897224a138e2e41f/preview.jpg", "preview_with_overlay_url": "https://thor.ansur.no/display/displayWithOverlays/1f77d75751c43c88634edbb471c89fcb/driver12/063605085db6b52f897224a138e2e41f/preview.jpg", "thumbnail_url": "https://thor.ansur.no/display/file/470d6db955bc86387c0c1a57f4e9a684/driver12/063605085db6b52f897224a138e2e41f/thumb.jpg", "files": [{"id": 83265, "file_type": 1, "size": 2879147, "state": 0, "created": "2019-09-13 11:25:27", "request_until": null, "meta": null, "hash": "063605085db6b52f897224a138e2e41f", "url": null}, {"id": 83266, "file_type": 0, "size": 18993, "state": 3, "created": "2019-09-13 11:25:27", "request_until": "2019-10-13 11:25:27", "meta": null, "hash": "1f77d75751c43c88634edbb471c89fcb", "url": "https://thor.ansur.no/display/media/83266/driver12/063605085db6b52f897224a138e2e41f/preview.jpg"}, {"id": 83267, "file_type": 3, "size": 8913, "state": 3, "created": "2019-09-13 11:25:31", "request_until": null, "meta": "", "hash": "470d6db955bc86387c0c1a57f4e9a684", "url": "https://thor.ansur.no/display/media/83267/driver12/063605085db6b52f897224a138e2e41f/thumb.jpg"}]}}]}','null');
insert into aar_service.file (id, name, mimeType, url, record_id) values (344,'record/attachements/063605085db6b52f897224a138e2e41f/preview.jpg','null','https://thor.ansur.no/display/media/83266/driver12/063605085db6b52f897224a138e2e41f/preview.jpg',2169);
insert into aar_service.file (id, name, mimeType, url, record_id) values (345,'record/attachements/063605085db6b52f897224a138e2e41f/thumb.jpg','null','https://thor.ansur.no/display/media/83267/driver12/063605085db6b52f897224a138e2e41f/thumb.jpg',2169);
insert into aar_service.record (id, clientId, sessionId, createDate, trialDate, topic, recordType, headline, msgType, recordJson, recordData) values (2170,'asign_photo','null','2019-09-13 13:48:38.418','2019-09-13 13:48:38.418','photo_geojson','FeatureCollection','Chemical Spill - Under Control','Info','{"type": "FeatureCollection", "bbox": null, "features": [{"type": "Feature", "bbox": null, "geometry": {"type": "Point", "coordinates": [14.860793, 47.560005]}, "properties": {"id": 27429, "priority": 0, "viewed": true, "signature": "063605085db6b52f897224a138e2e41f", "instant": "2019-09-13 11:24:57", "created": "2019-09-13 11:25:27", "updated": "2019-09-13 11:48:24.726862", "caption": "", "interpretation": null, "meta": {"Source": {"filename": "original.jpg", "camera_make": null, "width": 2484, "size": 2879147, "height": 1242, "direction": 0.0, "camera_model": null, "field_of_view": null}}, "version": null, "application_id": "a7fae54e-a7fd-4e11-8008-7f2f1a8207ca", "seen": "2019-09-13 11:48:24", "started": null, "stopped": null, "location_latitude": 47.560005, "location_longitude": 14.860793, "location_time": "2019-09-13 11:24:57", "location_accuracy": 0.0, "location_altitude": 0.0, "location_provider": null, "location_speed": null, "location_meta": null, "mission_id": 254, "mission_name": "Chemical Spill - Under Control", "thumbnail_hash": "470d6db955bc86387c0c1a57f4e9a684", "preview_hash": "1f77d75751c43c88634edbb471c89fcb", "category_id": null, "category_name": null, "application_device_type": 3, "application_last_login": "2019-09-13 11:37:47.240457", "application_phone": null, "application_last_rate": null, "application_updated": "2019-09-13 11:37:47.240457", "application_created": "2019-09-11 08:58:00.323881", "application_application_type": 4, "application_connection_type": 1, "application_connection_state": 1, "user_name": "driver12", "user_id": 811, "user_username": "driver12", "user_color": "FFFFFF", "user_connection_type": 0, "user_last_login": null, "user_last_rate": null, "observation_url": "https://thor.ansur.no/signs/processing/27429", "observation_type": "photo", "preview_url": "https://thor.ansur.no/display/file/1f77d75751c43c88634edbb471c89fcb/driver12/063605085db6b52f897224a138e2e41f/preview.jpg", "preview_with_overlay_url": "https://thor.ansur.no/display/displayWithOverlays/1f77d75751c43c88634edbb471c89fcb/driver12/063605085db6b52f897224a138e2e41f/preview.jpg", "thumbnail_url": "https://thor.ansur.no/display/file/470d6db955bc86387c0c1a57f4e9a684/driver12/063605085db6b52f897224a138e2e41f/thumb.jpg", "files": [{"id": 83265, "file_type": 1, "size": 2879147, "state": 0, "created": "2019-09-13 11:25:27", "request_until": null, "meta": null, "hash": "063605085db6b52f897224a138e2e41f", "url": null}, {"id": 83266, "file_type": 0, "size": 18993, "state": 3, "created": "2019-09-13 11:25:27", "request_until": "2019-10-13 11:25:27", "meta": null, "hash": "1f77d75751c43c88634edbb471c89fcb", "url": "https://thor.ansur.no/display/media/83266/driver12/063605085db6b52f897224a138e2e41f/preview.jpg"}, {"id": 83267, "file_type": 3, "size": 8913, "state": 3, "created": "2019-09-13 11:25:31", "request_until": null, "meta": "", "hash": "470d6db955bc86387c0c1a57f4e9a684", "url": "https://thor.ansur.no/display/media/83267/driver12/063605085db6b52f897224a138e2e41f/thumb.jpg"}]}}]}','null');
insert into aar_service.file (id, name, mimeType, url, record_id) values (346,'record/attachements/063605085db6b52f897224a138e2e41f/preview.jpg','null','https://thor.ansur.no/display/media/83266/driver12/063605085db6b52f897224a138e2e41f/preview.jpg',2170);
insert into aar_service.file (id, name, mimeType, url, record_id) values (347,'record/attachements/063605085db6b52f897224a138e2e41f/thumb.jpg','null','https://thor.ansur.no/display/media/83267/driver12/063605085db6b52f897224a138e2e41f/thumb.jpg',2170);
insert into aar_service.record (id, clientId, sessionId, createDate, trialDate, topic, recordType, headline, msgType, recordJson, recordData) values (2171,'asign_photo','null','2019-09-13 13:48:43.483','2019-09-13 13:48:43.483','photo_geojson','FeatureCollection','Chemical Spill - Under Control','Info','{"type": "FeatureCollection", "bbox": null, "features": [{"type": "Feature", "bbox": null, "geometry": {"type": "Point", "coordinates": [14.860732, 47.559906]}, "properties": {"id": 27428, "priority": 0, "viewed": true, "signature": "28d732675457481f040d975b6414b14c", "instant": "2019-09-13 11:23:54", "created": "2019-09-13 11:24:17", "updated": "2019-09-13 11:48:30.481353", "caption": "", "interpretation": null, "meta": {"Source": {"filename": "original.jpg", "camera_make": "Apple", "width": 3024, "size": 5821025, "height": 4032, "direction": 306.0, "camera_model": "iPhone 6s Plus", "field_of_view": null}}, "version": null, "application_id": "a7fae54e-a7fd-4e11-8008-7f2f1a8207ca", "seen": "2019-09-13 11:48:30", "started": null, "stopped": null, "location_latitude": 47.559906, "location_longitude": 14.860732, "location_time": "2019-09-13 11:23:50", "location_accuracy": 5.0, "location_altitude": 681.770874, "location_provider": null, "location_speed": null, "location_meta": null, "mission_id": 254, "mission_name": "Chemical Spill - Under Control", "thumbnail_hash": "f86b29eb0126070fed65a24fa32d7de2", "preview_hash": "6a99374175e879372f64b5652d6b0790", "category_id": null, "category_name": null, "application_device_type": 3, "application_last_login": "2019-09-13 11:37:47.240457", "application_phone": null, "application_last_rate": null, "application_updated": "2019-09-13 11:37:47.240457", "application_created": "2019-09-11 08:58:00.323881", "application_application_type": 4, "application_connection_type": 1, "application_connection_state": 1, "user_name": "driver12", "user_id": 811, "user_username": "driver12", "user_color": "FFFFFF", "user_connection_type": 0, "user_last_login": null, "user_last_rate": null, "observation_url": "https://thor.ansur.no/signs/processing/27428", "observation_type": "photo", "preview_url": "https://thor.ansur.no/display/file/6a99374175e879372f64b5652d6b0790/driver12/28d732675457481f040d975b6414b14c/preview.jpg", "preview_with_overlay_url": "https://thor.ansur.no/display/displayWithOverlays/6a99374175e879372f64b5652d6b0790/driver12/28d732675457481f040d975b6414b14c/preview.jpg", "thumbnail_url": "https://thor.ansur.no/display/file/f86b29eb0126070fed65a24fa32d7de2/driver12/28d732675457481f040d975b6414b14c/thumb.jpg", "files": [{"id": 83262, "file_type": 1, "size": 5821025, "state": 0, "created": "2019-09-13 11:24:17", "request_until": null, "meta": null, "hash": "28d732675457481f040d975b6414b14c", "url": null}, {"id": 83263, "file_type": 0, "size": 27522, "state": 3, "created": "2019-09-13 11:24:17", "request_until": "2019-10-13 11:24:17", "meta": null, "hash": "6a99374175e879372f64b5652d6b0790", "url": "https://thor.ansur.no/display/media/83263/driver12/28d732675457481f040d975b6414b14c/preview.jpg"}, {"id": 83264, "file_type": 3, "size": 19884, "state": 3, "created": "2019-09-13 11:24:20", "request_until": null, "meta": "", "hash": "f86b29eb0126070fed65a24fa32d7de2", "url": "https://thor.ansur.no/display/media/83264/driver12/28d732675457481f040d975b6414b14c/thumb.jpg"}]}}]}','null');
insert into aar_service.file (id, name, mimeType, url, record_id) values (348,'record/attachements/28d732675457481f040d975b6414b14c/preview.jpg','null','https://thor.ansur.no/display/media/83263/driver12/28d732675457481f040d975b6414b14c/preview.jpg',2171);
insert into aar_service.file (id, name, mimeType, url, record_id) values (349,'record/attachements/28d732675457481f040d975b6414b14c/thumb.jpg','null','https://thor.ansur.no/display/media/83264/driver12/28d732675457481f040d975b6414b14c/thumb.jpg',2171);
insert into aar_service.record (id, clientId, sessionId, createDate, trialDate, topic, recordType, headline, msgType, recordJson, recordData) values (2172,'asign_photo','null','2019-09-13 13:49:03.54','2019-09-13 13:49:03.54','photo_geojson','FeatureCollection','null','Info','{"type": "FeatureCollection", "bbox": null, "features": [{"type": "Feature", "bbox": null, "geometry": {"type": "Point", "coordinates": [14.861104, 47.560181]}, "properties": {"id": 27430, "priority": 0, "viewed": true, "signature": "90446e66bb9343bbbf8e47e195caa294", "instant": "2019-09-13 11:48:47", "created": "2019-09-13 11:48:49", "updated": "2019-09-13 11:48:57.040151", "caption": "", "interpretation": null, "meta": {"Source": {"filename": "original.jpg", "camera_make": "Apple", "width": 4032, "size": 9079364, "height": 3024, "direction": 82.0, "camera_model": "iPhone X", "field_of_view": null}}, "version": null, "application_id": "6ff1f0c0-fbe4-4bd4-bd52-06083b37e6b9", "seen": "2019-09-13 11:48:57", "started": null, "stopped": null, "location_latitude": 47.560181, "location_longitude": 14.861104, "location_time": "2019-09-13 11:48:43", "location_accuracy": 65.0, "location_altitude": 666.643005, "location_provider": null, "location_speed": null, "location_meta": null, "mission_id": null, "mission_name": null, "thumbnail_hash": "7da210fde1198a6e7807aae0307d86af", "preview_hash": "85c7d8e36fa9191ff1f71df0533904af", "category_id": null, "category_name": null, "application_device_type": 3, "application_last_login": "2019-09-13 09:34:24.154926", "application_phone": null, "application_last_rate": null, "application_updated": "2019-09-13 09:34:24.154926", "application_created": "2019-09-11 09:22:07.448009", "application_application_type": 4, "application_connection_type": 1, "application_connection_state": 1, "user_name": "driver14", "user_id": 813, "user_username": "driver14", "user_color": "E51717", "user_connection_type": 0, "user_last_login": null, "user_last_rate": null, "observation_url": "https://thor.ansur.no/signs/processing/27430", "observation_type": "photo", "preview_url": "https://thor.ansur.no/display/file/85c7d8e36fa9191ff1f71df0533904af/driver14/90446e66bb9343bbbf8e47e195caa294/preview.jpg", "preview_with_overlay_url": "https://thor.ansur.no/display/displayWithOverlays/85c7d8e36fa9191ff1f71df0533904af/driver14/90446e66bb9343bbbf8e47e195caa294/preview.jpg", "thumbnail_url": "https://thor.ansur.no/display/file/7da210fde1198a6e7807aae0307d86af/driver14/90446e66bb9343bbbf8e47e195caa294/thumb.jpg", "files": [{"id": 83268, "file_type": 1, "size": 9079364, "state": 0, "created": "2019-09-13 11:48:49", "request_until": null, "meta": null, "hash": "90446e66bb9343bbbf8e47e195caa294", "url": null}, {"id": 83269, "file_type": 0, "size": 47789, "state": 3, "created": "2019-09-13 11:48:49", "request_until": "2019-10-13 11:48:49", "meta": null, "hash": "85c7d8e36fa9191ff1f71df0533904af", "url": "https://thor.ansur.no/display/media/83269/driver14/90446e66bb9343bbbf8e47e195caa294/preview.jpg"}, {"id": 83270, "file_type": 3, "size": 17629, "state": 3, "created": "2019-09-13 11:48:51", "request_until": null, "meta": "", "hash": "7da210fde1198a6e7807aae0307d86af", "url": "https://thor.ansur.no/display/media/83270/driver14/90446e66bb9343bbbf8e47e195caa294/thumb.jpg"}]}}]}','null');
insert into aar_service.file (id, name, mimeType, url, record_id) values (350,'record/attachements/90446e66bb9343bbbf8e47e195caa294/preview.jpg','null','https://thor.ansur.no/display/media/83269/driver14/90446e66bb9343bbbf8e47e195caa294/preview.jpg',2172);
insert into aar_service.file (id, name, mimeType, url, record_id) values (351,'record/attachements/90446e66bb9343bbbf8e47e195caa294/thumb.jpg','null','https://thor.ansur.no/display/media/83270/driver14/90446e66bb9343bbbf8e47e195caa294/thumb.jpg',2172);
insert into aar_service.record (id, clientId, sessionId, createDate, trialDate, topic, recordType, headline, msgType, recordJson, recordData) values (2173,'asign_photo','null','2019-09-13 13:49:13.595','2019-09-13 13:49:13.595','photo_geojson','FeatureCollection','null','Info','{"type": "FeatureCollection", "bbox": null, "features": [{"type": "Feature", "bbox": null, "geometry": {"type": "Point", "coordinates": [14.861104, 47.560181]}, "properties": {"id": 27430, "priority": 0, "viewed": true, "signature": "90446e66bb9343bbbf8e47e195caa294", "instant": "2019-09-13 11:48:47", "created": "2019-09-13 11:48:49", "updated": "2019-09-13 11:49:09.230284", "caption": "", "interpretation": null, "meta": {"Source": {"filename": "original.jpg", "camera_make": "Apple", "width": 4032, "size": 9079364, "height": 3024, "direction": 82.0, "camera_model": "iPhone X", "field_of_view": null}}, "version": null, "application_id": "6ff1f0c0-fbe4-4bd4-bd52-06083b37e6b9", "seen": "2019-09-13 11:48:57", "started": null, "stopped": null, "location_latitude": 47.560181, "location_longitude": 14.861104, "location_time": "2019-09-13 11:48:43", "location_accuracy": 65.0, "location_altitude": 666.643005, "location_provider": null, "location_speed": null, "location_meta": null, "mission_id": null, "mission_name": null, "thumbnail_hash": "7da210fde1198a6e7807aae0307d86af", "preview_hash": "85c7d8e36fa9191ff1f71df0533904af", "category_id": null, "category_name": null, "application_device_type": 3, "application_last_login": "2019-09-13 09:34:24.154926", "application_phone": null, "application_last_rate": null, "application_updated": "2019-09-13 09:34:24.154926", "application_created": "2019-09-11 09:22:07.448009", "application_application_type": 4, "application_connection_type": 1, "application_connection_state": 1, "user_name": "driver14", "user_id": 813, "user_username": "driver14", "user_color": "E51717", "user_connection_type": 0, "user_last_login": null, "user_last_rate": null, "observation_url": "https://thor.ansur.no/signs/processing/27430", "observation_type": "photo", "preview_url": "https://thor.ansur.no/display/file/85c7d8e36fa9191ff1f71df0533904af/driver14/90446e66bb9343bbbf8e47e195caa294/preview.jpg", "preview_with_overlay_url": "https://thor.ansur.no/display/displayWithOverlays/85c7d8e36fa9191ff1f71df0533904af/driver14/90446e66bb9343bbbf8e47e195caa294/preview.jpg", "thumbnail_url": "https://thor.ansur.no/display/file/7da210fde1198a6e7807aae0307d86af/driver14/90446e66bb9343bbbf8e47e195caa294/thumb.jpg", "files": [{"id": 83268, "file_type": 1, "size": 9079364, "state": 0, "created": "2019-09-13 11:48:49", "request_until": null, "meta": null, "hash": "90446e66bb9343bbbf8e47e195caa294", "url": null}, {"id": 83269, "file_type": 0, "size": 47789, "state": 3, "created": "2019-09-13 11:48:49", "request_until": "2019-10-13 11:48:49", "meta": null, "hash": "85c7d8e36fa9191ff1f71df0533904af", "url": "https://thor.ansur.no/display/media/83269/driver14/90446e66bb9343bbbf8e47e195caa294/preview.jpg"}, {"id": 83270, "file_type": 3, "size": 17629, "state": 3, "created": "2019-09-13 11:48:51", "request_until": null, "meta": "", "hash": "7da210fde1198a6e7807aae0307d86af", "url": "https://thor.ansur.no/display/media/83270/driver14/90446e66bb9343bbbf8e47e195caa294/thumb.jpg"}, {"id": 83271, "file_type": 2, "size": null, "state": 1, "created": "2019-09-13 11:49:06", "request_until": "2019-10-13 11:49:06", "meta": {"Region": {"x": 2141, "y": 1000, "width": 489, "height": 574, "scale": 1.0, "quality": 90}}, "hash": null, "url": null}]}}]}','null');
insert into aar_service.file (id, name, mimeType, url, record_id) values (352,'record/attachements/90446e66bb9343bbbf8e47e195caa294/preview.jpg','null','https://thor.ansur.no/display/media/83269/driver14/90446e66bb9343bbbf8e47e195caa294/preview.jpg',2173);
insert into aar_service.file (id, name, mimeType, url, record_id) values (353,'record/attachements/90446e66bb9343bbbf8e47e195caa294/thumb.jpg','null','https://thor.ansur.no/display/media/83270/driver14/90446e66bb9343bbbf8e47e195caa294/thumb.jpg',2173);
insert into aar_service.record (id, clientId, sessionId, createDate, trialDate, topic, recordType, headline, msgType, recordJson, recordData) values (2204,'TB-GeoServer','null','2019-09-13 14:16:38.505','2019-09-13 14:16:38.505','system_logging','Log','addCallback-->','Info','{"id": "TB-GeoServer", "dateTimeSent": 1568376996008, "level": "INFO", "log": "addCallback-->"}','null');
insert into aar_service.record (id, clientId, sessionId, createDate, trialDate, topic, recordType, headline, msgType, recordJson, recordData) values (2260,'TB-Ost','null','2019-09-13 15:04:50.298','2019-09-13 15:04:50.298','system_observer_tool_answer','ObserverToolAnswer','A new observation was reported by: Block5_USAR_Teams-ASIGN_Observer','Info','{"trialId": 13, "sessionId": 217, "answerId": 1670, "timeSendUTC": 1568379888, "timeWhen": 1568379889000, "observationTypeName": "Block5_USAR_Teams-ASIGN_Observer", "observervationTypeId": 1764, "observationTypeDescription": "Was ASIGN able to display 360* video?", "description": "", "multiplicity": true, "questions": [{"id": 2847, "name": "Was ASIGN able to display 360* video?", "description": "-", "answer": "Neutral", "comment": "It were photos, not videos", "typeOfQuestion": "radiobutton"}]}','null');
insert into aar_service.record (id, clientId, sessionId, createDate, trialDate, topic, recordType, headline, msgType, recordJson, recordData) values (2174,'asign_photo','null','2019-09-13 13:49:23.651','2019-09-13 13:49:23.651','photo_geojson','FeatureCollection','null','Info','{"type": "FeatureCollection", "bbox": null, "features": [{"type": "Feature", "bbox": null, "geometry": {"type": "Point", "coordinates": [14.861104, 47.560181]}, "properties": {"id": 27430, "priority": 0, "viewed": true, "signature": "90446e66bb9343bbbf8e47e195caa294", "instant": "2019-09-13 11:48:47", "created": "2019-09-13 11:48:49", "updated": "2019-09-13 11:49:11.327956", "caption": "", "interpretation": null, "meta": {"Source": {"filename": "original.jpg", "camera_make": "Apple", "width": 4032, "size": 9079364, "height": 3024, "direction": 82.0, "camera_model": "iPhone X", "field_of_view": null}}, "version": null, "application_id": "6ff1f0c0-fbe4-4bd4-bd52-06083b37e6b9", "seen": "2019-09-13 11:48:57", "started": null, "stopped": null, "location_latitude": 47.560181, "location_longitude": 14.861104, "location_time": "2019-09-13 11:48:43", "location_accuracy": 65.0, "location_altitude": 666.643005, "location_provider": null, "location_speed": null, "location_meta": null, "mission_id": null, "mission_name": null, "thumbnail_hash": "7da210fde1198a6e7807aae0307d86af", "preview_hash": "85c7d8e36fa9191ff1f71df0533904af", "category_id": null, "category_name": null, "application_device_type": 3, "application_last_login": "2019-09-13 09:34:24.154926", "application_phone": null, "application_last_rate": null, "application_updated": "2019-09-13 09:34:24.154926", "application_created": "2019-09-11 09:22:07.448009", "application_application_type": 4, "application_connection_type": 1, "application_connection_state": 1, "user_name": "driver14", "user_id": 813, "user_username": "driver14", "user_color": "E51717", "user_connection_type": 0, "user_last_login": null, "user_last_rate": null, "observation_url": "https://thor.ansur.no/signs/processing/27430", "observation_type": "photo", "preview_url": "https://thor.ansur.no/display/file/85c7d8e36fa9191ff1f71df0533904af/driver14/90446e66bb9343bbbf8e47e195caa294/preview.jpg", "preview_with_overlay_url": "https://thor.ansur.no/display/displayWithOverlays/85c7d8e36fa9191ff1f71df0533904af/driver14/90446e66bb9343bbbf8e47e195caa294/preview.jpg", "thumbnail_url": "https://thor.ansur.no/display/file/7da210fde1198a6e7807aae0307d86af/driver14/90446e66bb9343bbbf8e47e195caa294/thumb.jpg", "files": [{"id": 83268, "file_type": 1, "size": 9079364, "state": 0, "created": "2019-09-13 11:48:49", "request_until": null, "meta": null, "hash": "90446e66bb9343bbbf8e47e195caa294", "url": null}, {"id": 83269, "file_type": 0, "size": 47789, "state": 3, "created": "2019-09-13 11:48:49", "request_until": "2019-10-13 11:48:49", "meta": null, "hash": "85c7d8e36fa9191ff1f71df0533904af", "url": "https://thor.ansur.no/display/media/83269/driver14/90446e66bb9343bbbf8e47e195caa294/preview.jpg"}, {"id": 83270, "file_type": 3, "size": 17629, "state": 3, "created": "2019-09-13 11:48:51", "request_until": null, "meta": "", "hash": "7da210fde1198a6e7807aae0307d86af", "url": "https://thor.ansur.no/display/media/83270/driver14/90446e66bb9343bbbf8e47e195caa294/thumb.jpg"}, {"id": 83271, "file_type": 2, "size": 85610, "state": 3, "created": "2019-09-13 11:49:06", "request_until": "2019-10-13 11:49:06", "meta": {"Region": {"x": 2141, "y": 1000, "width": 489, "height": 574, "scale": 1.0, "quality": 90}}, "hash": "9937ceaa3374bc8c0442463696be94db", "url": "https://thor.ansur.no/display/media/83271/driver14/90446e66bb9343bbbf8e47e195caa294/roi_1068632988.jpg"}]}}]}','null');
insert into aar_service.file (id, name, mimeType, url, record_id) values (354,'record/attachements/90446e66bb9343bbbf8e47e195caa294/preview.jpg','null','https://thor.ansur.no/display/media/83269/driver14/90446e66bb9343bbbf8e47e195caa294/preview.jpg',2174);
insert into aar_service.file (id, name, mimeType, url, record_id) values (355,'record/attachements/90446e66bb9343bbbf8e47e195caa294/thumb.jpg','null','https://thor.ansur.no/display/media/83270/driver14/90446e66bb9343bbbf8e47e195caa294/thumb.jpg',2174);
insert into aar_service.file (id, name, mimeType, url, record_id) values (356,'record/attachements/90446e66bb9343bbbf8e47e195caa294/roi_1068632988.jpg','null','https://thor.ansur.no/display/media/83271/driver14/90446e66bb9343bbbf8e47e195caa294/roi_1068632988.jpg',2174);
insert into aar_service.record (id, clientId, sessionId, createDate, trialDate, topic, recordType, headline, msgType, recordJson, recordData) values (2175,'TB-TrialMgmt','null','2019-09-13 13:50:22.651','2019-09-13 13:50:22.651','system_tm_session_mgmt','SessionMgmt','5b90d0b1-5c46-42a7-8ea1-74a67c376fbd, START','Info','{"trialId": "e040fdc7-72d1-4e4a-b8f1-dff598ca476f", "trialName": "Trial 3: The Austrian Trial", "scenarioId": "6d3c57a5-66c3-4275-8456-44dec2cce185", "scenarioName": "Block 5 - USAR situation report", "sessionId": "5b90d0b1-5c46-42a7-8ea1-74a67c376fbd", "sessionName": "New session", "sessionState": "START", "comment": null}','null');
insert into aar_service.record (id, clientId, sessionId, createDate, trialDate, topic, recordType, headline, msgType, recordJson, recordData) values (2176,'TB-Ost','null','2019-09-13 13:53:11.913','2019-09-13 13:53:11.913','system_observer_tool_answer','ObserverToolAnswer','A new observation was reported by: Block5_USAR_Teams-viewTerra_Observer','Info','{"trialId": 13, "sessionId": 217, "answerId": 1642, "timeSendUTC": 1568375590, "timeWhen": 1568375592000, "observationTypeName": "Block5_USAR_Teams-viewTerra_Observer", "observervationTypeId": 1733, "observationTypeDescription": "How many years of professional experience do you have in crisis management? ", "description": "", "multiplicity": true, "questions": [{"id": 3137, "name": "How many years of professional experience do you h", "description": "-", "answer": "More than 15 years", "comment": "", "typeOfQuestion": "radiobutton"}]}','null');
insert into aar_service.record (id, clientId, sessionId, createDate, trialDate, topic, recordType, headline, msgType, recordJson, recordData) values (2177,'TB-Ost','null','2019-09-13 13:58:11.515','2019-09-13 13:58:11.515','system_observer_tool_answer','ObserverToolAnswer','A new observation was reported by: Block5_USAR_Teams-viewTerra_Observer','Info','{"trialId": 13, "sessionId": 217, "answerId": 1643, "timeSendUTC": 1568375889, "timeWhen": 1568375891000, "observationTypeName": "Block5_USAR_Teams-viewTerra_Observer", "observervationTypeId": 1733, "observationTypeDescription": "How many years of professional experience do you have in crisis management? ", "description": "", "multiplicity": true, "questions": [{"id": 3137, "name": "How many years of professional experience do you h", "description": "-", "answer": "0 - 5 years", "comment": "", "typeOfQuestion": "radiobutton"}]}','null');
insert into aar_service.record (id, clientId, sessionId, createDate, trialDate, topic, recordType, headline, msgType, recordJson, recordData) values (2178,'TB-Ost','null','2019-09-13 13:58:39.942','2019-09-13 13:58:39.942','system_observer_tool_answer','ObserverToolAnswer','A new observation was reported by: Block5_USAR_Teams-viewTerra_Observer','Info','{"trialId": 13, "sessionId": 217, "answerId": 1644, "timeSendUTC": 1568375918, "timeWhen": 1568375920000, "observationTypeName": "Block5_USAR_Teams-viewTerra_Observer", "observervationTypeId": 1734, "observationTypeDescription": "How much would you agree with the statement that you have experience and knowledge regarding situation assessment?", "description": "", "multiplicity": true, "questions": [{"id": 3129, "name": "How much would you agree with the statement that y", "description": "-", "answer": "Agree", "comment": "", "typeOfQuestion": "radiobutton"}]}','null');
insert into aar_service.record (id, clientId, sessionId, createDate, trialDate, topic, recordType, headline, msgType, recordJson, recordData) values (2179,'TB-Ost','null','2019-09-13 13:59:21.857','2019-09-13 13:59:21.857','system_observer_tool_answer','ObserverToolAnswer','A new observation was reported by: Block5_USAR_Teams-viewTerra_Observer','Info','{"trialId": 13, "sessionId": 217, "answerId": 1645, "timeSendUTC": 1568375960, "timeWhen": 1568375961000, "observationTypeName": "Block5_USAR_Teams-viewTerra_Observer", "observervationTypeId": 1734, "observationTypeDescription": "How much would you agree with the statement that you have experience and knowledge regarding situation assessment?", "description": "", "multiplicity": true, "questions": [{"id": 3129, "name": "How much would you agree with the statement that y", "description": "-", "answer": "Strongly agree", "comment": "I have been involved in management of many disasters and crisis during which situation assessment was done and useent was carried out and us", "typeOfQuestion": "radiobutton"}]}','null');
insert into aar_service.record (id, clientId, sessionId, createDate, trialDate, topic, recordType, headline, msgType, recordJson, recordData) values (2180,'TB-Ost','null','2019-09-13 14:00:45.991','2019-09-13 14:00:45.991','system_observer_tool_answer','ObserverToolAnswer','A new observation was reported by: Block5_USAR_Teams-ASIGN_Observer','Info','{"trialId": 13, "sessionId": 217, "answerId": 1646, "timeSendUTC": 1568376044, "timeWhen": 1568376047000, "observationTypeName": "Block5_USAR_Teams-ASIGN_Observer", "observervationTypeId": 1758, "observationTypeDescription": "How many years of professional experience do you have in crisis management? ", "description": "", "multiplicity": true, "questions": [{"id": 2850, "name": "How many years of professional experience do you h", "description": "-", "answer": "6 - 10 years", "comment": "", "typeOfQuestion": "radiobutton"}]}','null');
insert into aar_service.record (id, clientId, sessionId, createDate, trialDate, topic, recordType, headline, msgType, recordJson, recordData) values (2181,'TB-Ost','null','2019-09-13 14:00:54.93','2019-09-13 14:00:54.93','system_observer_tool_answer','ObserverToolAnswer','A new observation was reported by: Block5_USAR_Teams-ASIGN_Observer','Info','{"trialId": 13, "sessionId": 217, "answerId": 1647, "timeSendUTC": 1568376053, "timeWhen": 1568376056000, "observationTypeName": "Block5_USAR_Teams-ASIGN_Observer", "observervationTypeId": 1759, "observationTypeDescription": "How much would you agree with the statement that you have experience and knowledge regarding situation assesment?", "description": "", "multiplicity": true, "questions": [{"id": 2852, "name": "How much would you agree with the statement that y", "description": "-", "answer": "Agree", "comment": "", "typeOfQuestion": "radiobutton"}]}','null');
insert into aar_service.record (id, clientId, sessionId, createDate, trialDate, topic, recordType, headline, msgType, recordJson, recordData) values (2182,'TB-Ost','null','2019-09-13 14:02:33.01','2019-09-13 14:02:33.01','system_observer_tool_answer','ObserverToolAnswer','A new observation was reported by: Block5_USAR_Teams-ASIGN_Observer','Info','{"trialId": 13, "sessionId": 217, "answerId": 1648, "timeSendUTC": 1568376151, "timeWhen": 1568376152000, "observationTypeName": "Block5_USAR_Teams-ASIGN_Observer", "observervationTypeId": 1758, "observationTypeDescription": "How many years of professional experience do you have in crisis management? ", "description": "", "multiplicity": true, "questions": [{"id": 2850, "name": "How many years of professional experience do you h", "description": "-", "answer": "6 - 10 years", "comment": "", "typeOfQuestion": "radiobutton"}]}','null');
insert into aar_service.record (id, clientId, sessionId, createDate, trialDate, topic, recordType, headline, msgType, recordJson, recordData) values (2183,'TB-Ost','null','2019-09-13 14:02:56.474','2019-09-13 14:02:56.474','system_observer_tool_answer','ObserverToolAnswer','A new observation was reported by: Block5_USAR_Teams-ASIGN_Observer','Info','{"trialId": 13, "sessionId": 217, "answerId": 1649, "timeSendUTC": 1568376174, "timeWhen": 1568376175000, "observationTypeName": "Block5_USAR_Teams-ASIGN_Observer", "observervationTypeId": 1759, "observationTypeDescription": "How much would you agree with the statement that you have experience and knowledge regarding situation assesment?", "description": "", "multiplicity": true, "questions": [{"id": 2852, "name": "How much would you agree with the statement that y", "description": "-", "answer": "Agree", "comment": "", "typeOfQuestion": "radiobutton"}]}','null');
insert into aar_service.record (id, clientId, sessionId, createDate, trialDate, topic, recordType, headline, msgType, recordJson, recordData) values (2186,'asign_photo','null','2019-09-13 14:09:44.121','2019-09-13 14:09:44.121','photo_geojson','FeatureCollection','null','Info','{"type": "FeatureCollection", "bbox": null, "features": [{"type": "Feature", "bbox": null, "geometry": {"type": "Point", "coordinates": [14.885092, 47.54269]}, "properties": {"id": 27433, "priority": 0, "viewed": false, "signature": "d52a63aaeb40430b63448fe5f8c24161", "instant": "2019-09-13 12:09:19", "created": "2019-09-13 12:09:24", "updated": "2019-09-13 12:09:27.605794", "caption": "", "interpretation": null, "meta": {"Source": {"filename": "original.jpg", "camera_make": "Apple", "width": 3024, "size": 8808421, "height": 4032, "direction": 4.0, "camera_model": "iPhone 6s Plus", "field_of_view": null}}, "version": null, "application_id": "a7fae54e-a7fd-4e11-8008-7f2f1a8207ca", "seen": null, "started": null, "stopped": null, "location_latitude": 47.54269, "location_longitude": 14.885092, "location_time": "2019-09-13 12:09:19", "location_accuracy": 10.0, "location_altitude": 727.119629, "location_provider": null, "location_speed": null, "location_meta": null, "mission_id": null, "mission_name": null, "thumbnail_hash": "8f9803bfac51a2097611e8cad306dcdd", "preview_hash": "b02077e058bec41255821964c8efd12f", "category_id": null, "category_name": null, "application_device_type": 3, "application_last_login": "2019-09-13 12:04:17.547788", "application_phone": null, "application_last_rate": null, "application_updated": "2019-09-13 12:04:17.547788", "application_created": "2019-09-11 08:58:00.323881", "application_application_type": 4, "application_connection_type": 1, "application_connection_state": 1, "user_name": "driver12", "user_id": 811, "user_username": "driver12", "user_color": "FFFFFF", "user_connection_type": 0, "user_last_login": null, "user_last_rate": null, "observation_url": "https://thor.ansur.no/signs/processing/27433", "observation_type": "photo", "preview_url": "https://thor.ansur.no/display/file/b02077e058bec41255821964c8efd12f/driver12/d52a63aaeb40430b63448fe5f8c24161/preview.jpg", "preview_with_overlay_url": "https://thor.ansur.no/display/displayWithOverlays/b02077e058bec41255821964c8efd12f/driver12/d52a63aaeb40430b63448fe5f8c24161/preview.jpg", "thumbnail_url": "https://thor.ansur.no/display/file/8f9803bfac51a2097611e8cad306dcdd/driver12/d52a63aaeb40430b63448fe5f8c24161/thumb.jpg", "files": [{"id": 83272, "file_type": 1, "size": 8808421, "state": 0, "created": "2019-09-13 12:09:24", "request_until": null, "meta": null, "hash": "d52a63aaeb40430b63448fe5f8c24161", "url": null}, {"id": 83273, "file_type": 0, "size": 56734, "state": 3, "created": "2019-09-13 12:09:24", "request_until": "2019-10-13 12:09:24", "meta": null, "hash": "b02077e058bec41255821964c8efd12f", "url": "https://thor.ansur.no/display/media/83273/driver12/d52a63aaeb40430b63448fe5f8c24161/preview.jpg"}, {"id": 83274, "file_type": 3, "size": 25020, "state": 3, "created": "2019-09-13 12:09:27", "request_until": null, "meta": "", "hash": "8f9803bfac51a2097611e8cad306dcdd", "url": "https://thor.ansur.no/display/media/83274/driver12/d52a63aaeb40430b63448fe5f8c24161/thumb.jpg"}]}}]}','null');
insert into aar_service.file (id, name, mimeType, url, record_id) values (357,'record/attachements/d52a63aaeb40430b63448fe5f8c24161/preview.jpg','null','https://thor.ansur.no/display/media/83273/driver12/d52a63aaeb40430b63448fe5f8c24161/preview.jpg',2186);
insert into aar_service.file (id, name, mimeType, url, record_id) values (358,'record/attachements/d52a63aaeb40430b63448fe5f8c24161/thumb.jpg','null','https://thor.ansur.no/display/media/83274/driver12/d52a63aaeb40430b63448fe5f8c24161/thumb.jpg',2186);
insert into aar_service.record (id, clientId, sessionId, createDate, trialDate, topic, recordType, headline, msgType, recordJson, recordData) values (2187,'asign_photo','null','2019-09-13 14:10:59.456','2019-09-13 14:10:59.456','photo_geojson','FeatureCollection','null','Info','{"type": "FeatureCollection", "bbox": null, "features": [{"type": "Feature", "bbox": null, "geometry": {"type": "Point", "coordinates": [14.885092, 47.54269]}, "properties": {"id": 27433, "priority": 0, "viewed": true, "signature": "d52a63aaeb40430b63448fe5f8c24161", "instant": "2019-09-13 12:09:19", "created": "2019-09-13 12:09:24", "updated": "2019-09-13 12:10:52.173814", "caption": "", "interpretation": null, "meta": {"Source": {"filename": "original.jpg", "camera_make": "Apple", "width": 3024, "size": 8808421, "height": 4032, "direction": 4.0, "camera_model": "iPhone 6s Plus", "field_of_view": null}}, "version": null, "application_id": "a7fae54e-a7fd-4e11-8008-7f2f1a8207ca", "seen": "2019-09-13 12:10:52", "started": null, "stopped": null, "location_latitude": 47.54269, "location_longitude": 14.885092, "location_time": "2019-09-13 12:09:19", "location_accuracy": 10.0, "location_altitude": 727.119629, "location_provider": null, "location_speed": null, "location_meta": null, "mission_id": null, "mission_name": null, "thumbnail_hash": "8f9803bfac51a2097611e8cad306dcdd", "preview_hash": "b02077e058bec41255821964c8efd12f", "category_id": null, "category_name": null, "application_device_type": 3, "application_last_login": "2019-09-13 12:04:17.547788", "application_phone": null, "application_last_rate": null, "application_updated": "2019-09-13 12:04:17.547788", "application_created": "2019-09-11 08:58:00.323881", "application_application_type": 4, "application_connection_type": 1, "application_connection_state": 1, "user_name": "driver12", "user_id": 811, "user_username": "driver12", "user_color": "FFFFFF", "user_connection_type": 0, "user_last_login": null, "user_last_rate": null, "observation_url": "https://thor.ansur.no/signs/processing/27433", "observation_type": "photo", "preview_url": "https://thor.ansur.no/display/file/b02077e058bec41255821964c8efd12f/driver12/d52a63aaeb40430b63448fe5f8c24161/preview.jpg", "preview_with_overlay_url": "https://thor.ansur.no/display/displayWithOverlays/b02077e058bec41255821964c8efd12f/driver12/d52a63aaeb40430b63448fe5f8c24161/preview.jpg", "thumbnail_url": "https://thor.ansur.no/display/file/8f9803bfac51a2097611e8cad306dcdd/driver12/d52a63aaeb40430b63448fe5f8c24161/thumb.jpg", "files": [{"id": 83272, "file_type": 1, "size": 8808421, "state": 0, "created": "2019-09-13 12:09:24", "request_until": null, "meta": null, "hash": "d52a63aaeb40430b63448fe5f8c24161", "url": null}, {"id": 83273, "file_type": 0, "size": 56734, "state": 3, "created": "2019-09-13 12:09:24", "request_until": "2019-10-13 12:09:24", "meta": null, "hash": "b02077e058bec41255821964c8efd12f", "url": "https://thor.ansur.no/display/media/83273/driver12/d52a63aaeb40430b63448fe5f8c24161/preview.jpg"}, {"id": 83274, "file_type": 3, "size": 25020, "state": 3, "created": "2019-09-13 12:09:27", "request_until": null, "meta": "", "hash": "8f9803bfac51a2097611e8cad306dcdd", "url": "https://thor.ansur.no/display/media/83274/driver12/d52a63aaeb40430b63448fe5f8c24161/thumb.jpg"}]}}]}','null');
insert into aar_service.file (id, name, mimeType, url, record_id) values (359,'record/attachements/d52a63aaeb40430b63448fe5f8c24161/preview.jpg','null','https://thor.ansur.no/display/media/83273/driver12/d52a63aaeb40430b63448fe5f8c24161/preview.jpg',2187);
insert into aar_service.file (id, name, mimeType, url, record_id) values (360,'record/attachements/d52a63aaeb40430b63448fe5f8c24161/thumb.jpg','null','https://thor.ansur.no/display/media/83274/driver12/d52a63aaeb40430b63448fe5f8c24161/thumb.jpg',2187);
insert into aar_service.record (id, clientId, sessionId, createDate, trialDate, topic, recordType, headline, msgType, recordJson, recordData) values (2188,'airborne','null','2019-09-13 14:14:04.467','2019-09-13 14:14:04.467','large_data_update','LargeDataUpdate','New LargeFile available: Landslide','Info','{"url": "ftp://f_argos:Vabene01@plapperkaefer/ftp/mosaike/Landslide1AFTER_20190913_101304_15cm_493500_5265000.tif", "title": "Landslide", "description": "47.538391,14.913631,47.524908,14.933579", "dataType": "image_geotiff"}','null');
insert into aar_service.file (id, name, mimeType, url, record_id) values (361,'record/attachements/Landslide1AFTER_20190913_101304_15cm_493500_5265000.tif','image_geotiff','ftp://f_argos:Vabene01@plapperkaefer/ftp/mosaike/Landslide1AFTER_20190913_101304_15cm_493500_5265000.tif',2188);
insert into aar_service.record (id, clientId, sessionId, createDate, trialDate, topic, recordType, headline, msgType, recordJson, recordData) values (2189,'TB-GeoServer','null','2019-09-13 14:14:15.354','2019-09-13 14:14:15.354','map_layer_update','MapLayerUpdate','Landslide1AFTER_20190913_101304_15cm_493500_526500, CREATE','Info','{"url": "http://192.168.178.93:8180/geoserver/driver/wms", "title": "Landslide1AFTER_20190913_101304_15cm_493500_526500", "description": "47.538391,14.913631,47.524908,14.933579", "username": null, "password": null, "updateType": "CREATE", "layerType": "WMS"}','null');
insert into aar_service.record (id, clientId, sessionId, createDate, trialDate, topic, recordType, headline, msgType, recordJson, recordData) values (2190,'airborne','null','2019-09-13 14:14:35.905','2019-09-13 14:14:35.905','large_data_update','LargeDataUpdate','New LargeFile available: Landslide','Info','{"url": "ftp://f_argos:Vabene01@plapperkaefer/ftp/mosaike/TrainAFTER_20190913_101237_15cm_495000_5265000.tif", "title": "Landslide", "description": "47.538404,14.933562,47.524917,14.953506", "dataType": "image_geotiff"}','null');
insert into aar_service.file (id, name, mimeType, url, record_id) values (362,'record/attachements/TrainAFTER_20190913_101237_15cm_495000_5265000.tif','image_geotiff','ftp://f_argos:Vabene01@plapperkaefer/ftp/mosaike/TrainAFTER_20190913_101237_15cm_495000_5265000.tif',2190);
insert into aar_service.record (id, clientId, sessionId, createDate, trialDate, topic, recordType, headline, msgType, recordJson, recordData) values (2191,'TB-GeoServer','null','2019-09-13 14:14:45.654','2019-09-13 14:14:45.654','map_layer_update','MapLayerUpdate','TrainAFTER_20190913_101237_15cm_495000_526500, CREATE','Info','{"url": "http://192.168.178.93:8180/geoserver/driver/wms", "title": "TrainAFTER_20190913_101237_15cm_495000_526500", "description": "47.538404,14.933562,47.524917,14.953506", "username": null, "password": null, "updateType": "CREATE", "layerType": "WMS"}','null');
insert into aar_service.record (id, clientId, sessionId, createDate, trialDate, topic, recordType, headline, msgType, recordJson, recordData) values (2192,'airborne','null','2019-09-13 14:15:46.875','2019-09-13 14:15:46.875','large_data_update','LargeDataUpdate','New LargeFile available: Landslide','Info','{"url": "ftp://f_argos:Vabene01@plapperkaefer/ftp/mosaike/Flug3_20190913_101243_15cm_495000_5263500.tif", "title": "Landslide", "description": "47.524908,14.933579,47.511420,14.953517", "dataType": "image_geotiff"}','null');
insert into aar_service.file (id, name, mimeType, url, record_id) values (363,'record/attachements/Flug3_20190913_101243_15cm_495000_5263500.tif','image_geotiff','ftp://f_argos:Vabene01@plapperkaefer/ftp/mosaike/Flug3_20190913_101243_15cm_495000_5263500.tif',2192);
insert into aar_service.record (id, clientId, sessionId, createDate, trialDate, topic, recordType, headline, msgType, recordJson, recordData) values (2193,'TB-GeoServer','null','2019-09-13 14:15:52.31','2019-09-13 14:15:52.31','map_layer_update','MapLayerUpdate','Flug3_20190913_101243_15cm_495000_526350, CREATE','Info','{"url": "http://192.168.178.93:8180/geoserver/driver/wms", "title": "Flug3_20190913_101243_15cm_495000_526350", "description": "47.524908,14.933579,47.511420,14.953517", "username": null, "password": null, "updateType": "CREATE", "layerType": "WMS"}','null');
insert into aar_service.record (id, clientId, sessionId, createDate, trialDate, topic, recordType, headline, msgType, recordJson, recordData) values (2194,'asign_mission','null','2019-09-13 14:16:01.659','2019-09-13 14:16:01.659','asign_info','FeatureCollection','USAR Mission','Info','{"type": "FeatureCollection", "bbox": null, "features": [{"type": "Feature", "bbox": null, "geometry": {"type": "Polygon", "coordinates": [[[14.8844146885676, 47.541002494045], [14.8738403519383, 47.5235709267562], [14.8635406693211, 47.5191193813729], [14.8441772733349, 47.5140819576867], [14.8362121812534, 47.5137109488018], [14.8370361642446, 47.5075888244133], [14.8768616036978, 47.5131544164029], [14.890594513854, 47.5235419395057], [14.8952636949252, 47.5400464576385], [14.8844146885676, 47.541002494045]]]}, "properties": {"end_time": null, "name": "USAR Mission", "description": "Please report the status of the buildings in the Ramsau Valley and send photos of collapsed building", "start_time": null, "id": 256.0, "user_limit": null}}]}','null');
insert into aar_service.record (id, clientId, sessionId, createDate, trialDate, topic, recordType, headline, msgType, recordJson, recordData) values (2195,'TB-GeoServer','null','2019-09-13 14:16:37.271','2019-09-13 14:16:37.271','system_logging','Log','New Generic Callback Consumer created for topic: system_topic_access_invite','Info','{"id": "TB-GeoServer", "dateTimeSent": 1568376995536, "level": "INFO", "log": "New Generic Callback Consumer created for topic: system_topic_access_invite"}','null');
insert into aar_service.record (id, clientId, sessionId, createDate, trialDate, topic, recordType, headline, msgType, recordJson, recordData) values (2196,'TB-GeoServer','null','2019-09-13 14:16:37.395','2019-09-13 14:16:37.395','system_logging','Log','New Generic Callback Consumer created for topic: system_timing_control','Info','{"id": "TB-GeoServer", "dateTimeSent": 1568376995592, "level": "INFO", "log": "New Generic Callback Consumer created for topic: system_timing_control"}','null');
insert into aar_service.record (id, clientId, sessionId, createDate, trialDate, topic, recordType, headline, msgType, recordJson, recordData) values (2197,'TB-GeoServer','null','2019-09-13 14:16:37.525','2019-09-13 14:16:37.525','system_logging','Log','initCoreTopics -->','Info','{"id": "TB-GeoServer", "dateTimeSent": 1568376995614, "level": "INFO", "log": "initCoreTopics -->"}','null');
insert into aar_service.record (id, clientId, sessionId, createDate, trialDate, topic, recordType, headline, msgType, recordJson, recordData) values (2198,'TB-GeoServer','null','2019-09-13 14:16:37.661','2019-09-13 14:16:37.661','system_logging','Log','initializeProducers -->','Info','{"id": "TB-GeoServer", "dateTimeSent": 1568376995623, "level": "INFO", "log": "initializeProducers -->"}','null');
insert into aar_service.record (id, clientId, sessionId, createDate, trialDate, topic, recordType, headline, msgType, recordJson, recordData) values (2199,'TB-GeoServer','null','2019-09-13 14:16:37.794','2019-09-13 14:16:37.794','system_logging','Log','--> addCallback: large_data_update','Info','{"id": "TB-GeoServer", "dateTimeSent": 1568376995632, "level": "INFO", "log": "--> addCallback: large_data_update"}','null');
insert into aar_service.record (id, clientId, sessionId, createDate, trialDate, topic, recordType, headline, msgType, recordJson, recordData) values (2200,'TB-GeoServer','null','2019-09-13 14:16:37.936','2019-09-13 14:16:37.936','system_logging','Log','New Generic Callback Consumer created for topic: large_data_update','Info','{"id": "TB-GeoServer", "dateTimeSent": 1568376995660, "level": "INFO", "log": "New Generic Callback Consumer created for topic: large_data_update"}','null');
insert into aar_service.record (id, clientId, sessionId, createDate, trialDate, topic, recordType, headline, msgType, recordJson, recordData) values (2201,'TB-GeoServer','null','2019-09-13 14:16:38.072','2019-09-13 14:16:38.072','system_logging','Log','addCallback-->','Info','{"id": "TB-GeoServer", "dateTimeSent": 1568376995670, "level": "INFO", "log": "addCallback-->"}','null');
insert into aar_service.record (id, clientId, sessionId, createDate, trialDate, topic, recordType, headline, msgType, recordJson, recordData) values (2205,'TB-Ost','null','2019-09-13 14:16:42.361','2019-09-13 14:16:42.361','system_observer_tool_answer','ObserverToolAnswer','A new observation was reported by: Block5_USAR_Teams-viewTerra_Observer','Info','{"trialId": 13, "sessionId": 217, "answerId": 1650, "timeSendUTC": 1568377000, "timeWhen": 1568377002000, "observationTypeName": "Block5_USAR_Teams-viewTerra_Observer", "observervationTypeId": 1735, "observationTypeDescription": "Was vieWTerra Evolution able to display geo-images (photos)  from ASIGN?", "description": "", "multiplicity": true, "questions": [{"id": 3131, "name": "Was vieWTerra Evolution able to display geo-images", "description": "-", "answer": "Strongly agree", "comment": "This was happening smoothly", "typeOfQuestion": "radiobutton"}]}','null');
insert into aar_service.record (id, clientId, sessionId, createDate, trialDate, topic, recordType, headline, msgType, recordJson, recordData) values (2206,'TB-Ost','null','2019-09-13 14:17:29.153','2019-09-13 14:17:29.153','system_observer_tool_answer','ObserverToolAnswer','A new observation was reported by: Block5_USAR_Teams-viewTerra_Observer','Info','{"trialId": 13, "sessionId": 217, "answerId": 1651, "timeSendUTC": 1568377047, "timeWhen": 1568377049000, "observationTypeName": "Block5_USAR_Teams-viewTerra_Observer", "observervationTypeId": 1741, "observationTypeDescription": "Can you observe, the S2 is using the information received by the viewterra.", "description": "", "multiplicity": true, "questions": [{"id": 3135, "name": "Can you observe, the S2 is using the information r", "description": "-", "answer": "[Agree]", "comment": "", "typeOfQuestion": "checkbox"}]}','null');
insert into aar_service.record (id, clientId, sessionId, createDate, trialDate, topic, recordType, headline, msgType, recordJson, recordData) values (2207,'TB-TrialMgmt','null','2019-09-13 14:17:38.409','2019-09-13 14:17:38.409','system_tm_role_player','RolePlayerMessage','Report of operations.','Info','{"id": "a56213c7-04e8-4c55-a0f3-ce7673e115f6", "type": "CALL", "title": "", "headline": "Report of operations.", "description": "In Eisenerz, prblich and Vordemberg.", "rolePlayerName": "ARC - EXCON", "participantNames": null, "comment": ""}','null');
insert into aar_service.record (id, clientId, sessionId, createDate, trialDate, topic, recordType, headline, msgType, recordJson, recordData) values (2208,'airborne','null','2019-09-13 14:18:59.314','2019-09-13 14:18:59.314','large_data_update','LargeDataUpdate','New LargeFile available: Bridge','Info','{"url": "ftp://f_argos:Vabene01@plapperkaefer/ftp/mosaike/Landslides23AFTER_20190913_101146_15cm_496500_5263500.tif", "title": "Bridge", "description": "47.524917,14.953506,47.511427,14.973439", "dataType": "image_geotiff"}','null');
insert into aar_service.file (id, name, mimeType, url, record_id) values (364,'record/attachements/Landslides23AFTER_20190913_101146_15cm_496500_5263500.tif','image_geotiff','ftp://f_argos:Vabene01@plapperkaefer/ftp/mosaike/Landslides23AFTER_20190913_101146_15cm_496500_5263500.tif',2208);
insert into aar_service.record (id, clientId, sessionId, createDate, trialDate, topic, recordType, headline, msgType, recordJson, recordData) values (2209,'TB-GeoServer','null','2019-09-13 14:19:14.502','2019-09-13 14:19:14.502','map_layer_update','MapLayerUpdate','Landslides23AFTER_20190913_101146_15cm_496500_526350, CREATE','Info','{"url": "http://192.168.178.93:8180/geoserver/driver/wms", "title": "Landslides23AFTER_20190913_101146_15cm_496500_526350", "description": "47.524917,14.953506,47.511427,14.973439", "username": null, "password": null, "updateType": "CREATE", "layerType": "WMS"}','null');
insert into aar_service.record (id, clientId, sessionId, createDate, trialDate, topic, recordType, headline, msgType, recordJson, recordData) values (2210,'TB-TrialMgmt','null','2019-09-13 14:22:52.461','2019-09-13 14:22:52.461','system_tm_role_player','RolePlayerMessage','position of rail tank','Info','{"id": "b14cbe53-4007-4240-b6f9-959f00573142", "type": "CALL", "title": "", "headline": "position of rail tank", "description": " The mining company confirmed the last position if its rail tank close to the B115 road in the east side of Erzberg montain.", "rolePlayerName": "ARC - EXCON", "participantNames": null, "comment": ""}','null');
insert into aar_service.record (id, clientId, sessionId, createDate, trialDate, topic, recordType, headline, msgType, recordJson, recordData) values (2211,'TB-TrialMgmt','null','2019-09-13 14:26:35.492','2019-09-13 14:26:35.492','system_tm_role_player','RolePlayerMessage','Damage power supply line','Info','{"id": "0ec17891-9375-45b8-bab3-3774bca925a1", "type": "ACTION", "title": "", "headline": "Damage power supply line", "description": "The local power company reports the power supply line in Ramsau Valley is damage  since wednesday night. ", "rolePlayerName": "ARC - EXCON", "participantNames": null, "comment": ""}','null');
insert into aar_service.record (id, clientId, sessionId, createDate, trialDate, topic, recordType, headline, msgType, recordJson, recordData) values (2212,'TB-Ost','null','2019-09-13 14:28:05.709','2019-09-13 14:28:05.709','system_observer_tool_answer','ObserverToolAnswer','A new observation was reported by: Block5_USAR_Teams-viewTerra_Observer','Info','{"trialId": 13, "sessionId": 217, "answerId": 1652, "timeSendUTC": 1568377683, "timeWhen": 1568377685000, "observationTypeName": "Block5_USAR_Teams-viewTerra_Observer", "observervationTypeId": 1737, "observationTypeDescription": "Was the commander able to view detailed magnification of photos on request? ", "description": "", "multiplicity": true, "questions": [{"id": 3133, "name": "Was the commander able to view detailed magnificat", "description": "-", "answer": "Strongly agree", "comment": "Happened on several ocassions", "typeOfQuestion": "radiobutton"}]}','null');
insert into aar_service.record (id, clientId, sessionId, createDate, trialDate, topic, recordType, headline, msgType, recordJson, recordData) values (2213,'airborne','null','2019-09-13 14:36:35.468','2019-09-13 14:36:35.468','large_data_update','LargeDataUpdate','New LargeFile available: Landslide','Info','{"url": "ftp://f_argos:Vabene01@plapperkaefer/ftp/mosaike/Flug3_20190913_101158_15cm_498000_5263500.tif", "title": "Landslide", "description": "47.524924,14.973432,47.511430,14.993360", "dataType": "image_geotiff"}','null');
insert into aar_service.file (id, name, mimeType, url, record_id) values (365,'record/attachements/Flug3_20190913_101158_15cm_498000_5263500.tif','image_geotiff','ftp://f_argos:Vabene01@plapperkaefer/ftp/mosaike/Flug3_20190913_101158_15cm_498000_5263500.tif',2213);
insert into aar_service.record (id, clientId, sessionId, createDate, trialDate, topic, recordType, headline, msgType, recordJson, recordData) values (2214,'TB-GeoServer','null','2019-09-13 14:36:47.261','2019-09-13 14:36:47.261','map_layer_update','MapLayerUpdate','Flug3_20190913_101158_15cm_498000_526350, CREATE','Info','{"url": "http://192.168.178.93:8180/geoserver/driver/wms", "title": "Flug3_20190913_101158_15cm_498000_526350", "description": "47.524924,14.973432,47.511430,14.993360", "username": null, "password": null, "updateType": "CREATE", "layerType": "WMS"}','null');
insert into aar_service.record (id, clientId, sessionId, createDate, trialDate, topic, recordType, headline, msgType, recordJson, recordData) values (2215,'asign_photo','null','2019-09-13 14:38:04.83','2019-09-13 14:38:04.83','photo_geojson','FeatureCollection','USAR Mission','Info','{"type": "FeatureCollection", "bbox": null, "features": [{"type": "Feature", "bbox": null, "geometry": {"type": "Point", "coordinates": [14.86101, 47.560169]}, "properties": {"id": 27434, "priority": 0, "viewed": false, "signature": "066ce0af533a8d1e46554d5a02e6f2a7", "instant": "2019-09-13 12:37:38", "created": "2019-09-13 12:37:42", "updated": "2019-09-13 12:37:45.456273", "caption": "#DJI\nCurrent flight status = `Unknown`\n#LOC\nNB: UAV had no GNSS fix at this time.", "interpretation": null, "meta": {"Source": {"filename": "original.jpg", "camera_make": "DJI", "width": 4000, "size": 4685171, "height": 2250, "direction": 65389.0, "camera_model": "FC220", "field_of_view": null}}, "version": null, "application_id": "a55425b3-91c8-4fdb-a01f-ba1bdac324c2", "seen": null, "started": null, "stopped": null, "location_latitude": 47.560169, "location_longitude": 14.86101, "location_time": "2019-09-13 12:37:33", "location_accuracy": -1.0, "location_altitude": 521.026978, "location_provider": null, "location_speed": null, "location_meta": null, "mission_id": 256, "mission_name": "USAR Mission", "thumbnail_hash": "e2ac8ea3d45cb669b52772ae1dce4efa", "preview_hash": "c8e3957e038175d0ddf89e603ac46eaf", "category_id": null, "category_name": null, "application_device_type": 3, "application_last_login": "2019-09-13 12:36:04.813412", "application_phone": null, "application_last_rate": null, "application_updated": "2019-09-13 12:36:05.665482", "application_created": "2019-09-13 12:36:04.813412", "application_application_type": 3, "application_connection_type": 1, "application_connection_state": 1, "user_name": "driver14", "user_id": 813, "user_username": "driver14", "user_color": "E51717", "user_connection_type": 0, "user_last_login": null, "user_last_rate": null, "observation_url": "https://thor.ansur.no/signs/processing/27434", "observation_type": "photo", "preview_url": "https://thor.ansur.no/display/file/c8e3957e038175d0ddf89e603ac46eaf/driver14/066ce0af533a8d1e46554d5a02e6f2a7/preview.jpg", "preview_with_overlay_url": "https://thor.ansur.no/display/displayWithOverlays/c8e3957e038175d0ddf89e603ac46eaf/driver14/066ce0af533a8d1e46554d5a02e6f2a7/preview.jpg", "thumbnail_url": "https://thor.ansur.no/display/file/e2ac8ea3d45cb669b52772ae1dce4efa/driver14/066ce0af533a8d1e46554d5a02e6f2a7/thumb.jpg", "files": [{"id": 83275, "file_type": 1, "size": 4685171, "state": 0, "created": "2019-09-13 12:37:42", "request_until": null, "meta": null, "hash": "066ce0af533a8d1e46554d5a02e6f2a7", "url": null}, {"id": 83276, "file_type": 0, "size": 21539, "state": 3, "created": "2019-09-13 12:37:42", "request_until": "2019-10-13 12:37:42", "meta": null, "hash": "c8e3957e038175d0ddf89e603ac46eaf", "url": "https://thor.ansur.no/display/media/83276/driver14/066ce0af533a8d1e46554d5a02e6f2a7/preview.jpg"}, {"id": 83277, "file_type": 3, "size": 10160, "state": 3, "created": "2019-09-13 12:37:45", "request_until": null, "meta": "", "hash": "e2ac8ea3d45cb669b52772ae1dce4efa", "url": "https://thor.ansur.no/display/media/83277/driver14/066ce0af533a8d1e46554d5a02e6f2a7/thumb.jpg"}]}}]}','null');
insert into aar_service.file (id, name, mimeType, url, record_id) values (366,'record/attachements/066ce0af533a8d1e46554d5a02e6f2a7/preview.jpg','null','https://thor.ansur.no/display/media/83276/driver14/066ce0af533a8d1e46554d5a02e6f2a7/preview.jpg',2215);
insert into aar_service.file (id, name, mimeType, url, record_id) values (367,'record/attachements/066ce0af533a8d1e46554d5a02e6f2a7/thumb.jpg','null','https://thor.ansur.no/display/media/83277/driver14/066ce0af533a8d1e46554d5a02e6f2a7/thumb.jpg',2215);
insert into aar_service.record (id, clientId, sessionId, createDate, trialDate, topic, recordType, headline, msgType, recordJson, recordData) values (2216,'TB-Ost','null','2019-09-13 14:39:42.714','2019-09-13 14:39:42.714','system_observer_tool_answer','ObserverToolAnswer','A new observation was reported by: Block5_USAR_Teams-viewTerra_Observer','Info','{"trialId": 13, "sessionId": 217, "answerId": 1653, "timeSendUTC": 1568378380, "timeWhen": 1568378382000, "observationTypeName": "Block5_USAR_Teams-viewTerra_Observer", "observervationTypeId": 1738, "observationTypeDescription": "The S2-S3 creates a report for the EL (head of operations), based on the information provided by Viewterra.", "description": "", "multiplicity": true, "questions": [{"id": 3134, "name": "The S2-S3 creates a report for the EL (head of ope", "description": "-", "answer": "[]", "comment": "", "typeOfQuestion": "checkbox"}]}','null');
insert into aar_service.record (id, clientId, sessionId, createDate, trialDate, topic, recordType, headline, msgType, recordJson, recordData) values (2259,'TB-TrialMgmt','null','2019-09-13 15:04:19.975','2019-09-13 15:04:19.975','system_tm_role_player','RolePlayerMessage','Assess status of buildings at Ramsau Valley.','Info','{"id": "2320c98e-197d-4c8b-b518-06c104872bc4", "type": "ACTION", "title": "", "headline": "Assess status of buildings at Ramsau Valley.", "description": "Assess the status of the buildings located at the Ramsau Valley.", "rolePlayerName": "ARC - EXCON", "participantNames": null, "comment": ""}','null');
insert into aar_service.record (id, clientId, sessionId, createDate, trialDate, topic, recordType, headline, msgType, recordJson, recordData) values (2217,'TB-Ost','null','2019-09-13 14:40:31.118','2019-09-13 14:40:31.118','system_observer_tool_answer','ObserverToolAnswer','A new observation was reported by: Block5_USAR_Teams-viewTerra_Observer','Info','{"trialId": 13, "sessionId": 217, "answerId": 1654, "timeSendUTC": 1568378429, "timeWhen": 1568378431000, "observationTypeName": "Block5_USAR_Teams-viewTerra_Observer", "observervationTypeId": 1739, "observationTypeDescription": "The S2-S3 uses other sources of visualisation (e.g google maps, paper maps, etc\u2026) for comparison with the viewterra.", "description": "", "multiplicity": true, "questions": [{"id": 3130, "name": "The S2-S3 uses other sources of visualisation (e.g", "description": "-", "answer": "", "comment": "Almost not", "typeOfQuestion": "checkbox"}]}','null');
insert into aar_service.record (id, clientId, sessionId, createDate, trialDate, topic, recordType, headline, msgType, recordJson, recordData) values (2218,'TB-Ost','null','2019-09-13 14:40:53.363','2019-09-13 14:40:53.363','system_observer_tool_answer','ObserverToolAnswer','A new observation was reported by: Block5_USAR_Teams-viewTerra_Observer','Info','{"trialId": 13, "sessionId": 217, "answerId": 1655, "timeSendUTC": 1568378451, "timeWhen": 1568378453000, "observationTypeName": "Block5_USAR_Teams-viewTerra_Observer", "observervationTypeId": 1740, "observationTypeDescription": "The S2-S3 uses other sources of information (e.g databases, internet,\u2026) for getting aditional information i.e: non visual information like population density, distance, resources allocation, etc.", "description": "", "multiplicity": true, "questions": [{"id": 3136, "name": "The S2-S3 uses other sources of information (e.g d", "description": "-", "answer": "", "comment": "Not at all", "typeOfQuestion": "checkbox"}]}','null');
insert into aar_service.record (id, clientId, sessionId, createDate, trialDate, topic, recordType, headline, msgType, recordJson, recordData) values (2219,'TB-Ost','null','2019-09-13 14:41:44.382','2019-09-13 14:41:44.382','system_observer_tool_answer','ObserverToolAnswer','A new observation was reported by: Block5_USAR_Teams-viewTerra_Observer','Info','{"trialId": 13, "sessionId": 217, "answerId": 1656, "timeSendUTC": 1568378502, "timeWhen": 1568378504000, "observationTypeName": "Block5_USAR_Teams-viewTerra_Observer", "observervationTypeId": 1741, "observationTypeDescription": "Can you observe, the S2 is using the information received by the viewterra.", "description": "", "multiplicity": true, "questions": [{"id": 3135, "name": "Can you observe, the S2 is using the information r", "description": "-", "answer": "[Agree]", "comment": "It was happening often", "typeOfQuestion": "checkbox"}]}','null');
insert into aar_service.record (id, clientId, sessionId, createDate, trialDate, topic, recordType, headline, msgType, recordJson, recordData) values (2220,'asign_photo','null','2019-09-13 14:42:04.923','2019-09-13 14:42:04.923','photo_geojson','FeatureCollection','USAR Mission','Info','{"type": "FeatureCollection", "bbox": null, "features": [{"type": "Feature", "bbox": null, "geometry": {"type": "Point", "coordinates": [14.832026, 47.514767]}, "properties": {"id": 27435, "priority": 0, "viewed": false, "signature": "d747a2de9df61fc22b53c5f8d3aa7223", "instant": "2019-09-13 12:41:46", "created": "2019-09-13 12:41:49", "updated": "2019-09-13 12:42:00.522379", "caption": "", "interpretation": null, "meta": {"Source": {"filename": "original.jpg", "camera_make": "Apple", "width": 4032, "size": 7479623, "height": 3024, "direction": 277.0, "camera_model": "iPhone 6s Plus", "field_of_view": null}}, "version": null, "application_id": "a7fae54e-a7fd-4e11-8008-7f2f1a8207ca", "seen": null, "started": null, "stopped": null, "location_latitude": 47.514767, "location_longitude": 14.832026, "location_time": "2019-09-13 12:41:45", "location_accuracy": 5.0, "location_altitude": 1019.638245, "location_provider": null, "location_speed": null, "location_meta": null, "mission_id": 256, "mission_name": "USAR Mission", "thumbnail_hash": "43f44dd187939a599f4032bc608e7de0", "preview_hash": "892d3a2a78b601cc32670d749a2526d9", "category_id": null, "category_name": null, "application_device_type": 3, "application_last_login": "2019-09-13 12:41:34.69037", "application_phone": null, "application_last_rate": null, "application_updated": "2019-09-13 12:41:34.69037", "application_created": "2019-09-11 08:58:00.323881", "application_application_type": 4, "application_connection_type": 1, "application_connection_state": 1, "user_name": "driver12", "user_id": 811, "user_username": "driver12", "user_color": "17D376", "user_connection_type": 0, "user_last_login": null, "user_last_rate": null, "observation_url": "https://thor.ansur.no/signs/processing/27435", "observation_type": "photo", "preview_url": "https://thor.ansur.no/display/file/892d3a2a78b601cc32670d749a2526d9/driver12/d747a2de9df61fc22b53c5f8d3aa7223/preview.jpg", "preview_with_overlay_url": "https://thor.ansur.no/display/displayWithOverlays/892d3a2a78b601cc32670d749a2526d9/driver12/d747a2de9df61fc22b53c5f8d3aa7223/preview.jpg", "thumbnail_url": "https://thor.ansur.no/display/file/43f44dd187939a599f4032bc608e7de0/driver12/d747a2de9df61fc22b53c5f8d3aa7223/thumb.jpg", "files": [{"id": 83278, "file_type": 1, "size": 7479623, "state": 0, "created": "2019-09-13 12:41:49", "request_until": null, "meta": null, "hash": "d747a2de9df61fc22b53c5f8d3aa7223", "url": null}, {"id": 83279, "file_type": 0, "size": 38526, "state": 3, "created": "2019-09-13 12:41:49", "request_until": "2019-10-13 12:41:49", "meta": null, "hash": "892d3a2a78b601cc32670d749a2526d9", "url": "https://thor.ansur.no/display/media/83279/driver12/d747a2de9df61fc22b53c5f8d3aa7223/preview.jpg"}, {"id": 83280, "file_type": 3, "size": 13671, "state": 3, "created": "2019-09-13 12:42:00", "request_until": null, "meta": "", "hash": "43f44dd187939a599f4032bc608e7de0", "url": "https://thor.ansur.no/display/media/83280/driver12/d747a2de9df61fc22b53c5f8d3aa7223/thumb.jpg"}]}}]}','null');
insert into aar_service.file (id, name, mimeType, url, record_id) values (368,'record/attachements/d747a2de9df61fc22b53c5f8d3aa7223/preview.jpg','null','https://thor.ansur.no/display/media/83279/driver12/d747a2de9df61fc22b53c5f8d3aa7223/preview.jpg',2220);
insert into aar_service.file (id, name, mimeType, url, record_id) values (369,'record/attachements/d747a2de9df61fc22b53c5f8d3aa7223/thumb.jpg','null','https://thor.ansur.no/display/media/83280/driver12/d747a2de9df61fc22b53c5f8d3aa7223/thumb.jpg',2220);
insert into aar_service.record (id, clientId, sessionId, createDate, trialDate, topic, recordType, headline, msgType, recordJson, recordData) values (2221,'asign_photo','null','2019-09-13 14:42:14.994','2019-09-13 14:42:14.994','photo_geojson','FeatureCollection','USAR Mission','Info','{"type": "FeatureCollection", "bbox": null, "features": [{"type": "Feature", "bbox": null, "geometry": {"type": "Point", "coordinates": [14.832026, 47.514767]}, "properties": {"id": 27435, "priority": 0, "viewed": true, "signature": "d747a2de9df61fc22b53c5f8d3aa7223", "instant": "2019-09-13 12:41:46", "created": "2019-09-13 12:41:49", "updated": "2019-09-13 12:42:05.768476", "caption": "", "interpretation": null, "meta": {"Source": {"filename": "original.jpg", "camera_make": "Apple", "width": 4032, "size": 7479623, "height": 3024, "direction": 277.0, "camera_model": "iPhone 6s Plus", "field_of_view": null}}, "version": null, "application_id": "a7fae54e-a7fd-4e11-8008-7f2f1a8207ca", "seen": "2019-09-13 12:42:05", "started": null, "stopped": null, "location_latitude": 47.514767, "location_longitude": 14.832026, "location_time": "2019-09-13 12:41:45", "location_accuracy": 5.0, "location_altitude": 1019.638245, "location_provider": null, "location_speed": null, "location_meta": null, "mission_id": 256, "mission_name": "USAR Mission", "thumbnail_hash": "43f44dd187939a599f4032bc608e7de0", "preview_hash": "892d3a2a78b601cc32670d749a2526d9", "category_id": null, "category_name": null, "application_device_type": 3, "application_last_login": "2019-09-13 12:41:34.69037", "application_phone": null, "application_last_rate": null, "application_updated": "2019-09-13 12:41:34.69037", "application_created": "2019-09-11 08:58:00.323881", "application_application_type": 4, "application_connection_type": 1, "application_connection_state": 1, "user_name": "driver12", "user_id": 811, "user_username": "driver12", "user_color": "17D376", "user_connection_type": 0, "user_last_login": null, "user_last_rate": null, "observation_url": "https://thor.ansur.no/signs/processing/27435", "observation_type": "photo", "preview_url": "https://thor.ansur.no/display/file/892d3a2a78b601cc32670d749a2526d9/driver12/d747a2de9df61fc22b53c5f8d3aa7223/preview.jpg", "preview_with_overlay_url": "https://thor.ansur.no/display/displayWithOverlays/892d3a2a78b601cc32670d749a2526d9/driver12/d747a2de9df61fc22b53c5f8d3aa7223/preview.jpg", "thumbnail_url": "https://thor.ansur.no/display/file/43f44dd187939a599f4032bc608e7de0/driver12/d747a2de9df61fc22b53c5f8d3aa7223/thumb.jpg", "files": [{"id": 83278, "file_type": 1, "size": 7479623, "state": 0, "created": "2019-09-13 12:41:49", "request_until": null, "meta": null, "hash": "d747a2de9df61fc22b53c5f8d3aa7223", "url": null}, {"id": 83279, "file_type": 0, "size": 38526, "state": 3, "created": "2019-09-13 12:41:49", "request_until": "2019-10-13 12:41:49", "meta": null, "hash": "892d3a2a78b601cc32670d749a2526d9", "url": "https://thor.ansur.no/display/media/83279/driver12/d747a2de9df61fc22b53c5f8d3aa7223/preview.jpg"}, {"id": 83280, "file_type": 3, "size": 13671, "state": 3, "created": "2019-09-13 12:42:00", "request_until": null, "meta": "", "hash": "43f44dd187939a599f4032bc608e7de0", "url": "https://thor.ansur.no/display/media/83280/driver12/d747a2de9df61fc22b53c5f8d3aa7223/thumb.jpg"}]}}]}','null');
insert into aar_service.file (id, name, mimeType, url, record_id) values (370,'record/attachements/d747a2de9df61fc22b53c5f8d3aa7223/preview.jpg','null','https://thor.ansur.no/display/media/83279/driver12/d747a2de9df61fc22b53c5f8d3aa7223/preview.jpg',2221);
insert into aar_service.file (id, name, mimeType, url, record_id) values (371,'record/attachements/d747a2de9df61fc22b53c5f8d3aa7223/thumb.jpg','null','https://thor.ansur.no/display/media/83280/driver12/d747a2de9df61fc22b53c5f8d3aa7223/thumb.jpg',2221);
insert into aar_service.record (id, clientId, sessionId, createDate, trialDate, topic, recordType, headline, msgType, recordJson, recordData) values (2222,'asign_photo','null','2019-09-13 14:42:55.088','2019-09-13 14:42:55.088','photo_geojson','FeatureCollection','USAR Mission','Info','{"type": "FeatureCollection", "bbox": null, "features": [{"type": "Feature", "bbox": null, "geometry": {"type": "Point", "coordinates": [14.832041, 47.514603]}, "properties": {"id": 27436, "priority": 0, "viewed": false, "signature": "e20bbc042f61fcdf7450c23a9c19ff44", "instant": "2019-09-13 12:42:12", "created": "2019-09-13 12:42:37", "updated": "2019-09-13 12:42:44.506564", "caption": "Alpengasthof", "interpretation": null, "meta": {"Source": {"filename": "original.jpg", "camera_make": "Apple", "width": 4032, "size": 7456972, "height": 3024, "direction": 321.0, "camera_model": "iPhone 6s Plus", "field_of_view": null}}, "version": null, "application_id": "a7fae54e-a7fd-4e11-8008-7f2f1a8207ca", "seen": null, "started": null, "stopped": null, "location_latitude": 47.514603, "location_longitude": 14.832041, "location_time": "2019-09-13 12:42:11", "location_accuracy": 5.0, "location_altitude": 1020.237061, "location_provider": null, "location_speed": null, "location_meta": null, "mission_id": 256, "mission_name": "USAR Mission", "thumbnail_hash": "4876fad972f1146d9319075174ea1f06", "preview_hash": "02edd02cae880bd1f59a2be75a52438a", "category_id": null, "category_name": null, "application_device_type": 3, "application_last_login": "2019-09-13 12:41:34.69037", "application_phone": null, "application_last_rate": null, "application_updated": "2019-09-13 12:41:34.69037", "application_created": "2019-09-11 08:58:00.323881", "application_application_type": 4, "application_connection_type": 1, "application_connection_state": 1, "user_name": "driver12", "user_id": 811, "user_username": "driver12", "user_color": "17D376", "user_connection_type": 0, "user_last_login": null, "user_last_rate": null, "observation_url": "https://thor.ansur.no/signs/processing/27436", "observation_type": "photo", "preview_url": "https://thor.ansur.no/display/file/02edd02cae880bd1f59a2be75a52438a/driver12/e20bbc042f61fcdf7450c23a9c19ff44/preview.jpg", "preview_with_overlay_url": "https://thor.ansur.no/display/displayWithOverlays/02edd02cae880bd1f59a2be75a52438a/driver12/e20bbc042f61fcdf7450c23a9c19ff44/preview.jpg", "thumbnail_url": "https://thor.ansur.no/display/file/4876fad972f1146d9319075174ea1f06/driver12/e20bbc042f61fcdf7450c23a9c19ff44/thumb.jpg", "files": [{"id": 83281, "file_type": 1, "size": 7456972, "state": 0, "created": "2019-09-13 12:42:37", "request_until": null, "meta": null, "hash": "e20bbc042f61fcdf7450c23a9c19ff44", "url": null}, {"id": 83282, "file_type": 0, "size": 42153, "state": 3, "created": "2019-09-13 12:42:37", "request_until": "2019-10-13 12:42:37", "meta": null, "hash": "02edd02cae880bd1f59a2be75a52438a", "url": "https://thor.ansur.no/display/media/83282/driver12/e20bbc042f61fcdf7450c23a9c19ff44/preview.jpg"}, {"id": 83283, "file_type": 3, "size": 14562, "state": 3, "created": "2019-09-13 12:42:44", "request_until": null, "meta": "", "hash": "4876fad972f1146d9319075174ea1f06", "url": "https://thor.ansur.no/display/media/83283/driver12/e20bbc042f61fcdf7450c23a9c19ff44/thumb.jpg"}]}}]}','null');
insert into aar_service.file (id, name, mimeType, url, record_id) values (372,'record/attachements/e20bbc042f61fcdf7450c23a9c19ff44/preview.jpg','null','https://thor.ansur.no/display/media/83282/driver12/e20bbc042f61fcdf7450c23a9c19ff44/preview.jpg',2222);
insert into aar_service.file (id, name, mimeType, url, record_id) values (373,'record/attachements/e20bbc042f61fcdf7450c23a9c19ff44/thumb.jpg','null','https://thor.ansur.no/display/media/83283/driver12/e20bbc042f61fcdf7450c23a9c19ff44/thumb.jpg',2222);
insert into aar_service.record (id, clientId, sessionId, createDate, trialDate, topic, recordType, headline, msgType, recordJson, recordData) values (2223,'asign_photo','null','2019-09-13 14:43:40.175','2019-09-13 14:43:40.175','photo_geojson','FeatureCollection','USAR Mission','Info','{"type": "FeatureCollection", "bbox": null, "features": [{"type": "Feature", "bbox": null, "geometry": {"type": "Point", "coordinates": [14.832041, 47.514603]}, "properties": {"id": 27436, "priority": 0, "viewed": true, "signature": "e20bbc042f61fcdf7450c23a9c19ff44", "instant": "2019-09-13 12:42:12", "created": "2019-09-13 12:42:37", "updated": "2019-09-13 12:43:27.608998", "caption": "Alpengasthof", "interpretation": null, "meta": {"Source": {"filename": "original.jpg", "camera_make": "Apple", "width": 4032, "size": 7456972, "height": 3024, "direction": 321.0, "camera_model": "iPhone 6s Plus", "field_of_view": null}}, "version": null, "application_id": "a7fae54e-a7fd-4e11-8008-7f2f1a8207ca", "seen": "2019-09-13 12:43:27", "started": null, "stopped": null, "location_latitude": 47.514603, "location_longitude": 14.832041, "location_time": "2019-09-13 12:42:11", "location_accuracy": 5.0, "location_altitude": 1020.237061, "location_provider": null, "location_speed": null, "location_meta": null, "mission_id": 256, "mission_name": "USAR Mission", "thumbnail_hash": "4876fad972f1146d9319075174ea1f06", "preview_hash": "02edd02cae880bd1f59a2be75a52438a", "category_id": null, "category_name": null, "application_device_type": 3, "application_last_login": "2019-09-13 12:41:34.69037", "application_phone": null, "application_last_rate": null, "application_updated": "2019-09-13 12:41:34.69037", "application_created": "2019-09-11 08:58:00.323881", "application_application_type": 4, "application_connection_type": 1, "application_connection_state": 1, "user_name": "driver12", "user_id": 811, "user_username": "driver12", "user_color": "17D376", "user_connection_type": 0, "user_last_login": null, "user_last_rate": null, "observation_url": "https://thor.ansur.no/signs/processing/27436", "observation_type": "photo", "preview_url": "https://thor.ansur.no/display/file/02edd02cae880bd1f59a2be75a52438a/driver12/e20bbc042f61fcdf7450c23a9c19ff44/preview.jpg", "preview_with_overlay_url": "https://thor.ansur.no/display/displayWithOverlays/02edd02cae880bd1f59a2be75a52438a/driver12/e20bbc042f61fcdf7450c23a9c19ff44/preview.jpg", "thumbnail_url": "https://thor.ansur.no/display/file/4876fad972f1146d9319075174ea1f06/driver12/e20bbc042f61fcdf7450c23a9c19ff44/thumb.jpg", "files": [{"id": 83281, "file_type": 1, "size": 7456972, "state": 0, "created": "2019-09-13 12:42:37", "request_until": null, "meta": null, "hash": "e20bbc042f61fcdf7450c23a9c19ff44", "url": null}, {"id": 83282, "file_type": 0, "size": 42153, "state": 3, "created": "2019-09-13 12:42:37", "request_until": "2019-10-13 12:42:37", "meta": null, "hash": "02edd02cae880bd1f59a2be75a52438a", "url": "https://thor.ansur.no/display/media/83282/driver12/e20bbc042f61fcdf7450c23a9c19ff44/preview.jpg"}, {"id": 83283, "file_type": 3, "size": 14562, "state": 3, "created": "2019-09-13 12:42:44", "request_until": null, "meta": "", "hash": "4876fad972f1146d9319075174ea1f06", "url": "https://thor.ansur.no/display/media/83283/driver12/e20bbc042f61fcdf7450c23a9c19ff44/thumb.jpg"}]}}]}','null');
insert into aar_service.file (id, name, mimeType, url, record_id) values (374,'record/attachements/e20bbc042f61fcdf7450c23a9c19ff44/preview.jpg','null','https://thor.ansur.no/display/media/83282/driver12/e20bbc042f61fcdf7450c23a9c19ff44/preview.jpg',2223);
insert into aar_service.file (id, name, mimeType, url, record_id) values (375,'record/attachements/e20bbc042f61fcdf7450c23a9c19ff44/thumb.jpg','null','https://thor.ansur.no/display/media/83283/driver12/e20bbc042f61fcdf7450c23a9c19ff44/thumb.jpg',2223);
insert into aar_service.record (id, clientId, sessionId, createDate, trialDate, topic, recordType, headline, msgType, recordJson, recordData) values (2224,'asign_photo','null','2019-09-13 14:45:40.251','2019-09-13 14:45:40.251','photo_geojson','FeatureCollection','USAR Mission','Info','{"type": "FeatureCollection", "bbox": null, "features": [{"type": "Feature", "bbox": null, "geometry": {"type": "Point", "coordinates": [14.832026, 47.514767]}, "properties": {"id": 27435, "priority": 0, "viewed": true, "signature": "d747a2de9df61fc22b53c5f8d3aa7223", "instant": "2019-09-13 12:41:46", "created": "2019-09-13 12:41:49", "updated": "2019-09-13 12:45:38.255317", "caption": "", "interpretation": null, "meta": {"Source": {"filename": "original.jpg", "camera_make": "Apple", "width": 4032, "size": 7479623, "height": 3024, "direction": 277.0, "camera_model": "iPhone 6s Plus", "field_of_view": null}}, "version": null, "application_id": "a7fae54e-a7fd-4e11-8008-7f2f1a8207ca", "seen": "2019-09-13 12:42:05", "started": null, "stopped": null, "location_latitude": 47.514767, "location_longitude": 14.832026, "location_time": "2019-09-13 12:41:45", "location_accuracy": 5.0, "location_altitude": 1019.638245, "location_provider": null, "location_speed": null, "location_meta": null, "mission_id": 256, "mission_name": "USAR Mission", "thumbnail_hash": "43f44dd187939a599f4032bc608e7de0", "preview_hash": "892d3a2a78b601cc32670d749a2526d9", "category_id": null, "category_name": null, "application_device_type": 3, "application_last_login": "2019-09-13 12:41:34.69037", "application_phone": null, "application_last_rate": null, "application_updated": "2019-09-13 12:41:34.69037", "application_created": "2019-09-11 08:58:00.323881", "application_application_type": 4, "application_connection_type": 1, "application_connection_state": 1, "user_name": "driver12", "user_id": 811, "user_username": "driver12", "user_color": "17D376", "user_connection_type": 0, "user_last_login": null, "user_last_rate": null, "observation_url": "https://thor.ansur.no/signs/processing/27435", "observation_type": "photo", "preview_url": "https://thor.ansur.no/display/file/892d3a2a78b601cc32670d749a2526d9/driver12/d747a2de9df61fc22b53c5f8d3aa7223/preview.jpg", "preview_with_overlay_url": "https://thor.ansur.no/display/displayWithOverlays/892d3a2a78b601cc32670d749a2526d9/driver12/d747a2de9df61fc22b53c5f8d3aa7223/preview.jpg", "thumbnail_url": "https://thor.ansur.no/display/file/43f44dd187939a599f4032bc608e7de0/driver12/d747a2de9df61fc22b53c5f8d3aa7223/thumb.jpg", "files": [{"id": 83278, "file_type": 1, "size": 7479623, "state": 0, "created": "2019-09-13 12:41:49", "request_until": null, "meta": null, "hash": "d747a2de9df61fc22b53c5f8d3aa7223", "url": null}, {"id": 83279, "file_type": 0, "size": 38526, "state": 3, "created": "2019-09-13 12:41:49", "request_until": "2019-10-13 12:41:49", "meta": null, "hash": "892d3a2a78b601cc32670d749a2526d9", "url": "https://thor.ansur.no/display/media/83279/driver12/d747a2de9df61fc22b53c5f8d3aa7223/preview.jpg"}, {"id": 83280, "file_type": 3, "size": 13671, "state": 3, "created": "2019-09-13 12:42:00", "request_until": null, "meta": "", "hash": "43f44dd187939a599f4032bc608e7de0", "url": "https://thor.ansur.no/display/media/83280/driver12/d747a2de9df61fc22b53c5f8d3aa7223/thumb.jpg"}, {"id": 83286, "file_type": 2, "size": null, "state": 1, "created": "2019-09-13 12:45:36", "request_until": "2019-10-13 12:45:36", "meta": {"Region": {"x": 2560, "y": 1282, "width": 272, "height": 351, "scale": 1.0, "quality": 90}}, "hash": null, "url": null}]}}]}','null');
insert into aar_service.file (id, name, mimeType, url, record_id) values (376,'record/attachements/d747a2de9df61fc22b53c5f8d3aa7223/preview.jpg','null','https://thor.ansur.no/display/media/83279/driver12/d747a2de9df61fc22b53c5f8d3aa7223/preview.jpg',2224);
insert into aar_service.file (id, name, mimeType, url, record_id) values (377,'record/attachements/d747a2de9df61fc22b53c5f8d3aa7223/thumb.jpg','null','https://thor.ansur.no/display/media/83280/driver12/d747a2de9df61fc22b53c5f8d3aa7223/thumb.jpg',2224);
insert into aar_service.record (id, clientId, sessionId, createDate, trialDate, topic, recordType, headline, msgType, recordJson, recordData) values (2225,'TB-Ost','null','2019-09-13 14:45:50.042','2019-09-13 14:45:50.042','system_observer_tool_answer','ObserverToolAnswer','A new observation was reported by: Block5_USAR_Teams-viewTerra_Observer','Info','{"trialId": 13, "sessionId": 217, "answerId": 1657, "timeSendUTC": 1568378748, "timeWhen": 1568378750000, "observationTypeName": "Block5_USAR_Teams-viewTerra_Observer", "observervationTypeId": 1735, "observationTypeDescription": "Was vieWTerra Evolution able to display geo-images (photos)  from ASIGN?", "description": "", "multiplicity": true, "questions": [{"id": 3131, "name": "Was vieWTerra Evolution able to display geo-images", "description": "-", "answer": "Agree", "comment": "", "typeOfQuestion": "radiobutton"}]}','null');
insert into aar_service.record (id, clientId, sessionId, createDate, trialDate, topic, recordType, headline, msgType, recordJson, recordData) values (2226,'asign_photo','null','2019-09-13 14:45:50.329','2019-09-13 14:45:50.329','photo_geojson','FeatureCollection','USAR Mission','Info','{"type": "FeatureCollection", "bbox": null, "features": [{"type": "Feature", "bbox": null, "geometry": {"type": "Point", "coordinates": [14.832083, 47.51461]}, "properties": {"id": 27437, "priority": 0, "viewed": false, "signature": "412536234e7c02191ebc571c93a7ca3d", "instant": "2019-09-13 12:42:43", "created": "2019-09-13 12:43:13", "updated": "2019-09-13 12:45:40.46395", "caption": "", "interpretation": null, "meta": {"Source": {"filename": "original.jpg", "camera_make": "Apple", "width": 4032, "size": 9114809, "height": 3024, "direction": 160.0, "camera_model": "iPhone 6s Plus", "field_of_view": null}}, "version": null, "application_id": "a7fae54e-a7fd-4e11-8008-7f2f1a8207ca", "seen": null, "started": null, "stopped": null, "location_latitude": 47.51461, "location_longitude": 14.832083, "location_time": "2019-09-13 12:42:42", "location_accuracy": 5.0, "location_altitude": 1020.040405, "location_provider": null, "location_speed": null, "location_meta": null, "mission_id": 256, "mission_name": "USAR Mission", "thumbnail_hash": "1ab298529b40d53b0daedf5e27c2eee6", "preview_hash": "3688a2eed00ed79b8236dfe37d0f9b32", "category_id": null, "category_name": null, "application_device_type": 3, "application_last_login": "2019-09-13 12:41:34.69037", "application_phone": null, "application_last_rate": null, "application_updated": "2019-09-13 12:41:34.69037", "application_created": "2019-09-11 08:58:00.323881", "application_application_type": 4, "application_connection_type": 1, "application_connection_state": 1, "user_name": "driver12", "user_id": 811, "user_username": "driver12", "user_color": "17D376", "user_connection_type": 0, "user_last_login": null, "user_last_rate": null, "observation_url": "https://thor.ansur.no/signs/processing/27437", "observation_type": "photo", "preview_url": "https://thor.ansur.no/display/file/3688a2eed00ed79b8236dfe37d0f9b32/driver12/412536234e7c02191ebc571c93a7ca3d/preview.jpg", "preview_with_overlay_url": "https://thor.ansur.no/display/displayWithOverlays/3688a2eed00ed79b8236dfe37d0f9b32/driver12/412536234e7c02191ebc571c93a7ca3d/preview.jpg", "thumbnail_url": "https://thor.ansur.no/display/file/1ab298529b40d53b0daedf5e27c2eee6/driver12/412536234e7c02191ebc571c93a7ca3d/thumb.jpg", "files": [{"id": 83284, "file_type": 1, "size": 9114809, "state": 0, "created": "2019-09-13 12:43:13", "request_until": null, "meta": null, "hash": "412536234e7c02191ebc571c93a7ca3d", "url": null}, {"id": 83285, "file_type": 0, "size": 52776, "state": 3, "created": "2019-09-13 12:43:13", "request_until": "2019-10-13 12:43:13", "meta": null, "hash": "3688a2eed00ed79b8236dfe37d0f9b32", "url": "https://thor.ansur.no/display/media/83285/driver12/412536234e7c02191ebc571c93a7ca3d/preview.jpg"}, {"id": 83287, "file_type": 3, "size": 15082, "state": 3, "created": "2019-09-13 12:45:40", "request_until": null, "meta": "", "hash": "1ab298529b40d53b0daedf5e27c2eee6", "url": "https://thor.ansur.no/display/media/83287/driver12/412536234e7c02191ebc571c93a7ca3d/thumb.jpg"}]}}]}','null');
insert into aar_service.file (id, name, mimeType, url, record_id) values (378,'record/attachements/412536234e7c02191ebc571c93a7ca3d/preview.jpg','null','https://thor.ansur.no/display/media/83285/driver12/412536234e7c02191ebc571c93a7ca3d/preview.jpg',2226);
insert into aar_service.file (id, name, mimeType, url, record_id) values (379,'record/attachements/412536234e7c02191ebc571c93a7ca3d/thumb.jpg','null','https://thor.ansur.no/display/media/83287/driver12/412536234e7c02191ebc571c93a7ca3d/thumb.jpg',2226);
insert into aar_service.record (id, clientId, sessionId, createDate, trialDate, topic, recordType, headline, msgType, recordJson, recordData) values (2227,'asign_photo','null','2019-09-13 14:46:25.398','2019-09-13 14:46:25.398','photo_geojson','FeatureCollection','USAR Mission','Info','{"type": "FeatureCollection", "bbox": null, "features": [{"type": "Feature", "bbox": null, "geometry": {"type": "Point", "coordinates": [14.832041, 47.514603]}, "properties": {"id": 27436, "priority": 0, "viewed": true, "signature": "e20bbc042f61fcdf7450c23a9c19ff44", "instant": "2019-09-13 12:42:12", "created": "2019-09-13 12:42:37", "updated": "2019-09-13 12:46:14.207124", "caption": "Alpengasthof", "interpretation": null, "meta": {"Source": {"filename": "original.jpg", "camera_make": "Apple", "width": 4032, "size": 7456972, "height": 3024, "direction": 321.0, "camera_model": "iPhone 6s Plus", "field_of_view": null}}, "version": null, "application_id": "a7fae54e-a7fd-4e11-8008-7f2f1a8207ca", "seen": "2019-09-13 12:43:27", "started": null, "stopped": null, "location_latitude": 47.514603, "location_longitude": 14.832041, "location_time": "2019-09-13 12:42:11", "location_accuracy": 5.0, "location_altitude": 1020.237061, "location_provider": null, "location_speed": null, "location_meta": null, "mission_id": 256, "mission_name": "USAR Mission", "thumbnail_hash": "4876fad972f1146d9319075174ea1f06", "preview_hash": "02edd02cae880bd1f59a2be75a52438a", "category_id": null, "category_name": null, "application_device_type": 3, "application_last_login": "2019-09-13 12:41:34.69037", "application_phone": null, "application_last_rate": null, "application_updated": "2019-09-13 12:46:12.813865", "application_created": "2019-09-11 08:58:00.323881", "application_application_type": 4, "application_connection_type": 1, "application_connection_state": 0, "user_name": "driver12", "user_id": 811, "user_username": "driver12", "user_color": "17D376", "user_connection_type": 0, "user_last_login": null, "user_last_rate": null, "observation_url": "https://thor.ansur.no/signs/processing/27436", "observation_type": "photo", "preview_url": "https://thor.ansur.no/display/file/02edd02cae880bd1f59a2be75a52438a/driver12/e20bbc042f61fcdf7450c23a9c19ff44/preview.jpg", "preview_with_overlay_url": "https://thor.ansur.no/display/displayWithOverlays/02edd02cae880bd1f59a2be75a52438a/driver12/e20bbc042f61fcdf7450c23a9c19ff44/preview.jpg", "thumbnail_url": "https://thor.ansur.no/display/file/4876fad972f1146d9319075174ea1f06/driver12/e20bbc042f61fcdf7450c23a9c19ff44/thumb.jpg", "files": [{"id": 83281, "file_type": 1, "size": 7456972, "state": 0, "created": "2019-09-13 12:42:37", "request_until": null, "meta": null, "hash": "e20bbc042f61fcdf7450c23a9c19ff44", "url": null}, {"id": 83282, "file_type": 0, "size": 42153, "state": 3, "created": "2019-09-13 12:42:37", "request_until": "2019-10-13 12:42:37", "meta": null, "hash": "02edd02cae880bd1f59a2be75a52438a", "url": "https://thor.ansur.no/display/media/83282/driver12/e20bbc042f61fcdf7450c23a9c19ff44/preview.jpg"}, {"id": 83283, "file_type": 3, "size": 14562, "state": 3, "created": "2019-09-13 12:42:44", "request_until": null, "meta": "", "hash": "4876fad972f1146d9319075174ea1f06", "url": "https://thor.ansur.no/display/media/83283/driver12/e20bbc042f61fcdf7450c23a9c19ff44/thumb.jpg"}, {"id": 83292, "file_type": 2, "size": null, "state": 0, "created": "2019-09-13 12:46:14", "request_until": "2019-10-13 12:46:14", "meta": {"Region": {"x": 2642, "y": 1591, "width": 576, "height": 257, "scale": 1.0, "quality": 90}}, "hash": null, "url": null}]}}, {"type": "Feature", "bbox": null, "geometry": {"type": "Point", "coordinates": [14.832026, 47.514767]}, "properties": {"id": 27435, "priority": 0, "viewed": true, "signature": "d747a2de9df61fc22b53c5f8d3aa7223", "instant": "2019-09-13 12:41:46", "created": "2019-09-13 12:41:49", "updated": "2019-09-13 12:46:12.787631", "caption": "", "interpretation": null, "meta": {"Source": {"filename": "original.jpg", "camera_make": "Apple", "width": 4032, "size": 7479623, "height": 3024, "direction": 277.0, "camera_model": "iPhone 6s Plus", "field_of_view": null}}, "version": null, "application_id": "a7fae54e-a7fd-4e11-8008-7f2f1a8207ca", "seen": "2019-09-13 12:42:05", "started": null, "stopped": null, "location_latitude": 47.514767, "location_longitude": 14.832026, "location_time": "2019-09-13 12:41:45", "location_accuracy": 5.0, "location_altitude": 1019.638245, "location_provider": null, "location_speed": null, "location_meta": null, "mission_id": 256, "mission_name": "USAR Mission", "thumbnail_hash": "43f44dd187939a599f4032bc608e7de0", "preview_hash": "892d3a2a78b601cc32670d749a2526d9", "category_id": null, "category_name": null, "application_device_type": 3, "application_last_login": "2019-09-13 12:41:34.69037", "application_phone": null, "application_last_rate": null, "application_updated": "2019-09-13 12:46:12.813865", "application_created": "2019-09-11 08:58:00.323881", "application_application_type": 4, "application_connection_type": 1, "application_connection_state": 0, "user_name": "driver12", "user_id": 811, "user_username": "driver12", "user_color": "17D376", "user_connection_type": 0, "user_last_login": null, "user_last_rate": null, "observation_url": "https://thor.ansur.no/signs/processing/27435", "observation_type": "photo", "preview_url": "https://thor.ansur.no/display/file/892d3a2a78b601cc32670d749a2526d9/driver12/d747a2de9df61fc22b53c5f8d3aa7223/preview.jpg", "preview_with_overlay_url": "https://thor.ansur.no/display/displayWithOverlays/892d3a2a78b601cc32670d749a2526d9/driver12/d747a2de9df61fc22b53c5f8d3aa7223/preview.jpg", "thumbnail_url": "https://thor.ansur.no/display/file/43f44dd187939a599f4032bc608e7de0/driver12/d747a2de9df61fc22b53c5f8d3aa7223/thumb.jpg", "files": [{"id": 83278, "file_type": 1, "size": 7479623, "state": 0, "created": "2019-09-13 12:41:49", "request_until": null, "meta": null, "hash": "d747a2de9df61fc22b53c5f8d3aa7223", "url": null}, {"id": 83279, "file_type": 0, "size": 38526, "state": 3, "created": "2019-09-13 12:41:49", "request_until": "2019-10-13 12:41:49", "meta": null, "hash": "892d3a2a78b601cc32670d749a2526d9", "url": "https://thor.ansur.no/display/media/83279/driver12/d747a2de9df61fc22b53c5f8d3aa7223/preview.jpg"}, {"id": 83280, "file_type": 3, "size": 13671, "state": 3, "created": "2019-09-13 12:42:00", "request_until": null, "meta": "", "hash": "43f44dd187939a599f4032bc608e7de0", "url": "https://thor.ansur.no/display/media/83280/driver12/d747a2de9df61fc22b53c5f8d3aa7223/thumb.jpg"}, {"id": 83286, "file_type": 2, "size": null, "state": 2, "created": "2019-09-13 12:45:36", "request_until": "2019-10-13 12:45:36", "meta": {"Region": {"x": 2560, "y": 1282, "width": 272, "height": 351, "scale": 1.0, "quality": 90}}, "hash": null, "url": null}]}}]}','null');
insert into aar_service.file (id, name, mimeType, url, record_id) values (380,'record/attachements/e20bbc042f61fcdf7450c23a9c19ff44/preview.jpg','null','https://thor.ansur.no/display/media/83282/driver12/e20bbc042f61fcdf7450c23a9c19ff44/preview.jpg',2227);
insert into aar_service.file (id, name, mimeType, url, record_id) values (381,'record/attachements/e20bbc042f61fcdf7450c23a9c19ff44/thumb.jpg','null','https://thor.ansur.no/display/media/83283/driver12/e20bbc042f61fcdf7450c23a9c19ff44/thumb.jpg',2227);
insert into aar_service.file (id, name, mimeType, url, record_id) values (382,'record/attachements/d747a2de9df61fc22b53c5f8d3aa7223/preview.jpg','null','https://thor.ansur.no/display/media/83279/driver12/d747a2de9df61fc22b53c5f8d3aa7223/preview.jpg',2227);
insert into aar_service.file (id, name, mimeType, url, record_id) values (383,'record/attachements/d747a2de9df61fc22b53c5f8d3aa7223/thumb.jpg','null','https://thor.ansur.no/display/media/83280/driver12/d747a2de9df61fc22b53c5f8d3aa7223/thumb.jpg',2227);
insert into aar_service.record (id, clientId, sessionId, createDate, trialDate, topic, recordType, headline, msgType, recordJson, recordData) values (2228,'TB-TrialMgmt','null','2019-09-13 14:46:32.74','2019-09-13 14:46:32.74','system_tm_role_player','RolePlayerMessage','One local unit Assign app for photos.','Info','{"id": "37c4e15b-3fb7-4891-b5c4-f4a8623534ee", "type": "CALL", "title": "", "headline": "One local unit Assign app for photos.", "description": "One local unit use assign app for sending photos.", "rolePlayerName": "ARC - EXCON", "participantNames": null, "comment": ""}','null');
insert into aar_service.record (id, clientId, sessionId, createDate, trialDate, topic, recordType, headline, msgType, recordJson, recordData) values (2229,'asign_photo','null','2019-09-13 14:46:35.491','2019-09-13 14:46:35.491','photo_geojson','FeatureCollection','USAR Mission','Info','{"type": "FeatureCollection", "bbox": null, "features": [{"type": "Feature", "bbox": null, "geometry": {"type": "Point", "coordinates": [14.832041, 47.514603]}, "properties": {"id": 27436, "priority": 0, "viewed": true, "signature": "e20bbc042f61fcdf7450c23a9c19ff44", "instant": "2019-09-13 12:42:12", "created": "2019-09-13 12:42:37", "updated": "2019-09-13 12:46:14.207124", "caption": "Alpengasthof", "interpretation": null, "meta": {"Source": {"filename": "original.jpg", "camera_make": "Apple", "width": 4032, "size": 7456972, "height": 3024, "direction": 321.0, "camera_model": "iPhone 6s Plus", "field_of_view": null}}, "version": null, "application_id": "a7fae54e-a7fd-4e11-8008-7f2f1a8207ca", "seen": "2019-09-13 12:43:27", "started": null, "stopped": null, "location_latitude": 47.514603, "location_longitude": 14.832041, "location_time": "2019-09-13 12:42:11", "location_accuracy": 5.0, "location_altitude": 1020.237061, "location_provider": null, "location_speed": null, "location_meta": null, "mission_id": 256, "mission_name": "USAR Mission", "thumbnail_hash": "4876fad972f1146d9319075174ea1f06", "preview_hash": "02edd02cae880bd1f59a2be75a52438a", "category_id": null, "category_name": null, "application_device_type": 3, "application_last_login": "2019-09-13 12:41:34.69037", "application_phone": null, "application_last_rate": null, "application_updated": "2019-09-13 12:46:12.813865", "application_created": "2019-09-11 08:58:00.323881", "application_application_type": 4, "application_connection_type": 1, "application_connection_state": 0, "user_name": "driver12", "user_id": 811, "user_username": "driver12", "user_color": "17D376", "user_connection_type": 0, "user_last_login": null, "user_last_rate": null, "observation_url": "https://thor.ansur.no/signs/processing/27436", "observation_type": "photo", "preview_url": "https://thor.ansur.no/display/file/02edd02cae880bd1f59a2be75a52438a/driver12/e20bbc042f61fcdf7450c23a9c19ff44/preview.jpg", "preview_with_overlay_url": "https://thor.ansur.no/display/displayWithOverlays/02edd02cae880bd1f59a2be75a52438a/driver12/e20bbc042f61fcdf7450c23a9c19ff44/preview.jpg", "thumbnail_url": "https://thor.ansur.no/display/file/4876fad972f1146d9319075174ea1f06/driver12/e20bbc042f61fcdf7450c23a9c19ff44/thumb.jpg", "files": [{"id": 83281, "file_type": 1, "size": 7456972, "state": 0, "created": "2019-09-13 12:42:37", "request_until": null, "meta": null, "hash": "e20bbc042f61fcdf7450c23a9c19ff44", "url": null}, {"id": 83282, "file_type": 0, "size": 42153, "state": 3, "created": "2019-09-13 12:42:37", "request_until": "2019-10-13 12:42:37", "meta": null, "hash": "02edd02cae880bd1f59a2be75a52438a", "url": "https://thor.ansur.no/display/media/83282/driver12/e20bbc042f61fcdf7450c23a9c19ff44/preview.jpg"}, {"id": 83283, "file_type": 3, "size": 14562, "state": 3, "created": "2019-09-13 12:42:44", "request_until": null, "meta": "", "hash": "4876fad972f1146d9319075174ea1f06", "url": "https://thor.ansur.no/display/media/83283/driver12/e20bbc042f61fcdf7450c23a9c19ff44/thumb.jpg"}, {"id": 83292, "file_type": 2, "size": null, "state": 0, "created": "2019-09-13 12:46:14", "request_until": "2019-10-13 12:46:14", "meta": {"Region": {"x": 2642, "y": 1591, "width": 576, "height": 257, "scale": 1.0, "quality": 90}}, "hash": null, "url": null}]}}]}','null');
insert into aar_service.file (id, name, mimeType, url, record_id) values (384,'record/attachements/e20bbc042f61fcdf7450c23a9c19ff44/preview.jpg','null','https://thor.ansur.no/display/media/83282/driver12/e20bbc042f61fcdf7450c23a9c19ff44/preview.jpg',2229);
insert into aar_service.file (id, name, mimeType, url, record_id) values (385,'record/attachements/e20bbc042f61fcdf7450c23a9c19ff44/thumb.jpg','null','https://thor.ansur.no/display/media/83283/driver12/e20bbc042f61fcdf7450c23a9c19ff44/thumb.jpg',2229);
insert into aar_service.record (id, clientId, sessionId, createDate, trialDate, topic, recordType, headline, msgType, recordJson, recordData) values (2230,'asign_photo','null','2019-09-13 14:46:55.568','2019-09-13 14:46:55.568','photo_geojson','FeatureCollection','USAR Mission','Info','{"type": "FeatureCollection", "bbox": null, "features": [{"type": "Feature", "bbox": null, "geometry": {"type": "Point", "coordinates": [14.832026, 47.514767]}, "properties": {"id": 27435, "priority": 0, "viewed": true, "signature": "d747a2de9df61fc22b53c5f8d3aa7223", "instant": "2019-09-13 12:41:46", "created": "2019-09-13 12:41:49", "updated": "2019-09-13 12:46:50.007641", "caption": "", "interpretation": null, "meta": {"Source": {"filename": "original.jpg", "camera_make": "Apple", "width": 4032, "size": 7479623, "height": 3024, "direction": 277.0, "camera_model": "iPhone 6s Plus", "field_of_view": null}}, "version": null, "application_id": "a7fae54e-a7fd-4e11-8008-7f2f1a8207ca", "seen": "2019-09-13 12:42:05", "started": null, "stopped": null, "location_latitude": 47.514767, "location_longitude": 14.832026, "location_time": "2019-09-13 12:41:45", "location_accuracy": 5.0, "location_altitude": 1019.638245, "location_provider": null, "location_speed": null, "location_meta": null, "mission_id": 256, "mission_name": "USAR Mission", "thumbnail_hash": "43f44dd187939a599f4032bc608e7de0", "preview_hash": "892d3a2a78b601cc32670d749a2526d9", "category_id": null, "category_name": null, "application_device_type": 3, "application_last_login": "2019-09-13 12:46:46.452566", "application_phone": null, "application_last_rate": null, "application_updated": "2019-09-13 12:46:46.452566", "application_created": "2019-09-11 08:58:00.323881", "application_application_type": 4, "application_connection_type": 1, "application_connection_state": 1, "user_name": "driver12", "user_id": 811, "user_username": "driver12", "user_color": "17D376", "user_connection_type": 0, "user_last_login": null, "user_last_rate": null, "observation_url": "https://thor.ansur.no/signs/processing/27435", "observation_type": "photo", "preview_url": "https://thor.ansur.no/display/file/892d3a2a78b601cc32670d749a2526d9/driver12/d747a2de9df61fc22b53c5f8d3aa7223/preview.jpg", "preview_with_overlay_url": "https://thor.ansur.no/display/displayWithOverlays/892d3a2a78b601cc32670d749a2526d9/driver12/d747a2de9df61fc22b53c5f8d3aa7223/preview.jpg", "thumbnail_url": "https://thor.ansur.no/display/file/43f44dd187939a599f4032bc608e7de0/driver12/d747a2de9df61fc22b53c5f8d3aa7223/thumb.jpg", "files": [{"id": 83278, "file_type": 1, "size": 7479623, "state": 0, "created": "2019-09-13 12:41:49", "request_until": null, "meta": null, "hash": "d747a2de9df61fc22b53c5f8d3aa7223", "url": null}, {"id": 83279, "file_type": 0, "size": 38526, "state": 3, "created": "2019-09-13 12:41:49", "request_until": "2019-10-13 12:41:49", "meta": null, "hash": "892d3a2a78b601cc32670d749a2526d9", "url": "https://thor.ansur.no/display/media/83279/driver12/d747a2de9df61fc22b53c5f8d3aa7223/preview.jpg"}, {"id": 83280, "file_type": 3, "size": 13671, "state": 3, "created": "2019-09-13 12:42:00", "request_until": null, "meta": "", "hash": "43f44dd187939a599f4032bc608e7de0", "url": "https://thor.ansur.no/display/media/83280/driver12/d747a2de9df61fc22b53c5f8d3aa7223/thumb.jpg"}, {"id": 83286, "file_type": 2, "size": null, "state": 1, "created": "2019-09-13 12:45:36", "request_until": "2019-10-13 12:45:36", "meta": {"Region": {"x": 2560, "y": 1282, "width": 272, "height": 351, "scale": 1.0, "quality": 90}}, "hash": null, "url": null}]}}, {"type": "Feature", "bbox": null, "geometry": {"type": "Point", "coordinates": [14.832041, 47.514603]}, "properties": {"id": 27436, "priority": 0, "viewed": true, "signature": "e20bbc042f61fcdf7450c23a9c19ff44", "instant": "2019-09-13 12:42:12", "created": "2019-09-13 12:42:37", "updated": "2019-09-13 12:46:49.822111", "caption": "Alpengasthof", "interpretation": null, "meta": {"Source": {"filename": "original.jpg", "camera_make": "Apple", "width": 4032, "size": 7456972, "height": 3024, "direction": 321.0, "camera_model": "iPhone 6s Plus", "field_of_view": null}}, "version": null, "application_id": "a7fae54e-a7fd-4e11-8008-7f2f1a8207ca", "seen": "2019-09-13 12:43:27", "started": null, "stopped": null, "location_latitude": 47.514603, "location_longitude": 14.832041, "location_time": "2019-09-13 12:42:11", "location_accuracy": 5.0, "location_altitude": 1020.237061, "location_provider": null, "location_speed": null, "location_meta": null, "mission_id": 256, "mission_name": "USAR Mission", "thumbnail_hash": "4876fad972f1146d9319075174ea1f06", "preview_hash": "02edd02cae880bd1f59a2be75a52438a", "category_id": null, "category_name": null, "application_device_type": 3, "application_last_login": "2019-09-13 12:46:46.452566", "application_phone": null, "application_last_rate": null, "application_updated": "2019-09-13 12:46:46.452566", "application_created": "2019-09-11 08:58:00.323881", "application_application_type": 4, "application_connection_type": 1, "application_connection_state": 1, "user_name": "driver12", "user_id": 811, "user_username": "driver12", "user_color": "17D376", "user_connection_type": 0, "user_last_login": null, "user_last_rate": null, "observation_url": "https://thor.ansur.no/signs/processing/27436", "observation_type": "photo", "preview_url": "https://thor.ansur.no/display/file/02edd02cae880bd1f59a2be75a52438a/driver12/e20bbc042f61fcdf7450c23a9c19ff44/preview.jpg", "preview_with_overlay_url": "https://thor.ansur.no/display/displayWithOverlays/02edd02cae880bd1f59a2be75a52438a/driver12/e20bbc042f61fcdf7450c23a9c19ff44/preview.jpg", "thumbnail_url": "https://thor.ansur.no/display/file/4876fad972f1146d9319075174ea1f06/driver12/e20bbc042f61fcdf7450c23a9c19ff44/thumb.jpg", "files": [{"id": 83281, "file_type": 1, "size": 7456972, "state": 0, "created": "2019-09-13 12:42:37", "request_until": null, "meta": null, "hash": "e20bbc042f61fcdf7450c23a9c19ff44", "url": null}, {"id": 83282, "file_type": 0, "size": 42153, "state": 3, "created": "2019-09-13 12:42:37", "request_until": "2019-10-13 12:42:37", "meta": null, "hash": "02edd02cae880bd1f59a2be75a52438a", "url": "https://thor.ansur.no/display/media/83282/driver12/e20bbc042f61fcdf7450c23a9c19ff44/preview.jpg"}, {"id": 83283, "file_type": 3, "size": 14562, "state": 3, "created": "2019-09-13 12:42:44", "request_until": null, "meta": "", "hash": "4876fad972f1146d9319075174ea1f06", "url": "https://thor.ansur.no/display/media/83283/driver12/e20bbc042f61fcdf7450c23a9c19ff44/thumb.jpg"}, {"id": 83292, "file_type": 2, "size": null, "state": 1, "created": "2019-09-13 12:46:14", "request_until": "2019-10-13 12:46:14", "meta": {"Region": {"x": 2642, "y": 1591, "width": 576, "height": 257, "scale": 1.0, "quality": 90}}, "hash": null, "url": null}]}}]}','null');
insert into aar_service.file (id, name, mimeType, url, record_id) values (386,'record/attachements/d747a2de9df61fc22b53c5f8d3aa7223/preview.jpg','null','https://thor.ansur.no/display/media/83279/driver12/d747a2de9df61fc22b53c5f8d3aa7223/preview.jpg',2230);
insert into aar_service.file (id, name, mimeType, url, record_id) values (387,'record/attachements/d747a2de9df61fc22b53c5f8d3aa7223/thumb.jpg','null','https://thor.ansur.no/display/media/83280/driver12/d747a2de9df61fc22b53c5f8d3aa7223/thumb.jpg',2230);
insert into aar_service.file (id, name, mimeType, url, record_id) values (388,'record/attachements/e20bbc042f61fcdf7450c23a9c19ff44/preview.jpg','null','https://thor.ansur.no/display/media/83282/driver12/e20bbc042f61fcdf7450c23a9c19ff44/preview.jpg',2230);
insert into aar_service.file (id, name, mimeType, url, record_id) values (389,'record/attachements/e20bbc042f61fcdf7450c23a9c19ff44/thumb.jpg','null','https://thor.ansur.no/display/media/83283/driver12/e20bbc042f61fcdf7450c23a9c19ff44/thumb.jpg',2230);
insert into aar_service.record (id, clientId, sessionId, createDate, trialDate, topic, recordType, headline, msgType, recordJson, recordData) values (2231,'asign_photo','null','2019-09-13 14:47:05.644','2019-09-13 14:47:05.644','photo_geojson','FeatureCollection','USAR Mission','Info','{"type": "FeatureCollection", "bbox": null, "features": [{"type": "Feature", "bbox": null, "geometry": {"type": "Point", "coordinates": [14.832026, 47.514767]}, "properties": {"id": 27435, "priority": 0, "viewed": true, "signature": "d747a2de9df61fc22b53c5f8d3aa7223", "instant": "2019-09-13 12:41:46", "created": "2019-09-13 12:41:49", "updated": "2019-09-13 12:46:50.007641", "caption": "", "interpretation": null, "meta": {"Source": {"filename": "original.jpg", "camera_make": "Apple", "width": 4032, "size": 7479623, "height": 3024, "direction": 277.0, "camera_model": "iPhone 6s Plus", "field_of_view": null}}, "version": null, "application_id": "a7fae54e-a7fd-4e11-8008-7f2f1a8207ca", "seen": "2019-09-13 12:42:05", "started": null, "stopped": null, "location_latitude": 47.514767, "location_longitude": 14.832026, "location_time": "2019-09-13 12:41:45", "location_accuracy": 5.0, "location_altitude": 1019.638245, "location_provider": null, "location_speed": null, "location_meta": null, "mission_id": 256, "mission_name": "USAR Mission", "thumbnail_hash": "43f44dd187939a599f4032bc608e7de0", "preview_hash": "892d3a2a78b601cc32670d749a2526d9", "category_id": null, "category_name": null, "application_device_type": 3, "application_last_login": "2019-09-13 12:46:46.452566", "application_phone": null, "application_last_rate": null, "application_updated": "2019-09-13 12:46:46.452566", "application_created": "2019-09-11 08:58:00.323881", "application_application_type": 4, "application_connection_type": 1, "application_connection_state": 1, "user_name": "driver12", "user_id": 811, "user_username": "driver12", "user_color": "17D376", "user_connection_type": 0, "user_last_login": null, "user_last_rate": null, "observation_url": "https://thor.ansur.no/signs/processing/27435", "observation_type": "photo", "preview_url": "https://thor.ansur.no/display/file/892d3a2a78b601cc32670d749a2526d9/driver12/d747a2de9df61fc22b53c5f8d3aa7223/preview.jpg", "preview_with_overlay_url": "https://thor.ansur.no/display/displayWithOverlays/892d3a2a78b601cc32670d749a2526d9/driver12/d747a2de9df61fc22b53c5f8d3aa7223/preview.jpg", "thumbnail_url": "https://thor.ansur.no/display/file/43f44dd187939a599f4032bc608e7de0/driver12/d747a2de9df61fc22b53c5f8d3aa7223/thumb.jpg", "files": [{"id": 83278, "file_type": 1, "size": 7479623, "state": 0, "created": "2019-09-13 12:41:49", "request_until": null, "meta": null, "hash": "d747a2de9df61fc22b53c5f8d3aa7223", "url": null}, {"id": 83279, "file_type": 0, "size": 38526, "state": 3, "created": "2019-09-13 12:41:49", "request_until": "2019-10-13 12:41:49", "meta": null, "hash": "892d3a2a78b601cc32670d749a2526d9", "url": "https://thor.ansur.no/display/media/83279/driver12/d747a2de9df61fc22b53c5f8d3aa7223/preview.jpg"}, {"id": 83280, "file_type": 3, "size": 13671, "state": 3, "created": "2019-09-13 12:42:00", "request_until": null, "meta": "", "hash": "43f44dd187939a599f4032bc608e7de0", "url": "https://thor.ansur.no/display/media/83280/driver12/d747a2de9df61fc22b53c5f8d3aa7223/thumb.jpg"}, {"id": 83286, "file_type": 2, "size": null, "state": 1, "created": "2019-09-13 12:45:36", "request_until": "2019-10-13 12:45:36", "meta": {"Region": {"x": 2560, "y": 1282, "width": 272, "height": 351, "scale": 1.0, "quality": 90}}, "hash": null, "url": null}]}}]}','null');
insert into aar_service.file (id, name, mimeType, url, record_id) values (390,'record/attachements/d747a2de9df61fc22b53c5f8d3aa7223/preview.jpg','null','https://thor.ansur.no/display/media/83279/driver12/d747a2de9df61fc22b53c5f8d3aa7223/preview.jpg',2231);
insert into aar_service.file (id, name, mimeType, url, record_id) values (391,'record/attachements/d747a2de9df61fc22b53c5f8d3aa7223/thumb.jpg','null','https://thor.ansur.no/display/media/83280/driver12/d747a2de9df61fc22b53c5f8d3aa7223/thumb.jpg',2231);
insert into aar_service.record (id, clientId, sessionId, createDate, trialDate, topic, recordType, headline, msgType, recordJson, recordData) values (2232,'TB-Ost','null','2019-09-13 14:47:14.354','2019-09-13 14:47:14.354','system_observer_tool_answer','ObserverToolAnswer','A new observation was reported by: Block5_USAR_Teams-viewTerra_Observer','Info','{"trialId": 13, "sessionId": 217, "answerId": 1658, "timeSendUTC": 1568378832, "timeWhen": 1568378834000, "observationTypeName": "Block5_USAR_Teams-viewTerra_Observer", "observervationTypeId": 1736, "observationTypeDescription": "Was the commander able to navigate through ASIGN photos in vieWTerra Evolution 4D Earth Viewer?", "description": "", "multiplicity": true, "questions": [{"id": 3132, "name": "Was the commander able to navigate through ASIGN p", "description": "-", "answer": "Disagree", "comment": "", "typeOfQuestion": "radiobutton"}]}','null');
insert into aar_service.record (id, clientId, sessionId, createDate, trialDate, topic, recordType, headline, msgType, recordJson, recordData) values (2233,'TB-Ost','null','2019-09-13 14:47:46.747','2019-09-13 14:47:46.747','system_observer_tool_answer','ObserverToolAnswer','A new observation was reported by: Block5_USAR_Teams-ASIGN_Observer','Info','{"trialId": 13, "sessionId": 217, "answerId": 1659, "timeSendUTC": 1568378865, "timeWhen": 1568378867000, "observationTypeName": "Block5_USAR_Teams-ASIGN_Observer", "observervationTypeId": 1761, "observationTypeDescription": "WasASSIGN able share geo-imagery with viewTerra?", "description": "", "multiplicity": true, "questions": [{"id": 2849, "name": "WasASSIGN able share geo-imagery with viewTerra?", "description": "-", "answer": "Strongly agree", "comment": "", "typeOfQuestion": "radiobutton"}]}','null');
insert into aar_service.record (id, clientId, sessionId, createDate, trialDate, topic, recordType, headline, msgType, recordJson, recordData) values (2234,'TB-Ost','null','2019-09-13 14:47:48.563','2019-09-13 14:47:48.563','system_observer_tool_answer','ObserverToolAnswer','A new observation was reported by: Block5_USAR_Teams-viewTerra_Observer','Info','{"trialId": 13, "sessionId": 217, "answerId": 1660, "timeSendUTC": 1568378866, "timeWhen": 1568378868000, "observationTypeName": "Block5_USAR_Teams-viewTerra_Observer", "observervationTypeId": 1737, "observationTypeDescription": "Was the commander able to view detailed magnification of photos on request? ", "description": "", "multiplicity": true, "questions": [{"id": 3133, "name": "Was the commander able to view detailed magnificat", "description": "-", "answer": "Strongly agree", "comment": "", "typeOfQuestion": "radiobutton"}]}','null');
insert into aar_service.record (id, clientId, sessionId, createDate, trialDate, topic, recordType, headline, msgType, recordJson, recordData) values (2235,'asign_photo','null','2019-09-13 14:48:10.716','2019-09-13 14:48:10.716','photo_geojson','FeatureCollection','USAR Mission','Info','{"type": "FeatureCollection", "bbox": null, "features": [{"type": "Feature", "bbox": null, "geometry": {"type": "Point", "coordinates": [14.832041, 47.514603]}, "properties": {"id": 27436, "priority": 0, "viewed": true, "signature": "e20bbc042f61fcdf7450c23a9c19ff44", "instant": "2019-09-13 12:42:12", "created": "2019-09-13 12:42:37", "updated": "2019-09-13 12:48:06.91676", "caption": "Alpengasthof", "interpretation": null, "meta": {"Source": {"filename": "original.jpg", "camera_make": "Apple", "width": 4032, "size": 7456972, "height": 3024, "direction": 321.0, "camera_model": "iPhone 6s Plus", "field_of_view": null}}, "version": null, "application_id": "a7fae54e-a7fd-4e11-8008-7f2f1a8207ca", "seen": "2019-09-13 12:43:27", "started": null, "stopped": null, "location_latitude": 47.514603, "location_longitude": 14.832041, "location_time": "2019-09-13 12:42:11", "location_accuracy": 5.0, "location_altitude": 1020.237061, "location_provider": null, "location_speed": null, "location_meta": null, "mission_id": 256, "mission_name": "USAR Mission", "thumbnail_hash": "4876fad972f1146d9319075174ea1f06", "preview_hash": "02edd02cae880bd1f59a2be75a52438a", "category_id": null, "category_name": null, "application_device_type": 3, "application_last_login": "2019-09-13 12:46:46.452566", "application_phone": null, "application_last_rate": null, "application_updated": "2019-09-13 12:46:46.452566", "application_created": "2019-09-11 08:58:00.323881", "application_application_type": 4, "application_connection_type": 1, "application_connection_state": 1, "user_name": "driver12", "user_id": 811, "user_username": "driver12", "user_color": "17D376", "user_connection_type": 0, "user_last_login": null, "user_last_rate": null, "observation_url": "https://thor.ansur.no/signs/processing/27436", "observation_type": "photo", "preview_url": "https://thor.ansur.no/display/file/02edd02cae880bd1f59a2be75a52438a/driver12/e20bbc042f61fcdf7450c23a9c19ff44/preview.jpg", "preview_with_overlay_url": "https://thor.ansur.no/display/displayWithOverlays/02edd02cae880bd1f59a2be75a52438a/driver12/e20bbc042f61fcdf7450c23a9c19ff44/preview.jpg", "thumbnail_url": "https://thor.ansur.no/display/file/4876fad972f1146d9319075174ea1f06/driver12/e20bbc042f61fcdf7450c23a9c19ff44/thumb.jpg", "files": [{"id": 83281, "file_type": 1, "size": 7456972, "state": 0, "created": "2019-09-13 12:42:37", "request_until": null, "meta": null, "hash": "e20bbc042f61fcdf7450c23a9c19ff44", "url": null}, {"id": 83282, "file_type": 0, "size": 42153, "state": 3, "created": "2019-09-13 12:42:37", "request_until": "2019-10-13 12:42:37", "meta": null, "hash": "02edd02cae880bd1f59a2be75a52438a", "url": "https://thor.ansur.no/display/media/83282/driver12/e20bbc042f61fcdf7450c23a9c19ff44/preview.jpg"}, {"id": 83283, "file_type": 3, "size": 14562, "state": 3, "created": "2019-09-13 12:42:44", "request_until": null, "meta": "", "hash": "4876fad972f1146d9319075174ea1f06", "url": "https://thor.ansur.no/display/media/83283/driver12/e20bbc042f61fcdf7450c23a9c19ff44/thumb.jpg"}, {"id": 83292, "file_type": 2, "size": 37455, "state": 3, "created": "2019-09-13 12:46:14", "request_until": "2019-10-13 12:46:14", "meta": {"Region": {"x": 2642, "y": 1591, "width": 576, "height": 257, "scale": 1.0, "quality": 90}}, "hash": "8f9be1c87ac2f41f9bac65542091d8c0", "url": "https://thor.ansur.no/display/media/83292/driver12/e20bbc042f61fcdf7450c23a9c19ff44/roi_1620910184.jpg"}]}}]}','null');
insert into aar_service.file (id, name, mimeType, url, record_id) values (392,'record/attachements/e20bbc042f61fcdf7450c23a9c19ff44/preview.jpg','null','https://thor.ansur.no/display/media/83282/driver12/e20bbc042f61fcdf7450c23a9c19ff44/preview.jpg',2235);
insert into aar_service.file (id, name, mimeType, url, record_id) values (393,'record/attachements/e20bbc042f61fcdf7450c23a9c19ff44/thumb.jpg','null','https://thor.ansur.no/display/media/83283/driver12/e20bbc042f61fcdf7450c23a9c19ff44/thumb.jpg',2235);
insert into aar_service.file (id, name, mimeType, url, record_id) values (394,'record/attachements/e20bbc042f61fcdf7450c23a9c19ff44/roi_1620910184.jpg','null','https://thor.ansur.no/display/media/83292/driver12/e20bbc042f61fcdf7450c23a9c19ff44/roi_1620910184.jpg',2235);
insert into aar_service.record (id, clientId, sessionId, createDate, trialDate, topic, recordType, headline, msgType, recordJson, recordData) values (2236,'TB-Ost','null','2019-09-13 14:48:13.148','2019-09-13 14:48:13.148','system_observer_tool_answer','ObserverToolAnswer','A new observation was reported by: Block5_USAR_Teams-ASIGN_Observer','Info','{"trialId": 13, "sessionId": 217, "answerId": 1661, "timeSendUTC": 1568378891, "timeWhen": 1568378894000, "observationTypeName": "Block5_USAR_Teams-ASIGN_Observer", "observervationTypeId": 1762, "observationTypeDescription": "Was ASIGN able to forward additional requests from the commander to the ASIGN field operator?", "description": "", "multiplicity": true, "questions": [{"id": 2851, "name": "Was ASIGN able to forward additional requests from", "description": "-", "answer": "Strongly agree", "comment": "", "typeOfQuestion": "radiobutton"}]}','null');
insert into aar_service.record (id, clientId, sessionId, createDate, trialDate, topic, recordType, headline, msgType, recordJson, recordData) values (2237,'TB-Ost','null','2019-09-13 14:48:37.577','2019-09-13 14:48:37.577','system_observer_tool_answer','ObserverToolAnswer','A new observation was reported by: Block5_USAR_Teams-ASIGN_Observer','Info','{"trialId": 13, "sessionId": 217, "answerId": 1662, "timeSendUTC": 1568378915, "timeWhen": 1568378918000, "observationTypeName": "Block5_USAR_Teams-ASIGN_Observer", "observervationTypeId": 1762, "observationTypeDescription": "Was ASIGN able to forward additional requests from the commander to the ASIGN field operator?", "description": "", "multiplicity": true, "questions": [{"id": 2851, "name": "Was ASIGN able to forward additional requests from", "description": "-", "answer": "Not applicable", "comment": "", "typeOfQuestion": "radiobutton"}]}','null');
insert into aar_service.record (id, clientId, sessionId, createDate, trialDate, topic, recordType, headline, msgType, recordJson, recordData) values (2238,'asign_photo','null','2019-09-13 14:49:45.783','2019-09-13 14:49:45.783','photo_geojson','FeatureCollection','USAR Mission','Info','{"type": "FeatureCollection", "bbox": null, "features": [{"type": "Feature", "bbox": null, "geometry": {"type": "Point", "coordinates": [14.832083, 47.51461]}, "properties": {"id": 27437, "priority": 0, "viewed": true, "signature": "412536234e7c02191ebc571c93a7ca3d", "instant": "2019-09-13 12:42:43", "created": "2019-09-13 12:43:13", "updated": "2019-09-13 12:49:33.53555", "caption": "", "interpretation": null, "meta": {"Source": {"filename": "original.jpg", "camera_make": "Apple", "width": 4032, "size": 9114809, "height": 3024, "direction": 160.0, "camera_model": "iPhone 6s Plus", "field_of_view": null}}, "version": null, "application_id": "a7fae54e-a7fd-4e11-8008-7f2f1a8207ca", "seen": "2019-09-13 12:49:33", "started": null, "stopped": null, "location_latitude": 47.51461, "location_longitude": 14.832083, "location_time": "2019-09-13 12:42:42", "location_accuracy": 5.0, "location_altitude": 1020.040405, "location_provider": null, "location_speed": null, "location_meta": null, "mission_id": 256, "mission_name": "USAR Mission", "thumbnail_hash": "1ab298529b40d53b0daedf5e27c2eee6", "preview_hash": "3688a2eed00ed79b8236dfe37d0f9b32", "category_id": null, "category_name": null, "application_device_type": 3, "application_last_login": "2019-09-13 12:46:46.452566", "application_phone": null, "application_last_rate": null, "application_updated": "2019-09-13 12:46:46.452566", "application_created": "2019-09-11 08:58:00.323881", "application_application_type": 4, "application_connection_type": 1, "application_connection_state": 1, "user_name": "driver12", "user_id": 811, "user_username": "driver12", "user_color": "17D376", "user_connection_type": 0, "user_last_login": null, "user_last_rate": null, "observation_url": "https://thor.ansur.no/signs/processing/27437", "observation_type": "photo", "preview_url": "https://thor.ansur.no/display/file/3688a2eed00ed79b8236dfe37d0f9b32/driver12/412536234e7c02191ebc571c93a7ca3d/preview.jpg", "preview_with_overlay_url": "https://thor.ansur.no/display/displayWithOverlays/3688a2eed00ed79b8236dfe37d0f9b32/driver12/412536234e7c02191ebc571c93a7ca3d/preview.jpg", "thumbnail_url": "https://thor.ansur.no/display/file/1ab298529b40d53b0daedf5e27c2eee6/driver12/412536234e7c02191ebc571c93a7ca3d/thumb.jpg", "files": [{"id": 83284, "file_type": 1, "size": 9114809, "state": 0, "created": "2019-09-13 12:43:13", "request_until": null, "meta": null, "hash": "412536234e7c02191ebc571c93a7ca3d", "url": null}, {"id": 83285, "file_type": 0, "size": 52776, "state": 3, "created": "2019-09-13 12:43:13", "request_until": "2019-10-13 12:43:13", "meta": null, "hash": "3688a2eed00ed79b8236dfe37d0f9b32", "url": "https://thor.ansur.no/display/media/83285/driver12/412536234e7c02191ebc571c93a7ca3d/preview.jpg"}, {"id": 83287, "file_type": 3, "size": 15082, "state": 3, "created": "2019-09-13 12:45:40", "request_until": null, "meta": "", "hash": "1ab298529b40d53b0daedf5e27c2eee6", "url": "https://thor.ansur.no/display/media/83287/driver12/412536234e7c02191ebc571c93a7ca3d/thumb.jpg"}]}}]}','null');
insert into aar_service.file (id, name, mimeType, url, record_id) values (395,'record/attachements/412536234e7c02191ebc571c93a7ca3d/preview.jpg','null','https://thor.ansur.no/display/media/83285/driver12/412536234e7c02191ebc571c93a7ca3d/preview.jpg',2238);
insert into aar_service.file (id, name, mimeType, url, record_id) values (396,'record/attachements/412536234e7c02191ebc571c93a7ca3d/thumb.jpg','null','https://thor.ansur.no/display/media/83287/driver12/412536234e7c02191ebc571c93a7ca3d/thumb.jpg',2238);
insert into aar_service.record (id, clientId, sessionId, createDate, trialDate, topic, recordType, headline, msgType, recordJson, recordData) values (2239,'asign_photo','null','2019-09-13 14:49:55.855','2019-09-13 14:49:55.855','photo_geojson','FeatureCollection','USAR Mission','Info','{"type": "FeatureCollection", "bbox": null, "features": [{"type": "Feature", "bbox": null, "geometry": {"type": "Point", "coordinates": [14.832083, 47.51461]}, "properties": {"id": 27437, "priority": 0, "viewed": true, "signature": "412536234e7c02191ebc571c93a7ca3d", "instant": "2019-09-13 12:42:43", "created": "2019-09-13 12:43:13", "updated": "2019-09-13 12:49:46.781092", "caption": "", "interpretation": null, "meta": {"Source": {"filename": "original.jpg", "camera_make": "Apple", "width": 4032, "size": 9114809, "height": 3024, "direction": 160.0, "camera_model": "iPhone 6s Plus", "field_of_view": null}}, "version": null, "application_id": "a7fae54e-a7fd-4e11-8008-7f2f1a8207ca", "seen": "2019-09-13 12:49:33", "started": null, "stopped": null, "location_latitude": 47.51461, "location_longitude": 14.832083, "location_time": "2019-09-13 12:42:42", "location_accuracy": 5.0, "location_altitude": 1020.040405, "location_provider": null, "location_speed": null, "location_meta": null, "mission_id": 256, "mission_name": "USAR Mission", "thumbnail_hash": "1ab298529b40d53b0daedf5e27c2eee6", "preview_hash": "3688a2eed00ed79b8236dfe37d0f9b32", "category_id": null, "category_name": null, "application_device_type": 3, "application_last_login": "2019-09-13 12:46:46.452566", "application_phone": null, "application_last_rate": null, "application_updated": "2019-09-13 12:46:46.452566", "application_created": "2019-09-11 08:58:00.323881", "application_application_type": 4, "application_connection_type": 1, "application_connection_state": 1, "user_name": "driver12", "user_id": 811, "user_username": "driver12", "user_color": "17D376", "user_connection_type": 0, "user_last_login": null, "user_last_rate": null, "observation_url": "https://thor.ansur.no/signs/processing/27437", "observation_type": "photo", "preview_url": "https://thor.ansur.no/display/file/3688a2eed00ed79b8236dfe37d0f9b32/driver12/412536234e7c02191ebc571c93a7ca3d/preview.jpg", "preview_with_overlay_url": "https://thor.ansur.no/display/displayWithOverlays/3688a2eed00ed79b8236dfe37d0f9b32/driver12/412536234e7c02191ebc571c93a7ca3d/preview.jpg", "thumbnail_url": "https://thor.ansur.no/display/file/1ab298529b40d53b0daedf5e27c2eee6/driver12/412536234e7c02191ebc571c93a7ca3d/thumb.jpg", "files": [{"id": 83284, "file_type": 1, "size": 9114809, "state": 0, "created": "2019-09-13 12:43:13", "request_until": null, "meta": null, "hash": "412536234e7c02191ebc571c93a7ca3d", "url": null}, {"id": 83285, "file_type": 0, "size": 52776, "state": 3, "created": "2019-09-13 12:43:13", "request_until": "2019-10-13 12:43:13", "meta": null, "hash": "3688a2eed00ed79b8236dfe37d0f9b32", "url": "https://thor.ansur.no/display/media/83285/driver12/412536234e7c02191ebc571c93a7ca3d/preview.jpg"}, {"id": 83287, "file_type": 3, "size": 15082, "state": 3, "created": "2019-09-13 12:45:40", "request_until": null, "meta": "", "hash": "1ab298529b40d53b0daedf5e27c2eee6", "url": "https://thor.ansur.no/display/media/83287/driver12/412536234e7c02191ebc571c93a7ca3d/thumb.jpg"}, {"id": 83293, "file_type": 11, "size": 54532, "state": 3, "created": "2019-09-13 12:49:46", "request_until": null, "meta": null, "hash": "c44927b57b9d1e150b0703da4cf13195", "url": "https://thor.ansur.no/display/media/83293/driver12/412536234e7c02191ebc571c93a7ca3d/audio_caption_1568378986.7768.m4a"}]}}]}','null');
insert into aar_service.file (id, name, mimeType, url, record_id) values (397,'record/attachements/412536234e7c02191ebc571c93a7ca3d/preview.jpg','null','https://thor.ansur.no/display/media/83285/driver12/412536234e7c02191ebc571c93a7ca3d/preview.jpg',2239);
insert into aar_service.file (id, name, mimeType, url, record_id) values (398,'record/attachements/412536234e7c02191ebc571c93a7ca3d/thumb.jpg','null','https://thor.ansur.no/display/media/83287/driver12/412536234e7c02191ebc571c93a7ca3d/thumb.jpg',2239);
insert into aar_service.file (id, name, mimeType, url, record_id) values (399,'record/attachements/412536234e7c02191ebc571c93a7ca3d/audio_caption_1568378986.7768.m4a','null','https://thor.ansur.no/display/media/83293/driver12/412536234e7c02191ebc571c93a7ca3d/audio_caption_1568378986.7768.m4a',2239);
insert into aar_service.record (id, clientId, sessionId, createDate, trialDate, topic, recordType, headline, msgType, recordJson, recordData) values (2240,'asign_photo','null','2019-09-13 14:50:55.926','2019-09-13 14:50:55.926','photo_geojson','FeatureCollection','USAR Mission','Info','{"type": "FeatureCollection", "bbox": null, "features": [{"type": "Feature", "bbox": null, "geometry": {"type": "Point", "coordinates": [14.832026, 47.514767]}, "properties": {"id": 27435, "priority": 0, "viewed": true, "signature": "d747a2de9df61fc22b53c5f8d3aa7223", "instant": "2019-09-13 12:41:46", "created": "2019-09-13 12:41:49", "updated": "2019-09-13 12:50:51.849795", "caption": "", "interpretation": null, "meta": {"Source": {"filename": "original.jpg", "camera_make": "Apple", "width": 4032, "size": 7479623, "height": 3024, "direction": 277.0, "camera_model": "iPhone 6s Plus", "field_of_view": null}}, "version": null, "application_id": "a7fae54e-a7fd-4e11-8008-7f2f1a8207ca", "seen": "2019-09-13 12:42:05", "started": null, "stopped": null, "location_latitude": 47.514767, "location_longitude": 14.832026, "location_time": "2019-09-13 12:41:45", "location_accuracy": 5.0, "location_altitude": 1019.638245, "location_provider": null, "location_speed": null, "location_meta": null, "mission_id": 256, "mission_name": "USAR Mission", "thumbnail_hash": "43f44dd187939a599f4032bc608e7de0", "preview_hash": "892d3a2a78b601cc32670d749a2526d9", "category_id": null, "category_name": null, "application_device_type": 3, "application_last_login": "2019-09-13 12:46:46.452566", "application_phone": null, "application_last_rate": null, "application_updated": "2019-09-13 12:46:46.452566", "application_created": "2019-09-11 08:58:00.323881", "application_application_type": 4, "application_connection_type": 1, "application_connection_state": 1, "user_name": "driver12", "user_id": 811, "user_username": "driver12", "user_color": "17D376", "user_connection_type": 0, "user_last_login": null, "user_last_rate": null, "observation_url": "https://thor.ansur.no/signs/processing/27435", "observation_type": "photo", "preview_url": "https://thor.ansur.no/display/file/892d3a2a78b601cc32670d749a2526d9/driver12/d747a2de9df61fc22b53c5f8d3aa7223/preview.jpg", "preview_with_overlay_url": "https://thor.ansur.no/display/displayWithOverlays/892d3a2a78b601cc32670d749a2526d9/driver12/d747a2de9df61fc22b53c5f8d3aa7223/preview.jpg", "thumbnail_url": "https://thor.ansur.no/display/file/43f44dd187939a599f4032bc608e7de0/driver12/d747a2de9df61fc22b53c5f8d3aa7223/thumb.jpg", "files": [{"id": 83278, "file_type": 1, "size": 7479623, "state": 0, "created": "2019-09-13 12:41:49", "request_until": null, "meta": null, "hash": "d747a2de9df61fc22b53c5f8d3aa7223", "url": null}, {"id": 83279, "file_type": 0, "size": 38526, "state": 3, "created": "2019-09-13 12:41:49", "request_until": "2019-10-13 12:41:49", "meta": null, "hash": "892d3a2a78b601cc32670d749a2526d9", "url": "https://thor.ansur.no/display/media/83279/driver12/d747a2de9df61fc22b53c5f8d3aa7223/preview.jpg"}, {"id": 83280, "file_type": 3, "size": 13671, "state": 3, "created": "2019-09-13 12:42:00", "request_until": null, "meta": "", "hash": "43f44dd187939a599f4032bc608e7de0", "url": "https://thor.ansur.no/display/media/83280/driver12/d747a2de9df61fc22b53c5f8d3aa7223/thumb.jpg"}, {"id": 83286, "file_type": 2, "size": 30175, "state": 3, "created": "2019-09-13 12:45:36", "request_until": "2019-10-13 12:45:36", "meta": {"Region": {"x": 2560, "y": 1282, "width": 272, "height": 351, "scale": 1.0, "quality": 90}}, "hash": "0153d0df49e458fa8383bae8676a16a4", "url": "https://thor.ansur.no/display/media/83286/driver12/d747a2de9df61fc22b53c5f8d3aa7223/roi_469256094.jpg"}]}}]}','null');
insert into aar_service.file (id, name, mimeType, url, record_id) values (400,'record/attachements/d747a2de9df61fc22b53c5f8d3aa7223/preview.jpg','null','https://thor.ansur.no/display/media/83279/driver12/d747a2de9df61fc22b53c5f8d3aa7223/preview.jpg',2240);
insert into aar_service.file (id, name, mimeType, url, record_id) values (401,'record/attachements/d747a2de9df61fc22b53c5f8d3aa7223/thumb.jpg','null','https://thor.ansur.no/display/media/83280/driver12/d747a2de9df61fc22b53c5f8d3aa7223/thumb.jpg',2240);
insert into aar_service.file (id, name, mimeType, url, record_id) values (402,'record/attachements/d747a2de9df61fc22b53c5f8d3aa7223/roi_469256094.jpg','null','https://thor.ansur.no/display/media/83286/driver12/d747a2de9df61fc22b53c5f8d3aa7223/roi_469256094.jpg',2240);
insert into aar_service.record (id, clientId, sessionId, createDate, trialDate, topic, recordType, headline, msgType, recordJson, recordData) values (2241,'asign_photo','null','2019-09-13 14:52:11.005','2019-09-13 14:52:11.005','photo_geojson','FeatureCollection','USAR Mission','Info','{"type": "FeatureCollection", "bbox": null, "features": [{"type": "Feature", "bbox": null, "geometry": {"type": "Point", "coordinates": [14.832026, 47.514862]}, "properties": {"id": 27446, "priority": 0, "viewed": false, "signature": "373d1357024f2646be96f4b84d008946", "instant": "2019-09-13 12:51:18", "created": "2019-09-13 12:51:42", "updated": "2019-09-13 12:52:02.683398", "caption": "", "interpretation": null, "meta": {"Source": {"filename": "original.jpg", "camera_make": null, "width": 1500, "size": 1216858, "height": 750, "direction": 0.0, "camera_model": null, "field_of_view": null}}, "version": null, "application_id": "8f0cf7ac-92b4-47d1-9745-a393e18e71b7", "seen": null, "started": null, "stopped": null, "location_latitude": 47.514862, "location_longitude": 14.832026, "location_time": "2019-09-13 12:51:18", "location_accuracy": 0.0, "location_altitude": 0.0, "location_provider": null, "location_speed": null, "location_meta": null, "mission_id": 256, "mission_name": "USAR Mission", "thumbnail_hash": "382969e2ac39088dea52ac48fd22cb7a", "preview_hash": "383404b20b5a6801dee1379adc1754ac", "category_id": null, "category_name": null, "application_device_type": 3, "application_last_login": "2019-09-13 12:48:55.52407", "application_phone": null, "application_last_rate": null, "application_updated": "2019-09-13 12:48:55.52407", "application_created": "2019-08-21 15:12:07.427551", "application_application_type": 4, "application_connection_type": 1, "application_connection_state": 1, "user_name": "driver10", "user_id": 807, "user_username": "driver10", "user_color": "DA1A1A", "user_connection_type": 0, "user_last_login": null, "user_last_rate": null, "observation_url": "https://thor.ansur.no/signs/processing/27446", "observation_type": "photo", "preview_url": "https://thor.ansur.no/display/file/383404b20b5a6801dee1379adc1754ac/driver10/373d1357024f2646be96f4b84d008946/preview.jpg", "preview_with_overlay_url": "https://thor.ansur.no/display/displayWithOverlays/383404b20b5a6801dee1379adc1754ac/driver10/373d1357024f2646be96f4b84d008946/preview.jpg", "thumbnail_url": "https://thor.ansur.no/display/file/382969e2ac39088dea52ac48fd22cb7a/driver10/373d1357024f2646be96f4b84d008946/thumb.jpg", "files": [{"id": 83294, "file_type": 1, "size": 1216858, "state": 0, "created": "2019-09-13 12:51:42", "request_until": null, "meta": null, "hash": "373d1357024f2646be96f4b84d008946", "url": null}, {"id": 83295, "file_type": 0, "size": 25050, "state": 3, "created": "2019-09-13 12:51:42", "request_until": "2019-10-13 12:51:42", "meta": null, "hash": "383404b20b5a6801dee1379adc1754ac", "url": "https://thor.ansur.no/display/media/83295/driver10/373d1357024f2646be96f4b84d008946/preview.jpg"}, {"id": 83296, "file_type": 3, "size": 10560, "state": 3, "created": "2019-09-13 12:52:02", "request_until": null, "meta": "", "hash": "382969e2ac39088dea52ac48fd22cb7a", "url": "https://thor.ansur.no/display/media/83296/driver10/373d1357024f2646be96f4b84d008946/thumb.jpg"}]}}]}','null');
insert into aar_service.file (id, name, mimeType, url, record_id) values (403,'record/attachements/373d1357024f2646be96f4b84d008946/preview.jpg','null','https://thor.ansur.no/display/media/83295/driver10/373d1357024f2646be96f4b84d008946/preview.jpg',2241);
insert into aar_service.file (id, name, mimeType, url, record_id) values (404,'record/attachements/373d1357024f2646be96f4b84d008946/thumb.jpg','null','https://thor.ansur.no/display/media/83296/driver10/373d1357024f2646be96f4b84d008946/thumb.jpg',2241);
insert into aar_service.record (id, clientId, sessionId, createDate, trialDate, topic, recordType, headline, msgType, recordJson, recordData) values (2242,'asign_photo','null','2019-09-13 14:52:51.084','2019-09-13 14:52:51.084','photo_geojson','FeatureCollection','USAR Mission','Info','{"type": "FeatureCollection", "bbox": null, "features": [{"type": "Feature", "bbox": null, "geometry": {"type": "Point", "coordinates": [14.832026, 47.514862]}, "properties": {"id": 27446, "priority": 0, "viewed": true, "signature": "373d1357024f2646be96f4b84d008946", "instant": "2019-09-13 12:51:18", "created": "2019-09-13 12:51:42", "updated": "2019-09-13 12:52:39.96791", "caption": "", "interpretation": null, "meta": {"Source": {"filename": "original.jpg", "camera_make": null, "width": 1500, "size": 1216858, "height": 750, "direction": 0.0, "camera_model": null, "field_of_view": null}}, "version": null, "application_id": "8f0cf7ac-92b4-47d1-9745-a393e18e71b7", "seen": "2019-09-13 12:52:39", "started": null, "stopped": null, "location_latitude": 47.514862, "location_longitude": 14.832026, "location_time": "2019-09-13 12:51:18", "location_accuracy": 0.0, "location_altitude": 0.0, "location_provider": null, "location_speed": null, "location_meta": null, "mission_id": 256, "mission_name": "USAR Mission", "thumbnail_hash": "382969e2ac39088dea52ac48fd22cb7a", "preview_hash": "383404b20b5a6801dee1379adc1754ac", "category_id": null, "category_name": null, "application_device_type": 3, "application_last_login": "2019-09-13 12:48:55.52407", "application_phone": null, "application_last_rate": null, "application_updated": "2019-09-13 12:48:55.52407", "application_created": "2019-08-21 15:12:07.427551", "application_application_type": 4, "application_connection_type": 1, "application_connection_state": 1, "user_name": "driver10", "user_id": 807, "user_username": "driver10", "user_color": "DA1A1A", "user_connection_type": 0, "user_last_login": null, "user_last_rate": null, "observation_url": "https://thor.ansur.no/signs/processing/27446", "observation_type": "photo", "preview_url": "https://thor.ansur.no/display/file/383404b20b5a6801dee1379adc1754ac/driver10/373d1357024f2646be96f4b84d008946/preview.jpg", "preview_with_overlay_url": "https://thor.ansur.no/display/displayWithOverlays/383404b20b5a6801dee1379adc1754ac/driver10/373d1357024f2646be96f4b84d008946/preview.jpg", "thumbnail_url": "https://thor.ansur.no/display/file/382969e2ac39088dea52ac48fd22cb7a/driver10/373d1357024f2646be96f4b84d008946/thumb.jpg", "files": [{"id": 83294, "file_type": 1, "size": 1216858, "state": 0, "created": "2019-09-13 12:51:42", "request_until": null, "meta": null, "hash": "373d1357024f2646be96f4b84d008946", "url": null}, {"id": 83295, "file_type": 0, "size": 25050, "state": 3, "created": "2019-09-13 12:51:42", "request_until": "2019-10-13 12:51:42", "meta": null, "hash": "383404b20b5a6801dee1379adc1754ac", "url": "https://thor.ansur.no/display/media/83295/driver10/373d1357024f2646be96f4b84d008946/preview.jpg"}, {"id": 83296, "file_type": 3, "size": 10560, "state": 3, "created": "2019-09-13 12:52:02", "request_until": null, "meta": "", "hash": "382969e2ac39088dea52ac48fd22cb7a", "url": "https://thor.ansur.no/display/media/83296/driver10/373d1357024f2646be96f4b84d008946/thumb.jpg"}]}}]}','null');
insert into aar_service.file (id, name, mimeType, url, record_id) values (405,'record/attachements/373d1357024f2646be96f4b84d008946/preview.jpg','null','https://thor.ansur.no/display/media/83295/driver10/373d1357024f2646be96f4b84d008946/preview.jpg',2242);
insert into aar_service.file (id, name, mimeType, url, record_id) values (406,'record/attachements/373d1357024f2646be96f4b84d008946/thumb.jpg','null','https://thor.ansur.no/display/media/83296/driver10/373d1357024f2646be96f4b84d008946/thumb.jpg',2242);
insert into aar_service.record (id, clientId, sessionId, createDate, trialDate, topic, recordType, headline, msgType, recordJson, recordData) values (2243,'asign_photo','null','2019-09-13 14:53:11.15','2019-09-13 14:53:11.15','photo_geojson','FeatureCollection','USAR Mission','Info','{"type": "FeatureCollection", "bbox": null, "features": [{"type": "Feature", "bbox": null, "geometry": {"type": "Point", "coordinates": [14.832026, 47.514862]}, "properties": {"id": 27446, "priority": 0, "viewed": true, "signature": "373d1357024f2646be96f4b84d008946", "instant": "2019-09-13 12:51:18", "created": "2019-09-13 12:51:42", "updated": "2019-09-13 12:53:03.821617", "caption": "", "interpretation": null, "meta": {"Source": {"filename": "original.jpg", "camera_make": null, "width": 1500, "size": 1216858, "height": 750, "direction": 0.0, "camera_model": null, "field_of_view": null}}, "version": null, "application_id": "8f0cf7ac-92b4-47d1-9745-a393e18e71b7", "seen": "2019-09-13 12:52:39", "started": null, "stopped": null, "location_latitude": 47.514862, "location_longitude": 14.832026, "location_time": "2019-09-13 12:51:18", "location_accuracy": 0.0, "location_altitude": 0.0, "location_provider": null, "location_speed": null, "location_meta": null, "mission_id": 256, "mission_name": "USAR Mission", "thumbnail_hash": "382969e2ac39088dea52ac48fd22cb7a", "preview_hash": "383404b20b5a6801dee1379adc1754ac", "category_id": null, "category_name": null, "application_device_type": 3, "application_last_login": "2019-09-13 12:48:55.52407", "application_phone": null, "application_last_rate": null, "application_updated": "2019-09-13 12:48:55.52407", "application_created": "2019-08-21 15:12:07.427551", "application_application_type": 4, "application_connection_type": 1, "application_connection_state": 1, "user_name": "driver10", "user_id": 807, "user_username": "driver10", "user_color": "DA1A1A", "user_connection_type": 0, "user_last_login": null, "user_last_rate": null, "observation_url": "https://thor.ansur.no/signs/processing/27446", "observation_type": "photo", "preview_url": "https://thor.ansur.no/display/file/383404b20b5a6801dee1379adc1754ac/driver10/373d1357024f2646be96f4b84d008946/preview.jpg", "preview_with_overlay_url": "https://thor.ansur.no/display/displayWithOverlays/383404b20b5a6801dee1379adc1754ac/driver10/373d1357024f2646be96f4b84d008946/preview.jpg", "thumbnail_url": "https://thor.ansur.no/display/file/382969e2ac39088dea52ac48fd22cb7a/driver10/373d1357024f2646be96f4b84d008946/thumb.jpg", "files": [{"id": 83294, "file_type": 1, "size": 1216858, "state": 0, "created": "2019-09-13 12:51:42", "request_until": null, "meta": null, "hash": "373d1357024f2646be96f4b84d008946", "url": null}, {"id": 83295, "file_type": 0, "size": 25050, "state": 3, "created": "2019-09-13 12:51:42", "request_until": "2019-10-13 12:51:42", "meta": null, "hash": "383404b20b5a6801dee1379adc1754ac", "url": "https://thor.ansur.no/display/media/83295/driver10/373d1357024f2646be96f4b84d008946/preview.jpg"}, {"id": 83296, "file_type": 3, "size": 10560, "state": 3, "created": "2019-09-13 12:52:02", "request_until": null, "meta": "", "hash": "382969e2ac39088dea52ac48fd22cb7a", "url": "https://thor.ansur.no/display/media/83296/driver10/373d1357024f2646be96f4b84d008946/thumb.jpg"}, {"id": 83297, "file_type": 2, "size": null, "state": 1, "created": "2019-09-13 12:53:02", "request_until": "2019-10-13 12:53:02", "meta": {"Region": {"x": 0, "y": 0, "width": 1500, "height": 750, "scale": 1.0, "quality": 90}}, "hash": null, "url": null}]}}]}','null');
insert into aar_service.file (id, name, mimeType, url, record_id) values (407,'record/attachements/373d1357024f2646be96f4b84d008946/preview.jpg','null','https://thor.ansur.no/display/media/83295/driver10/373d1357024f2646be96f4b84d008946/preview.jpg',2243);
insert into aar_service.file (id, name, mimeType, url, record_id) values (408,'record/attachements/373d1357024f2646be96f4b84d008946/thumb.jpg','null','https://thor.ansur.no/display/media/83296/driver10/373d1357024f2646be96f4b84d008946/thumb.jpg',2243);
insert into aar_service.record (id, clientId, sessionId, createDate, trialDate, topic, recordType, headline, msgType, recordJson, recordData) values (2244,'TB-Ost','null','2019-09-13 14:53:39.675','2019-09-13 14:53:39.675','system_observer_tool_answer','ObserverToolAnswer','A new observation was reported by: Block5_USAR_Teams-viewTerra_Observer','Info','{"trialId": 13, "sessionId": 217, "answerId": 1663, "timeSendUTC": 1568379217, "timeWhen": 1568379219000, "observationTypeName": "Block5_USAR_Teams-viewTerra_Observer", "observervationTypeId": 1736, "observationTypeDescription": "Was the commander able to navigate through ASIGN photos in vieWTerra Evolution 4D Earth Viewer?", "description": "", "multiplicity": true, "questions": [{"id": 3132, "name": "Was the commander able to navigate through ASIGN p", "description": "-", "answer": "Agree", "comment": "But this was not  happening often", "typeOfQuestion": "radiobutton"}]}','null');
insert into aar_service.record (id, clientId, sessionId, createDate, trialDate, topic, recordType, headline, msgType, recordJson, recordData) values (2245,'airborne','null','2019-09-13 14:54:35.176','2019-09-13 14:54:35.176','large_data_update','LargeDataUpdate','New LargeFile available: Prabichl','Info','{"url": "ftp://f_argos:Vabene01@plapperkaefer/ftp/mosaike/Flug3_20190913_101122_15cm_498000_5262000.tif", "title": "Prabichl", "description": "47.511427,14.973439,47.497933,14.993361", "dataType": "image_geotiff"}','null');
insert into aar_service.file (id, name, mimeType, url, record_id) values (409,'record/attachements/Flug3_20190913_101122_15cm_498000_5262000.tif','image_geotiff','ftp://f_argos:Vabene01@plapperkaefer/ftp/mosaike/Flug3_20190913_101122_15cm_498000_5262000.tif',2245);
insert into aar_service.record (id, clientId, sessionId, createDate, trialDate, topic, recordType, headline, msgType, recordJson, recordData) values (2246,'asign_photo','null','2019-09-13 14:55:06.22','2019-09-13 14:55:06.22','photo_geojson','FeatureCollection','USAR Mission','Info','{"type": "FeatureCollection", "bbox": null, "features": [{"type": "Feature", "bbox": null, "geometry": {"type": "Point", "coordinates": [14.832026, 47.514862]}, "properties": {"id": 27446, "priority": 0, "viewed": true, "signature": "373d1357024f2646be96f4b84d008946", "instant": "2019-09-13 12:51:18", "created": "2019-09-13 12:51:42", "updated": "2019-09-13 12:54:53.215681", "caption": "", "interpretation": null, "meta": {"Source": {"filename": "original.jpg", "camera_make": null, "width": 1500, "size": 1216858, "height": 750, "direction": 0.0, "camera_model": null, "field_of_view": null}}, "version": null, "application_id": "8f0cf7ac-92b4-47d1-9745-a393e18e71b7", "seen": "2019-09-13 12:52:39", "started": null, "stopped": null, "location_latitude": 47.514862, "location_longitude": 14.832026, "location_time": "2019-09-13 12:51:18", "location_accuracy": 0.0, "location_altitude": 0.0, "location_provider": null, "location_speed": null, "location_meta": null, "mission_id": 256, "mission_name": "USAR Mission", "thumbnail_hash": "382969e2ac39088dea52ac48fd22cb7a", "preview_hash": "383404b20b5a6801dee1379adc1754ac", "category_id": null, "category_name": null, "application_device_type": 3, "application_last_login": "2019-09-13 12:48:55.52407", "application_phone": null, "application_last_rate": null, "application_updated": "2019-09-13 12:54:53.296967", "application_created": "2019-08-21 15:12:07.427551", "application_application_type": 4, "application_connection_type": 1, "application_connection_state": 0, "user_name": "driver10", "user_id": 807, "user_username": "driver10", "user_color": "DA1A1A", "user_connection_type": 0, "user_last_login": null, "user_last_rate": null, "observation_url": "https://thor.ansur.no/signs/processing/27446", "observation_type": "photo", "preview_url": "https://thor.ansur.no/display/file/383404b20b5a6801dee1379adc1754ac/driver10/373d1357024f2646be96f4b84d008946/preview.jpg", "preview_with_overlay_url": "https://thor.ansur.no/display/displayWithOverlays/383404b20b5a6801dee1379adc1754ac/driver10/373d1357024f2646be96f4b84d008946/preview.jpg", "thumbnail_url": "https://thor.ansur.no/display/file/382969e2ac39088dea52ac48fd22cb7a/driver10/373d1357024f2646be96f4b84d008946/thumb.jpg", "files": [{"id": 83294, "file_type": 1, "size": 1216858, "state": 0, "created": "2019-09-13 12:51:42", "request_until": null, "meta": null, "hash": "373d1357024f2646be96f4b84d008946", "url": null}, {"id": 83295, "file_type": 0, "size": 25050, "state": 3, "created": "2019-09-13 12:51:42", "request_until": "2019-10-13 12:51:42", "meta": null, "hash": "383404b20b5a6801dee1379adc1754ac", "url": "https://thor.ansur.no/display/media/83295/driver10/373d1357024f2646be96f4b84d008946/preview.jpg"}, {"id": 83296, "file_type": 3, "size": 10560, "state": 3, "created": "2019-09-13 12:52:02", "request_until": null, "meta": "", "hash": "382969e2ac39088dea52ac48fd22cb7a", "url": "https://thor.ansur.no/display/media/83296/driver10/373d1357024f2646be96f4b84d008946/thumb.jpg"}, {"id": 83297, "file_type": 2, "size": null, "state": 2, "created": "2019-09-13 12:53:02", "request_until": "2019-10-13 12:53:02", "meta": {"Region": {"x": 0, "y": 0, "width": 1500, "height": 750, "scale": 1.0, "quality": 90}}, "hash": null, "url": null}]}}]}','null');
insert into aar_service.file (id, name, mimeType, url, record_id) values (410,'record/attachements/373d1357024f2646be96f4b84d008946/preview.jpg','null','https://thor.ansur.no/display/media/83295/driver10/373d1357024f2646be96f4b84d008946/preview.jpg',2246);
insert into aar_service.file (id, name, mimeType, url, record_id) values (411,'record/attachements/373d1357024f2646be96f4b84d008946/thumb.jpg','null','https://thor.ansur.no/display/media/83296/driver10/373d1357024f2646be96f4b84d008946/thumb.jpg',2246);
insert into aar_service.record (id, clientId, sessionId, createDate, trialDate, topic, recordType, headline, msgType, recordJson, recordData) values (2247,'TB-GeoServer','null','2019-09-13 14:55:45.324','2019-09-13 14:55:45.324','map_layer_update','MapLayerUpdate','Flug3_20190913_101122_15cm_498000_526200, CREATE','Info','{"url": "http://192.168.178.93:8180/geoserver/driver/wms", "title": "Flug3_20190913_101122_15cm_498000_526200", "description": "47.511427,14.973439,47.497933,14.993361", "username": null, "password": null, "updateType": "CREATE", "layerType": "WMS"}','null');
insert into aar_service.record (id, clientId, sessionId, createDate, trialDate, topic, recordType, headline, msgType, recordJson, recordData) values (2248,'asign_photo','null','2019-09-13 14:56:26.286','2019-09-13 14:56:26.286','photo_geojson','FeatureCollection','USAR Mission','Info','{"type": "FeatureCollection", "bbox": null, "features": [{"type": "Feature", "bbox": null, "geometry": {"type": "Point", "coordinates": [14.861046, 47.560131]}, "properties": {"id": 27458, "priority": 0, "viewed": false, "signature": "b83779e60e7df446cf82fad0aed9b544", "instant": "2019-09-13 12:56:12", "created": "2019-09-13 12:56:14", "updated": "2019-09-13 12:56:17.667031", "caption": "", "interpretation": null, "meta": {"Source": {"filename": "original.jpg", "camera_make": "Apple", "width": 4032, "size": 6421022, "height": 3024, "direction": 22.0, "camera_model": "iPhone X", "field_of_view": null}}, "version": null, "application_id": "6ff1f0c0-fbe4-4bd4-bd52-06083b37e6b9", "seen": null, "started": null, "stopped": null, "location_latitude": 47.560131, "location_longitude": 14.861046, "location_time": "2019-09-13 12:56:06", "location_accuracy": 65.0, "location_altitude": 666.971924, "location_provider": null, "location_speed": null, "location_meta": null, "mission_id": 256, "mission_name": "USAR Mission", "thumbnail_hash": "52466bfdb017e8b91e5be29e71e29334", "preview_hash": "64b2462d7184fdcb66246cb82ad7a748", "category_id": null, "category_name": null, "application_device_type": 3, "application_last_login": "2019-09-13 09:34:24.154926", "application_phone": null, "application_last_rate": null, "application_updated": "2019-09-13 09:34:24.154926", "application_created": "2019-09-11 09:22:07.448009", "application_application_type": 4, "application_connection_type": 1, "application_connection_state": 1, "user_name": "driver14", "user_id": 813, "user_username": "driver14", "user_color": "E51717", "user_connection_type": 0, "user_last_login": null, "user_last_rate": null, "observation_url": "https://thor.ansur.no/signs/processing/27458", "observation_type": "photo", "preview_url": "https://thor.ansur.no/display/file/64b2462d7184fdcb66246cb82ad7a748/driver14/b83779e60e7df446cf82fad0aed9b544/preview.jpg", "preview_with_overlay_url": "https://thor.ansur.no/display/displayWithOverlays/64b2462d7184fdcb66246cb82ad7a748/driver14/b83779e60e7df446cf82fad0aed9b544/preview.jpg", "thumbnail_url": "https://thor.ansur.no/display/file/52466bfdb017e8b91e5be29e71e29334/driver14/b83779e60e7df446cf82fad0aed9b544/thumb.jpg", "files": [{"id": 83298, "file_type": 1, "size": 6421022, "state": 0, "created": "2019-09-13 12:56:14", "request_until": null, "meta": null, "hash": "b83779e60e7df446cf82fad0aed9b544", "url": null}, {"id": 83299, "file_type": 0, "size": 25432, "state": 3, "created": "2019-09-13 12:56:14", "request_until": "2019-10-13 12:56:14", "meta": null, "hash": "64b2462d7184fdcb66246cb82ad7a748", "url": "https://thor.ansur.no/display/media/83299/driver14/b83779e60e7df446cf82fad0aed9b544/preview.jpg"}, {"id": 83300, "file_type": 3, "size": 10885, "state": 3, "created": "2019-09-13 12:56:17", "request_until": null, "meta": "", "hash": "52466bfdb017e8b91e5be29e71e29334", "url": "https://thor.ansur.no/display/media/83300/driver14/b83779e60e7df446cf82fad0aed9b544/thumb.jpg"}]}}]}','null');
insert into aar_service.file (id, name, mimeType, url, record_id) values (412,'record/attachements/b83779e60e7df446cf82fad0aed9b544/preview.jpg','null','https://thor.ansur.no/display/media/83299/driver14/b83779e60e7df446cf82fad0aed9b544/preview.jpg',2248);
insert into aar_service.file (id, name, mimeType, url, record_id) values (413,'record/attachements/b83779e60e7df446cf82fad0aed9b544/thumb.jpg','null','https://thor.ansur.no/display/media/83300/driver14/b83779e60e7df446cf82fad0aed9b544/thumb.jpg',2248);
insert into aar_service.record (id, clientId, sessionId, createDate, trialDate, topic, recordType, headline, msgType, recordJson, recordData) values (2249,'asign_photo','null','2019-09-13 14:56:36.353','2019-09-13 14:56:36.353','photo_geojson','FeatureCollection','USAR Mission','Info','{"type": "FeatureCollection", "bbox": null, "features": [{"type": "Feature", "bbox": null, "geometry": {"type": "Point", "coordinates": [14.861046, 47.560131]}, "properties": {"id": 27458, "priority": 0, "viewed": true, "signature": "b83779e60e7df446cf82fad0aed9b544", "instant": "2019-09-13 12:56:12", "created": "2019-09-13 12:56:14", "updated": "2019-09-13 12:56:26.46587", "caption": "", "interpretation": null, "meta": {"Source": {"filename": "original.jpg", "camera_make": "Apple", "width": 4032, "size": 6421022, "height": 3024, "direction": 22.0, "camera_model": "iPhone X", "field_of_view": null}}, "version": null, "application_id": "6ff1f0c0-fbe4-4bd4-bd52-06083b37e6b9", "seen": "2019-09-13 12:56:26", "started": null, "stopped": null, "location_latitude": 47.560131, "location_longitude": 14.861046, "location_time": "2019-09-13 12:56:06", "location_accuracy": 65.0, "location_altitude": 666.971924, "location_provider": null, "location_speed": null, "location_meta": null, "mission_id": 256, "mission_name": "USAR Mission", "thumbnail_hash": "52466bfdb017e8b91e5be29e71e29334", "preview_hash": "64b2462d7184fdcb66246cb82ad7a748", "category_id": null, "category_name": null, "application_device_type": 3, "application_last_login": "2019-09-13 09:34:24.154926", "application_phone": null, "application_last_rate": null, "application_updated": "2019-09-13 09:34:24.154926", "application_created": "2019-09-11 09:22:07.448009", "application_application_type": 4, "application_connection_type": 1, "application_connection_state": 1, "user_name": "driver14", "user_id": 813, "user_username": "driver14", "user_color": "E51717", "user_connection_type": 0, "user_last_login": null, "user_last_rate": null, "observation_url": "https://thor.ansur.no/signs/processing/27458", "observation_type": "photo", "preview_url": "https://thor.ansur.no/display/file/64b2462d7184fdcb66246cb82ad7a748/driver14/b83779e60e7df446cf82fad0aed9b544/preview.jpg", "preview_with_overlay_url": "https://thor.ansur.no/display/displayWithOverlays/64b2462d7184fdcb66246cb82ad7a748/driver14/b83779e60e7df446cf82fad0aed9b544/preview.jpg", "thumbnail_url": "https://thor.ansur.no/display/file/52466bfdb017e8b91e5be29e71e29334/driver14/b83779e60e7df446cf82fad0aed9b544/thumb.jpg", "files": [{"id": 83298, "file_type": 1, "size": 6421022, "state": 0, "created": "2019-09-13 12:56:14", "request_until": null, "meta": null, "hash": "b83779e60e7df446cf82fad0aed9b544", "url": null}, {"id": 83299, "file_type": 0, "size": 25432, "state": 3, "created": "2019-09-13 12:56:14", "request_until": "2019-10-13 12:56:14", "meta": null, "hash": "64b2462d7184fdcb66246cb82ad7a748", "url": "https://thor.ansur.no/display/media/83299/driver14/b83779e60e7df446cf82fad0aed9b544/preview.jpg"}, {"id": 83300, "file_type": 3, "size": 10885, "state": 3, "created": "2019-09-13 12:56:17", "request_until": null, "meta": "", "hash": "52466bfdb017e8b91e5be29e71e29334", "url": "https://thor.ansur.no/display/media/83300/driver14/b83779e60e7df446cf82fad0aed9b544/thumb.jpg"}]}}]}','null');
insert into aar_service.file (id, name, mimeType, url, record_id) values (414,'record/attachements/b83779e60e7df446cf82fad0aed9b544/preview.jpg','null','https://thor.ansur.no/display/media/83299/driver14/b83779e60e7df446cf82fad0aed9b544/preview.jpg',2249);
insert into aar_service.file (id, name, mimeType, url, record_id) values (415,'record/attachements/b83779e60e7df446cf82fad0aed9b544/thumb.jpg','null','https://thor.ansur.no/display/media/83300/driver14/b83779e60e7df446cf82fad0aed9b544/thumb.jpg',2249);
insert into aar_service.record (id, clientId, sessionId, createDate, trialDate, topic, recordType, headline, msgType, recordJson, recordData) values (2250,'TB-Ost','null','2019-09-13 14:57:18.201','2019-09-13 14:57:18.201','system_observer_tool_answer','ObserverToolAnswer','A new observation was reported by: Block5_USAR_Teams-viewTerra_Observer','Info','{"trialId": 13, "sessionId": 217, "answerId": 1664, "timeSendUTC": 1568379436, "timeWhen": 1568379438000, "observationTypeName": "Block5_USAR_Teams-viewTerra_Observer", "observervationTypeId": 1738, "observationTypeDescription": "The S2-S3 creates a report for the EL (head of operations), based on the information provided by Viewterra.", "description": "", "multiplicity": true, "questions": [{"id": 3134, "name": "The S2-S3 creates a report for the EL (head of ope", "description": "-", "answer": "[Not applicable]", "comment": "They discussed the pictures together ", "typeOfQuestion": "checkbox"}]}','null');
insert into aar_service.record (id, clientId, sessionId, createDate, trialDate, topic, recordType, headline, msgType, recordJson, recordData) values (2251,'asign_photo','null','2019-09-13 14:57:41.426','2019-09-13 14:57:41.426','photo_geojson','FeatureCollection','USAR Mission','Info','{"type": "FeatureCollection", "bbox": null, "features": [{"type": "Feature", "bbox": null, "geometry": {"type": "Point", "coordinates": [14.832026, 47.514862]}, "properties": {"id": 27446, "priority": 0, "viewed": true, "signature": "373d1357024f2646be96f4b84d008946", "instant": "2019-09-13 12:51:18", "created": "2019-09-13 12:51:42", "updated": "2019-09-13 12:57:29.889628", "caption": "", "interpretation": null, "meta": {"Source": {"filename": "original.jpg", "camera_make": null, "width": 1500, "size": 1216858, "height": 750, "direction": 0.0, "camera_model": null, "field_of_view": null}}, "version": null, "application_id": "8f0cf7ac-92b4-47d1-9745-a393e18e71b7", "seen": "2019-09-13 12:52:39", "started": null, "stopped": null, "location_latitude": 47.514862, "location_longitude": 14.832026, "location_time": "2019-09-13 12:51:18", "location_accuracy": 0.0, "location_altitude": 0.0, "location_provider": null, "location_speed": null, "location_meta": null, "mission_id": 256, "mission_name": "USAR Mission", "thumbnail_hash": "382969e2ac39088dea52ac48fd22cb7a", "preview_hash": "383404b20b5a6801dee1379adc1754ac", "category_id": null, "category_name": null, "application_device_type": 3, "application_last_login": "2019-09-13 12:57:28.865062", "application_phone": null, "application_last_rate": null, "application_updated": "2019-09-13 12:57:28.865062", "application_created": "2019-08-21 15:12:07.427551", "application_application_type": 4, "application_connection_type": 1, "application_connection_state": 1, "user_name": "driver10", "user_id": 807, "user_username": "driver10", "user_color": "DA1A1A", "user_connection_type": 0, "user_last_login": null, "user_last_rate": null, "observation_url": "https://thor.ansur.no/signs/processing/27446", "observation_type": "photo", "preview_url": "https://thor.ansur.no/display/file/383404b20b5a6801dee1379adc1754ac/driver10/373d1357024f2646be96f4b84d008946/preview.jpg", "preview_with_overlay_url": "https://thor.ansur.no/display/displayWithOverlays/383404b20b5a6801dee1379adc1754ac/driver10/373d1357024f2646be96f4b84d008946/preview.jpg", "thumbnail_url": "https://thor.ansur.no/display/file/382969e2ac39088dea52ac48fd22cb7a/driver10/373d1357024f2646be96f4b84d008946/thumb.jpg", "files": [{"id": 83294, "file_type": 1, "size": 1216858, "state": 0, "created": "2019-09-13 12:51:42", "request_until": null, "meta": null, "hash": "373d1357024f2646be96f4b84d008946", "url": null}, {"id": 83295, "file_type": 0, "size": 25050, "state": 3, "created": "2019-09-13 12:51:42", "request_until": "2019-10-13 12:51:42", "meta": null, "hash": "383404b20b5a6801dee1379adc1754ac", "url": "https://thor.ansur.no/display/media/83295/driver10/373d1357024f2646be96f4b84d008946/preview.jpg"}, {"id": 83296, "file_type": 3, "size": 10560, "state": 3, "created": "2019-09-13 12:52:02", "request_until": null, "meta": "", "hash": "382969e2ac39088dea52ac48fd22cb7a", "url": "https://thor.ansur.no/display/media/83296/driver10/373d1357024f2646be96f4b84d008946/thumb.jpg"}, {"id": 83297, "file_type": 2, "size": null, "state": 1, "created": "2019-09-13 12:53:02", "request_until": "2019-10-13 12:53:02", "meta": {"Region": {"x": 0, "y": 0, "width": 1500, "height": 750, "scale": 1.0, "quality": 90}}, "hash": null, "url": null}]}}]}','null');
insert into aar_service.file (id, name, mimeType, url, record_id) values (416,'record/attachements/373d1357024f2646be96f4b84d008946/preview.jpg','null','https://thor.ansur.no/display/media/83295/driver10/373d1357024f2646be96f4b84d008946/preview.jpg',2251);
insert into aar_service.file (id, name, mimeType, url, record_id) values (417,'record/attachements/373d1357024f2646be96f4b84d008946/thumb.jpg','null','https://thor.ansur.no/display/media/83296/driver10/373d1357024f2646be96f4b84d008946/thumb.jpg',2251);
insert into aar_service.record (id, clientId, sessionId, createDate, trialDate, topic, recordType, headline, msgType, recordJson, recordData) values (2252,'asign_photo','null','2019-09-13 14:58:21.489','2019-09-13 14:58:21.489','photo_geojson','FeatureCollection','USAR Mission','Info','{"type": "FeatureCollection", "bbox": null, "features": [{"type": "Feature", "bbox": null, "geometry": {"type": "Point", "coordinates": [14.963155748555, 47.519849739934]}, "properties": {"id": 27458, "priority": 0, "viewed": true, "signature": "b83779e60e7df446cf82fad0aed9b544", "instant": "2019-09-13 12:56:12", "created": "2019-09-13 12:56:14", "updated": "2019-09-13 12:58:08.070714", "caption": "", "interpretation": null, "meta": {"Source": {"filename": "original.jpg", "camera_make": "Apple", "width": 4032, "size": 6421022, "height": 3024, "direction": 22.0, "camera_model": "iPhone X", "field_of_view": null}}, "version": null, "application_id": "6ff1f0c0-fbe4-4bd4-bd52-06083b37e6b9", "seen": "2019-09-13 12:56:26", "started": null, "stopped": null, "location_latitude": 47.519849739934, "location_longitude": 14.963155748555, "location_time": "2019-09-13 12:58:08", "location_accuracy": null, "location_altitude": null, "location_provider": "manual", "location_speed": null, "location_meta": null, "mission_id": 256, "mission_name": "USAR Mission", "thumbnail_hash": "52466bfdb017e8b91e5be29e71e29334", "preview_hash": "64b2462d7184fdcb66246cb82ad7a748", "category_id": null, "category_name": null, "application_device_type": 3, "application_last_login": "2019-09-13 09:34:24.154926", "application_phone": null, "application_last_rate": null, "application_updated": "2019-09-13 09:34:24.154926", "application_created": "2019-09-11 09:22:07.448009", "application_application_type": 4, "application_connection_type": 1, "application_connection_state": 1, "user_name": "driver14", "user_id": 813, "user_username": "driver14", "user_color": "E51717", "user_connection_type": 0, "user_last_login": null, "user_last_rate": null, "observation_url": "https://thor.ansur.no/signs/processing/27458", "observation_type": "photo", "preview_url": "https://thor.ansur.no/display/file/64b2462d7184fdcb66246cb82ad7a748/driver14/b83779e60e7df446cf82fad0aed9b544/preview.jpg", "preview_with_overlay_url": "https://thor.ansur.no/display/displayWithOverlays/64b2462d7184fdcb66246cb82ad7a748/driver14/b83779e60e7df446cf82fad0aed9b544/preview.jpg", "thumbnail_url": "https://thor.ansur.no/display/file/52466bfdb017e8b91e5be29e71e29334/driver14/b83779e60e7df446cf82fad0aed9b544/thumb.jpg", "files": [{"id": 83298, "file_type": 1, "size": 6421022, "state": 0, "created": "2019-09-13 12:56:14", "request_until": null, "meta": null, "hash": "b83779e60e7df446cf82fad0aed9b544", "url": null}, {"id": 83299, "file_type": 0, "size": 25432, "state": 3, "created": "2019-09-13 12:56:14", "request_until": "2019-10-13 12:56:14", "meta": null, "hash": "64b2462d7184fdcb66246cb82ad7a748", "url": "https://thor.ansur.no/display/media/83299/driver14/b83779e60e7df446cf82fad0aed9b544/preview.jpg"}, {"id": 83300, "file_type": 3, "size": 10885, "state": 3, "created": "2019-09-13 12:56:17", "request_until": null, "meta": "", "hash": "52466bfdb017e8b91e5be29e71e29334", "url": "https://thor.ansur.no/display/media/83300/driver14/b83779e60e7df446cf82fad0aed9b544/thumb.jpg"}]}}]}','null');
insert into aar_service.file (id, name, mimeType, url, record_id) values (418,'record/attachements/b83779e60e7df446cf82fad0aed9b544/preview.jpg','null','https://thor.ansur.no/display/media/83299/driver14/b83779e60e7df446cf82fad0aed9b544/preview.jpg',2252);
insert into aar_service.file (id, name, mimeType, url, record_id) values (419,'record/attachements/b83779e60e7df446cf82fad0aed9b544/thumb.jpg','null','https://thor.ansur.no/display/media/83300/driver14/b83779e60e7df446cf82fad0aed9b544/thumb.jpg',2252);
insert into aar_service.record (id, clientId, sessionId, createDate, trialDate, topic, recordType, headline, msgType, recordJson, recordData) values (2253,'TB-Ost','null','2019-09-13 14:58:56.282','2019-09-13 14:58:56.282','system_observer_tool_answer','ObserverToolAnswer','A new observation was reported by: Block5_USAR_Teams-ASIGN_Observer','Info','{"trialId": 13, "sessionId": 217, "answerId": 1665, "timeSendUTC": 1568379534, "timeWhen": 1568379535000, "observationTypeName": "Block5_USAR_Teams-ASIGN_Observer", "observervationTypeId": 1760, "observationTypeDescription": "Was ASIGN able to recive 360* video?", "description": "", "multiplicity": true, "questions": [{"id": 2853, "name": "Was ASIGN able to recive 360* video?", "description": "-", "answer": "Disagree", "comment": "Just 360 degree photo", "typeOfQuestion": "radiobutton"}]}','null');
insert into aar_service.record (id, clientId, sessionId, createDate, trialDate, topic, recordType, headline, msgType, recordJson, recordData) values (2254,'TB-Ost','null','2019-09-13 15:01:33.756','2019-09-13 15:01:33.756','system_observer_tool_answer','ObserverToolAnswer','A new observation was reported by: Block5_USAR_Teams-ASIGN_Observer','Info','{"trialId": 13, "sessionId": 217, "answerId": 1666, "timeSendUTC": 1568379692, "timeWhen": 1568379692000, "observationTypeName": "Block5_USAR_Teams-ASIGN_Observer", "observervationTypeId": 1761, "observationTypeDescription": "WasASSIGN able share geo-imagery with viewTerra?", "description": "", "multiplicity": true, "questions": [{"id": 2849, "name": "WasASSIGN able share geo-imagery with viewTerra?", "description": "-", "answer": "Strongly agree", "comment": "Yes of course", "typeOfQuestion": "radiobutton"}]}','null');
insert into aar_service.record (id, clientId, sessionId, createDate, trialDate, topic, recordType, headline, msgType, recordJson, recordData) values (2255,'TB-Ost','null','2019-09-13 15:01:57.8','2019-09-13 15:01:57.8','system_observer_tool_answer','ObserverToolAnswer','A new observation was reported by: Block5_USAR_Teams-ASIGN_Observer','Info','{"trialId": 13, "sessionId": 217, "answerId": 1667, "timeSendUTC": 1568379716, "timeWhen": 1568379717000, "observationTypeName": "Block5_USAR_Teams-ASIGN_Observer", "observervationTypeId": 1762, "observationTypeDescription": "Was ASIGN able to forward additional requests from the commander to the ASIGN field operator?", "description": "", "multiplicity": true, "questions": [{"id": 2851, "name": "Was ASIGN able to forward additional requests from", "description": "-", "answer": "Strongly agree", "comment": "", "typeOfQuestion": "radiobutton"}]}','null');
insert into aar_service.record (id, clientId, sessionId, createDate, trialDate, topic, recordType, headline, msgType, recordJson, recordData) values (2256,'asign_photo','null','2019-09-13 15:02:06.577','2019-09-13 15:02:06.577','photo_geojson','FeatureCollection','USAR Mission','Info','{"type": "FeatureCollection", "bbox": null, "features": [{"type": "Feature", "bbox": null, "geometry": {"type": "Point", "coordinates": [14.832026, 47.514862]}, "properties": {"id": 27446, "priority": 0, "viewed": true, "signature": "373d1357024f2646be96f4b84d008946", "instant": "2019-09-13 12:51:18", "created": "2019-09-13 12:51:42", "updated": "2019-09-13 13:01:53.793099", "caption": "", "interpretation": null, "meta": {"Source": {"filename": "original.jpg", "camera_make": null, "width": 1500, "size": 1216858, "height": 750, "direction": 0.0, "camera_model": null, "field_of_view": null}}, "version": null, "application_id": "8f0cf7ac-92b4-47d1-9745-a393e18e71b7", "seen": "2019-09-13 12:52:39", "started": null, "stopped": null, "location_latitude": 47.514862, "location_longitude": 14.832026, "location_time": "2019-09-13 12:51:18", "location_accuracy": 0.0, "location_altitude": 0.0, "location_provider": null, "location_speed": null, "location_meta": null, "mission_id": 256, "mission_name": "USAR Mission", "thumbnail_hash": "382969e2ac39088dea52ac48fd22cb7a", "preview_hash": "383404b20b5a6801dee1379adc1754ac", "category_id": null, "category_name": null, "application_device_type": 3, "application_last_login": "2019-09-13 12:57:28.865062", "application_phone": null, "application_last_rate": null, "application_updated": "2019-09-13 12:57:28.865062", "application_created": "2019-08-21 15:12:07.427551", "application_application_type": 4, "application_connection_type": 1, "application_connection_state": 1, "user_name": "driver10", "user_id": 807, "user_username": "driver10", "user_color": "DA1A1A", "user_connection_type": 0, "user_last_login": null, "user_last_rate": null, "observation_url": "https://thor.ansur.no/signs/processing/27446", "observation_type": "photo", "preview_url": "https://thor.ansur.no/display/file/383404b20b5a6801dee1379adc1754ac/driver10/373d1357024f2646be96f4b84d008946/preview.jpg", "preview_with_overlay_url": "https://thor.ansur.no/display/displayWithOverlays/383404b20b5a6801dee1379adc1754ac/driver10/373d1357024f2646be96f4b84d008946/preview.jpg", "thumbnail_url": "https://thor.ansur.no/display/file/382969e2ac39088dea52ac48fd22cb7a/driver10/373d1357024f2646be96f4b84d008946/thumb.jpg", "files": [{"id": 83294, "file_type": 1, "size": 1216858, "state": 0, "created": "2019-09-13 12:51:42", "request_until": null, "meta": null, "hash": "373d1357024f2646be96f4b84d008946", "url": null}, {"id": 83295, "file_type": 0, "size": 25050, "state": 3, "created": "2019-09-13 12:51:42", "request_until": "2019-10-13 12:51:42", "meta": null, "hash": "383404b20b5a6801dee1379adc1754ac", "url": "https://thor.ansur.no/display/media/83295/driver10/373d1357024f2646be96f4b84d008946/preview.jpg"}, {"id": 83296, "file_type": 3, "size": 10560, "state": 3, "created": "2019-09-13 12:52:02", "request_until": null, "meta": "", "hash": "382969e2ac39088dea52ac48fd22cb7a", "url": "https://thor.ansur.no/display/media/83296/driver10/373d1357024f2646be96f4b84d008946/thumb.jpg"}, {"id": 83297, "file_type": 2, "size": 333293, "state": 3, "created": "2019-09-13 12:53:02", "request_until": "2019-10-13 12:53:02", "meta": {"Region": {"x": 0, "y": 0, "width": 1500, "height": 750, "scale": 1.0, "quality": 90}}, "hash": "b991ebda2cfa667787a26cc3ff1cb1d9", "url": "https://thor.ansur.no/display/media/83297/driver10/373d1357024f2646be96f4b84d008946/roi_1590634835.jpg"}]}}]}','null');
insert into aar_service.file (id, name, mimeType, url, record_id) values (420,'record/attachements/373d1357024f2646be96f4b84d008946/preview.jpg','null','https://thor.ansur.no/display/media/83295/driver10/373d1357024f2646be96f4b84d008946/preview.jpg',2256);
insert into aar_service.file (id, name, mimeType, url, record_id) values (421,'record/attachements/373d1357024f2646be96f4b84d008946/thumb.jpg','null','https://thor.ansur.no/display/media/83296/driver10/373d1357024f2646be96f4b84d008946/thumb.jpg',2256);
insert into aar_service.file (id, name, mimeType, url, record_id) values (422,'record/attachements/373d1357024f2646be96f4b84d008946/roi_1590634835.jpg','null','https://thor.ansur.no/display/media/83297/driver10/373d1357024f2646be96f4b84d008946/roi_1590634835.jpg',2256);
insert into aar_service.record (id, clientId, sessionId, createDate, trialDate, topic, recordType, headline, msgType, recordJson, recordData) values (2257,'TB-Ost','null','2019-09-13 15:03:23.314','2019-09-13 15:03:23.314','system_observer_tool_answer','ObserverToolAnswer','A new observation was reported by: Block5_USAR_Teams-ASIGN_Observer','Info','{"trialId": 13, "sessionId": 217, "answerId": 1668, "timeSendUTC": 1568379801, "timeWhen": 1568379804000, "observationTypeName": "Block5_USAR_Teams-ASIGN_Observer", "observervationTypeId": 1762, "observationTypeDescription": "Was ASIGN able to forward additional requests from the commander to the ASIGN field operator?", "description": "", "multiplicity": true, "questions": [{"id": 2851, "name": "Was ASIGN able to forward additional requests from", "description": "-", "answer": "Strongly agree", "comment": "", "typeOfQuestion": "radiobutton"}]}','null');
insert into aar_service.record (id, clientId, sessionId, createDate, trialDate, topic, recordType, headline, msgType, recordJson, recordData) values (2258,'TB-Ost','null','2019-09-13 15:04:09.376','2019-09-13 15:04:09.376','system_observer_tool_answer','ObserverToolAnswer','A new observation was reported by: Block5_USAR_Teams-ASIGN_Observer','Info','{"trialId": 13, "sessionId": 217, "answerId": 1669, "timeSendUTC": 1568379847, "timeWhen": 1568379848000, "observationTypeName": "Block5_USAR_Teams-ASIGN_Observer", "observervationTypeId": 1763, "observationTypeDescription": "Was ASIGNable toreceivethe requestedadditionalinformationfrom the field operator?", "description": "", "multiplicity": true, "questions": [{"id": 2848, "name": "Was ASIGNable toreceivethe requestedadditional", "description": "-", "answer": "Not applicable", "comment": "", "typeOfQuestion": "radiobutton"}]}','null');
insert into aar_service.record (id, clientId, sessionId, createDate, trialDate, topic, recordType, headline, msgType, recordJson, recordData) values (2261,'TB-Ost','null','2019-09-13 15:05:05.259','2019-09-13 15:05:05.259','system_observer_tool_answer','ObserverToolAnswer','A new observation was reported by: Block5_USAR_Teams-ASIGN_Observer','Info','{"trialId": 13, "sessionId": 217, "answerId": 1671, "timeSendUTC": 1568379903, "timeWhen": 1568379904000, "observationTypeName": "Block5_USAR_Teams-ASIGN_Observer", "observervationTypeId": 1765, "observationTypeDescription": "The S2 creates a report for the EL (head of operations), based on the information provided by Asign.", "description": "", "multiplicity": true, "questions": [{"id": 2846, "name": "The S2 creates a report for the EL (head of operat", "description": "-", "answer": "[Agree]", "comment": "", "typeOfQuestion": "checkbox"}]}','null');
insert into aar_service.record (id, clientId, sessionId, createDate, trialDate, topic, recordType, headline, msgType, recordJson, recordData) values (2262,'TB-Ost','null','2019-09-13 15:05:27.153','2019-09-13 15:05:27.153','system_observer_tool_answer','ObserverToolAnswer','A new observation was reported by: Block5_USAR_Teams-ASIGN_Observer','Info','{"trialId": 13, "sessionId": 217, "answerId": 1672, "timeSendUTC": 1568379925, "timeWhen": 1568379926000, "observationTypeName": "Block5_USAR_Teams-ASIGN_Observer", "observervationTypeId": 1766, "observationTypeDescription": "The S2 uses other sources of visualisation (e.g google maps, paper maps, etc\u2026) for comparison with Asign.", "description": "", "multiplicity": true, "questions": [{"id": 2845, "name": "The S2 uses other sources of visualisation (e.g go", "description": "-", "answer": "[Agree]", "comment": "Maps on the wall", "typeOfQuestion": "checkbox"}]}','null');
insert into aar_service.record (id, clientId, sessionId, createDate, trialDate, topic, recordType, headline, msgType, recordJson, recordData) values (2263,'TB-Ost','null','2019-09-13 15:05:44.112','2019-09-13 15:05:44.112','system_observer_tool_answer','ObserverToolAnswer','A new observation was reported by: Block5_USAR_Teams-ASIGN_Observer','Info','{"trialId": 13, "sessionId": 217, "answerId": 1673, "timeSendUTC": 1568379942, "timeWhen": 1568379944000, "observationTypeName": "Block5_USAR_Teams-ASIGN_Observer", "observervationTypeId": 1762, "observationTypeDescription": "Was ASIGN able to forward additional requests from the commander to the ASIGN field operator?", "description": "", "multiplicity": true, "questions": [{"id": 2851, "name": "Was ASIGN able to forward additional requests from", "description": "-", "answer": "Agree", "comment": "Yes but there is a different way to share the geolocation through SMS,  instead through the App they only receive the address and they have to change it themselves. It would be good to have all functionalities in one application.", "typeOfQuestion": "radiobutton"}]}','null');
insert into aar_service.record (id, clientId, sessionId, createDate, trialDate, topic, recordType, headline, msgType, recordJson, recordData) values (2264,'TB-Ost','null','2019-09-13 15:05:53.113','2019-09-13 15:05:53.113','system_observer_tool_answer','ObserverToolAnswer','A new observation was reported by: Block5_USAR_Teams-ASIGN_Observer','Info','{"trialId": 13, "sessionId": 217, "answerId": 1674, "timeSendUTC": 1568379951, "timeWhen": 1568379952000, "observationTypeName": "Block5_USAR_Teams-ASIGN_Observer", "observervationTypeId": 1767, "observationTypeDescription": "The S2 uses other sources of information (e.g databases, internet,\u2026) for getting aditional information i.e: non visual information like population density, distance, resources allocation, etc.", "description": "", "multiplicity": true, "questions": [{"id": 2844, "name": "The S2 uses other sources of information (e.g data", "description": "-", "answer": "[Not applicable]", "comment": "Did not recognize", "typeOfQuestion": "checkbox"}]}','null');
insert into aar_service.record (id, clientId, sessionId, createDate, trialDate, topic, recordType, headline, msgType, recordJson, recordData) values (2265,'TB-Ost','null','2019-09-13 15:08:19.785','2019-09-13 15:08:19.785','system_observer_tool_answer','ObserverToolAnswer','A new observation was reported by: Block5_USAR_Teams-ASIGN_Observer','Info','{"trialId": 13, "sessionId": 217, "answerId": 1675, "timeSendUTC": 1568380098, "timeWhen": 1568380099000, "observationTypeName": "Block5_USAR_Teams-ASIGN_Observer", "observervationTypeId": 1768, "observationTypeDescription": "Can you observe, the S2 is using the information received by Asign.", "description": "", "multiplicity": true, "questions": [{"id": 2843, "name": "Can you observe, the S2 is using the information r", "description": "-", "answer": "[Agree]", "comment": "Yes using the information was oberved", "typeOfQuestion": "checkbox"}]}','null');
insert into aar_service.record (id, clientId, sessionId, createDate, trialDate, topic, recordType, headline, msgType, recordJson, recordData) values (2266,'TB-Ost','null','2019-09-13 15:11:35.863','2019-09-13 15:11:35.863','system_observer_tool_answer','ObserverToolAnswer','A new observation was reported by: Block5_USAR_Teams-viewTerra_Observer','Info','{"trialId": 13, "sessionId": 217, "answerId": 1676, "timeSendUTC": 1568380294, "timeWhen": 1568380295000, "observationTypeName": "Block5_USAR_Teams-viewTerra_Observer", "observervationTypeId": 1739, "observationTypeDescription": "The S2-S3 uses other sources of visualisation (e.g google maps, paper maps, etc\u2026) for comparison with the viewterra.", "description": "", "multiplicity": true, "questions": [{"id": 3130, "name": "The S2-S3 uses other sources of visualisation (e.g", "description": "-", "answer": "[Agree]", "comment": "They checked on the area and the whereabouts of the valley and villages on paper map on the wall", "typeOfQuestion": "checkbox"}]}','null');
insert into aar_service.record (id, clientId, sessionId, createDate, trialDate, topic, recordType, headline, msgType, recordJson, recordData) values (2267,'TB-Ost','null','2019-09-13 15:13:23.142','2019-09-13 15:13:23.142','system_observer_tool_answer','ObserverToolAnswer','A new observation was reported by: Block5_USAR_Teams-ASIGN_Observer','Info','{"trialId": 13, "sessionId": 217, "answerId": 1677, "timeSendUTC": 1568380401, "timeWhen": 1568380404000, "observationTypeName": "Block5_USAR_Teams-ASIGN_Observer", "observervationTypeId": 1766, "observationTypeDescription": "The S2 uses other sources of visualisation (e.g google maps, paper maps, etc\u2026) for comparison with Asign.", "description": "", "multiplicity": true, "questions": [{"id": 2845, "name": "The S2 uses other sources of visualisation (e.g go", "description": "-", "answer": "[Agree]", "comment": "Paper maps", "typeOfQuestion": "checkbox"}]}','null');
insert into aar_service.record (id, clientId, sessionId, createDate, trialDate, topic, recordType, headline, msgType, recordJson, recordData) values (2268,'TB-Ost','null','2019-09-13 15:13:44.646','2019-09-13 15:13:44.646','system_observer_tool_answer','ObserverToolAnswer','A new observation was reported by: Block5_USAR_Teams-ASIGN_Observer','Info','{"trialId": 13, "sessionId": 217, "answerId": 1678, "timeSendUTC": 1568380422, "timeWhen": 1568380425000, "observationTypeName": "Block5_USAR_Teams-ASIGN_Observer", "observervationTypeId": 1765, "observationTypeDescription": "The S2 creates a report for the EL (head of operations), based on the information provided by Asign.", "description": "", "multiplicity": true, "questions": [{"id": 2846, "name": "The S2 creates a report for the EL (head of operat", "description": "-", "answer": "[Not applicable]", "comment": "They are working together indoors", "typeOfQuestion": "checkbox"}]}','null');
insert into aar_service.record (id, clientId, sessionId, createDate, trialDate, topic, recordType, headline, msgType, recordJson, recordData) values (2269,'TB-Ost','null','2019-09-13 15:14:21.437','2019-09-13 15:14:21.437','system_observer_tool_answer','ObserverToolAnswer','A new observation was reported by: Block5_USAR_Teams-ASIGN_Observer','Info','{"trialId": 13, "sessionId": 217, "answerId": 1679, "timeSendUTC": 1568380459, "timeWhen": 1568380462000, "observationTypeName": "Block5_USAR_Teams-ASIGN_Observer", "observervationTypeId": 1767, "observationTypeDescription": "The S2 uses other sources of information (e.g databases, internet,\u2026) for getting aditional information i.e: non visual information like population density, distance, resources allocation, etc.", "description": "", "multiplicity": true, "questions": [{"id": 2844, "name": "The S2 uses other sources of information (e.g data", "description": "-", "answer": "[Not applicable]", "comment": "I didn''t notice that", "typeOfQuestion": "checkbox"}]}','null');
insert into aar_service.record (id, clientId, sessionId, createDate, trialDate, topic, recordType, headline, msgType, recordJson, recordData) values (2278,'TB-Ost','null','2019-09-13 15:40:16.908','2019-09-13 15:40:16.908','system_observer_tool_answer','ObserverToolAnswer','A new observation was reported by: Block5_USAR_Teams-ASIGN_Observer','Info','{"trialId": 13, "sessionId": 217, "answerId": 1684, "timeSendUTC": 1568382015, "timeWhen": 1568382017000, "observationTypeName": "Block5_USAR_Teams-ASIGN_Observer", "observervationTypeId": 1764, "observationTypeDescription": "Was ASIGN able to display 360* video?", "description": "", "multiplicity": true, "questions": [{"id": 2847, "name": "Was ASIGN able to display 360* video?", "description": "-", "answer": "Strongly agree", "comment": "", "typeOfQuestion": "radiobutton"}]}','null');
insert into aar_service.record (id, clientId, sessionId, createDate, trialDate, topic, recordType, headline, msgType, recordJson, recordData) values (2270,'TB-Ost','null','2019-09-13 15:15:38.612','2019-09-13 15:15:38.612','system_observer_tool_answer','ObserverToolAnswer','A new observation was reported by: Block5_USAR_Teams-viewTerra_Observer','Info','{"trialId": 13, "sessionId": 217, "answerId": 1680, "timeSendUTC": 1568380536, "timeWhen": 1568380538000, "observationTypeName": "Block5_USAR_Teams-viewTerra_Observer", "observervationTypeId": 1740, "observationTypeDescription": "The S2-S3 uses other sources of information (e.g databases, internet,\u2026) for getting aditional information i.e: non visual information like population density, distance, resources allocation, etc.", "description": "", "multiplicity": true, "questions": [{"id": 3136, "name": "The S2-S3 uses other sources of information (e.g d", "description": "-", "answer": "[Not applicable]", "comment": "No", "typeOfQuestion": "checkbox"}]}','null');
insert into aar_service.record (id, clientId, sessionId, createDate, trialDate, topic, recordType, headline, msgType, recordJson, recordData) values (2271,'TB-TrialMgmt','null','2019-09-13 15:16:32.121','2019-09-13 15:16:32.121','system_tm_role_player','RolePlayerMessage','Know location of assessment team','Info','{"id": "8a7bbdba-bea1-4a34-97ef-53fbae0a4bd5", "type": "ACTION", "title": "", "headline": "Know location of assessment team", "description": "For safety reasons, be sure to know the location of the assessment team at every moment.", "rolePlayerName": "ARC - EXCON", "participantNames": null, "comment": ""}','null');
insert into aar_service.record (id, clientId, sessionId, createDate, trialDate, topic, recordType, headline, msgType, recordJson, recordData) values (2272,'asign_photo','null','2019-09-13 15:19:11.891','2019-09-13 15:19:11.891','photo_geojson','FeatureCollection','USAR Mission','Info','{"type": "FeatureCollection", "bbox": null, "features": [{"type": "Feature", "bbox": null, "geometry": {"type": "Point", "coordinates": [14.938811, 47.5322]}, "properties": {"id": 27471, "priority": 0, "viewed": false, "signature": "c8327ef565598c81dbeaa611e55eab5e", "instant": "2019-09-13 13:18:48", "created": "2019-09-13 13:18:58", "updated": "2019-09-13 13:18:59.946965", "caption": "In car", "interpretation": null, "meta": {"Source": {"filename": "original.jpg", "camera_make": "Apple", "width": 4032, "size": 8112064, "height": 3024, "direction": 167.0, "camera_model": "iPhone 7", "field_of_view": null}}, "version": null, "application_id": "059dd4d7-24e7-444b-87bf-33d598587acd", "seen": null, "started": null, "stopped": null, "location_latitude": 47.5322, "location_longitude": 14.938811, "location_time": "2019-09-13 13:18:47", "location_accuracy": 32.0, "location_altitude": 1123.692139, "location_provider": null, "location_speed": null, "location_meta": null, "mission_id": 256, "mission_name": "USAR Mission", "thumbnail_hash": "988138f09475c07e763008daed472560", "preview_hash": "6ee244d3b0e63b0241c503f0193b5dfc", "category_id": null, "category_name": null, "application_device_type": 3, "application_last_login": "2019-09-13 13:18:20.174275", "application_phone": null, "application_last_rate": null, "application_updated": "2019-09-13 13:18:20.809759", "application_created": "2019-09-13 13:18:20.174275", "application_application_type": 4, "application_connection_type": 1, "application_connection_state": 1, "user_name": "driver12", "user_id": 811, "user_username": "driver12", "user_color": "17D376", "user_connection_type": 0, "user_last_login": null, "user_last_rate": null, "observation_url": "https://thor.ansur.no/signs/processing/27471", "observation_type": "photo", "preview_url": "https://thor.ansur.no/display/file/6ee244d3b0e63b0241c503f0193b5dfc/driver12/c8327ef565598c81dbeaa611e55eab5e/preview.jpg", "preview_with_overlay_url": "https://thor.ansur.no/display/displayWithOverlays/6ee244d3b0e63b0241c503f0193b5dfc/driver12/c8327ef565598c81dbeaa611e55eab5e/preview.jpg", "thumbnail_url": "https://thor.ansur.no/display/file/988138f09475c07e763008daed472560/driver12/c8327ef565598c81dbeaa611e55eab5e/thumb.jpg", "files": [{"id": 83301, "file_type": 1, "size": 8112064, "state": 0, "created": "2019-09-13 13:18:58", "request_until": null, "meta": null, "hash": "c8327ef565598c81dbeaa611e55eab5e", "url": null}, {"id": 83302, "file_type": 0, "size": 33281, "state": 3, "created": "2019-09-13 13:18:58", "request_until": "2019-10-13 13:18:58", "meta": null, "hash": "6ee244d3b0e63b0241c503f0193b5dfc", "url": "https://thor.ansur.no/display/media/83302/driver12/c8327ef565598c81dbeaa611e55eab5e/preview.jpg"}, {"id": 83303, "file_type": 3, "size": 13182, "state": 3, "created": "2019-09-13 13:18:59", "request_until": null, "meta": "", "hash": "988138f09475c07e763008daed472560", "url": "https://thor.ansur.no/display/media/83303/driver12/c8327ef565598c81dbeaa611e55eab5e/thumb.jpg"}]}}]}','null');
insert into aar_service.file (id, name, mimeType, url, record_id) values (423,'record/attachements/c8327ef565598c81dbeaa611e55eab5e/preview.jpg','null','https://thor.ansur.no/display/media/83302/driver12/c8327ef565598c81dbeaa611e55eab5e/preview.jpg',2272);
insert into aar_service.file (id, name, mimeType, url, record_id) values (424,'record/attachements/c8327ef565598c81dbeaa611e55eab5e/thumb.jpg','null','https://thor.ansur.no/display/media/83303/driver12/c8327ef565598c81dbeaa611e55eab5e/thumb.jpg',2272);
insert into aar_service.record (id, clientId, sessionId, createDate, trialDate, topic, recordType, headline, msgType, recordJson, recordData) values (2273,'asign_photo','null','2019-09-13 15:19:46.971','2019-09-13 15:19:46.971','photo_geojson','FeatureCollection','USAR Mission','Info','{"type": "FeatureCollection", "bbox": null, "features": [{"type": "Feature", "bbox": null, "geometry": {"type": "Point", "coordinates": [14.938811, 47.5322]}, "properties": {"id": 27471, "priority": 0, "viewed": true, "signature": "c8327ef565598c81dbeaa611e55eab5e", "instant": "2019-09-13 13:18:48", "created": "2019-09-13 13:18:58", "updated": "2019-09-13 13:19:35.787817", "caption": "In car", "interpretation": null, "meta": {"Source": {"filename": "original.jpg", "camera_make": "Apple", "width": 4032, "size": 8112064, "height": 3024, "direction": 167.0, "camera_model": "iPhone 7", "field_of_view": null}}, "version": null, "application_id": "059dd4d7-24e7-444b-87bf-33d598587acd", "seen": "2019-09-13 13:19:35", "started": null, "stopped": null, "location_latitude": 47.5322, "location_longitude": 14.938811, "location_time": "2019-09-13 13:18:47", "location_accuracy": 32.0, "location_altitude": 1123.692139, "location_provider": null, "location_speed": null, "location_meta": null, "mission_id": 256, "mission_name": "USAR Mission", "thumbnail_hash": "988138f09475c07e763008daed472560", "preview_hash": "6ee244d3b0e63b0241c503f0193b5dfc", "category_id": null, "category_name": null, "application_device_type": 3, "application_last_login": "2019-09-13 13:18:20.174275", "application_phone": null, "application_last_rate": null, "application_updated": "2019-09-13 13:18:20.809759", "application_created": "2019-09-13 13:18:20.174275", "application_application_type": 4, "application_connection_type": 1, "application_connection_state": 1, "user_name": "driver12", "user_id": 811, "user_username": "driver12", "user_color": "17D376", "user_connection_type": 0, "user_last_login": null, "user_last_rate": null, "observation_url": "https://thor.ansur.no/signs/processing/27471", "observation_type": "photo", "preview_url": "https://thor.ansur.no/display/file/6ee244d3b0e63b0241c503f0193b5dfc/driver12/c8327ef565598c81dbeaa611e55eab5e/preview.jpg", "preview_with_overlay_url": "https://thor.ansur.no/display/displayWithOverlays/6ee244d3b0e63b0241c503f0193b5dfc/driver12/c8327ef565598c81dbeaa611e55eab5e/preview.jpg", "thumbnail_url": "https://thor.ansur.no/display/file/988138f09475c07e763008daed472560/driver12/c8327ef565598c81dbeaa611e55eab5e/thumb.jpg", "files": [{"id": 83301, "file_type": 1, "size": 8112064, "state": 0, "created": "2019-09-13 13:18:58", "request_until": null, "meta": null, "hash": "c8327ef565598c81dbeaa611e55eab5e", "url": null}, {"id": 83302, "file_type": 0, "size": 33281, "state": 3, "created": "2019-09-13 13:18:58", "request_until": "2019-10-13 13:18:58", "meta": null, "hash": "6ee244d3b0e63b0241c503f0193b5dfc", "url": "https://thor.ansur.no/display/media/83302/driver12/c8327ef565598c81dbeaa611e55eab5e/preview.jpg"}, {"id": 83303, "file_type": 3, "size": 13182, "state": 3, "created": "2019-09-13 13:18:59", "request_until": null, "meta": "", "hash": "988138f09475c07e763008daed472560", "url": "https://thor.ansur.no/display/media/83303/driver12/c8327ef565598c81dbeaa611e55eab5e/thumb.jpg"}]}}]}','null');
insert into aar_service.file (id, name, mimeType, url, record_id) values (425,'record/attachements/c8327ef565598c81dbeaa611e55eab5e/preview.jpg','null','https://thor.ansur.no/display/media/83302/driver12/c8327ef565598c81dbeaa611e55eab5e/preview.jpg',2273);
insert into aar_service.file (id, name, mimeType, url, record_id) values (426,'record/attachements/c8327ef565598c81dbeaa611e55eab5e/thumb.jpg','null','https://thor.ansur.no/display/media/83303/driver12/c8327ef565598c81dbeaa611e55eab5e/thumb.jpg',2273);
insert into aar_service.record (id, clientId, sessionId, createDate, trialDate, topic, recordType, headline, msgType, recordJson, recordData) values (2274,'asign_photo','null','2019-09-13 15:21:07.061','2019-09-13 15:21:07.061','photo_geojson','FeatureCollection','USAR Mission','Info','{"type": "FeatureCollection", "bbox": null, "features": [{"type": "Feature", "bbox": null, "geometry": {"type": "Point", "coordinates": [14.938811, 47.5322]}, "properties": {"id": 27471, "priority": 0, "viewed": true, "signature": "c8327ef565598c81dbeaa611e55eab5e", "instant": "2019-09-13 13:18:48", "created": "2019-09-13 13:18:58", "updated": "2019-09-13 13:20:58.478022", "caption": "In car", "interpretation": null, "meta": {"Source": {"filename": "original.jpg", "camera_make": "Apple", "width": 4032, "size": 8112064, "height": 3024, "direction": 167.0, "camera_model": "iPhone 7", "field_of_view": null}}, "version": null, "application_id": "059dd4d7-24e7-444b-87bf-33d598587acd", "seen": "2019-09-13 13:19:35", "started": null, "stopped": null, "location_latitude": 47.5322, "location_longitude": 14.938811, "location_time": "2019-09-13 13:18:47", "location_accuracy": 32.0, "location_altitude": 1123.692139, "location_provider": null, "location_speed": null, "location_meta": null, "mission_id": 256, "mission_name": "USAR Mission", "thumbnail_hash": "988138f09475c07e763008daed472560", "preview_hash": "6ee244d3b0e63b0241c503f0193b5dfc", "category_id": null, "category_name": null, "application_device_type": 3, "application_last_login": "2019-09-13 13:18:20.174275", "application_phone": null, "application_last_rate": null, "application_updated": "2019-09-13 13:18:20.809759", "application_created": "2019-09-13 13:18:20.174275", "application_application_type": 4, "application_connection_type": 1, "application_connection_state": 1, "user_name": "driver12", "user_id": 811, "user_username": "driver12", "user_color": "17D376", "user_connection_type": 0, "user_last_login": null, "user_last_rate": null, "observation_url": "https://thor.ansur.no/signs/processing/27471", "observation_type": "photo", "preview_url": "https://thor.ansur.no/display/file/6ee244d3b0e63b0241c503f0193b5dfc/driver12/c8327ef565598c81dbeaa611e55eab5e/preview.jpg", "preview_with_overlay_url": "https://thor.ansur.no/display/displayWithOverlays/6ee244d3b0e63b0241c503f0193b5dfc/driver12/c8327ef565598c81dbeaa611e55eab5e/preview.jpg", "thumbnail_url": "https://thor.ansur.no/display/file/988138f09475c07e763008daed472560/driver12/c8327ef565598c81dbeaa611e55eab5e/thumb.jpg", "files": [{"id": 83301, "file_type": 1, "size": 8112064, "state": 0, "created": "2019-09-13 13:18:58", "request_until": null, "meta": null, "hash": "c8327ef565598c81dbeaa611e55eab5e", "url": null}, {"id": 83302, "file_type": 0, "size": 33281, "state": 3, "created": "2019-09-13 13:18:58", "request_until": "2019-10-13 13:18:58", "meta": null, "hash": "6ee244d3b0e63b0241c503f0193b5dfc", "url": "https://thor.ansur.no/display/media/83302/driver12/c8327ef565598c81dbeaa611e55eab5e/preview.jpg"}, {"id": 83303, "file_type": 3, "size": 13182, "state": 3, "created": "2019-09-13 13:18:59", "request_until": null, "meta": "", "hash": "988138f09475c07e763008daed472560", "url": "https://thor.ansur.no/display/media/83303/driver12/c8327ef565598c81dbeaa611e55eab5e/thumb.jpg"}, {"id": 83304, "file_type": 2, "size": 79147, "state": 3, "created": "2019-09-13 13:20:55", "request_until": "2019-10-13 13:20:55", "meta": {"Region": {"x": 283, "y": 1329, "width": 524, "height": 524, "scale": 1.0, "quality": 90}}, "hash": "cd238b44403598228978084272004c20", "url": "https://thor.ansur.no/display/media/83304/driver12/c8327ef565598c81dbeaa611e55eab5e/roi_935605868.jpg"}]}}]}','null');
insert into aar_service.file (id, name, mimeType, url, record_id) values (427,'record/attachements/c8327ef565598c81dbeaa611e55eab5e/preview.jpg','null','https://thor.ansur.no/display/media/83302/driver12/c8327ef565598c81dbeaa611e55eab5e/preview.jpg',2274);
insert into aar_service.file (id, name, mimeType, url, record_id) values (428,'record/attachements/c8327ef565598c81dbeaa611e55eab5e/thumb.jpg','null','https://thor.ansur.no/display/media/83303/driver12/c8327ef565598c81dbeaa611e55eab5e/thumb.jpg',2274);
insert into aar_service.file (id, name, mimeType, url, record_id) values (429,'record/attachements/c8327ef565598c81dbeaa611e55eab5e/roi_935605868.jpg','null','https://thor.ansur.no/display/media/83304/driver12/c8327ef565598c81dbeaa611e55eab5e/roi_935605868.jpg',2274);
insert into aar_service.record (id, clientId, sessionId, createDate, trialDate, topic, recordType, headline, msgType, recordJson, recordData) values (2275,'TB-Ost','null','2019-09-13 15:38:11.275','2019-09-13 15:38:11.275','system_observer_tool_answer','ObserverToolAnswer','A new observation was reported by: Block5_USAR_Teams-ASIGN_Observer','Info','{"trialId": 13, "sessionId": 217, "answerId": 1681, "timeSendUTC": 1568381889, "timeWhen": 1568381889000, "observationTypeName": "Block5_USAR_Teams-ASIGN_Observer", "observervationTypeId": 1760, "observationTypeDescription": "Was ASIGN able to recive 360* video?", "description": "", "multiplicity": true, "questions": [{"id": 2853, "name": "Was ASIGN able to recive 360* video?", "description": "-", "answer": "Strongly agree", "comment": "Yes, impressive", "typeOfQuestion": "radiobutton"}]}','null');
insert into aar_service.record (id, clientId, sessionId, createDate, trialDate, topic, recordType, headline, msgType, recordJson, recordData) values (2276,'TB-Ost','null','2019-09-13 15:38:26.915','2019-09-13 15:38:26.915','system_observer_tool_answer','ObserverToolAnswer','A new observation was reported by: Block5_USAR_Teams-ASIGN_Observer','Info','{"trialId": 13, "sessionId": 217, "answerId": 1682, "timeSendUTC": 1568381905, "timeWhen": 1568381906000, "observationTypeName": "Block5_USAR_Teams-ASIGN_Observer", "observervationTypeId": 1764, "observationTypeDescription": "Was ASIGN able to display 360* video?", "description": "", "multiplicity": true, "questions": [{"id": 2847, "name": "Was ASIGN able to display 360* video?", "description": "-", "answer": "Strongly agree", "comment": "Yes, very good", "typeOfQuestion": "radiobutton"}]}','null');
insert into aar_service.record (id, clientId, sessionId, createDate, trialDate, topic, recordType, headline, msgType, recordJson, recordData) values (2277,'TB-Ost','null','2019-09-13 15:40:07.701','2019-09-13 15:40:07.701','system_observer_tool_answer','ObserverToolAnswer','A new observation was reported by: Block5_USAR_Teams-ASIGN_Observer','Info','{"trialId": 13, "sessionId": 217, "answerId": 1683, "timeSendUTC": 1568382005, "timeWhen": 1568382008000, "observationTypeName": "Block5_USAR_Teams-ASIGN_Observer", "observervationTypeId": 1760, "observationTypeDescription": "Was ASIGN able to recive 360* video?", "description": "", "multiplicity": true, "questions": [{"id": 2853, "name": "Was ASIGN able to recive 360* video?", "description": "-", "answer": "Strongly agree", "comment": "", "typeOfQuestion": "radiobutton"}]}','null');
insert into aar_service.record (id, clientId, sessionId, createDate, trialDate, topic, recordType, headline, msgType, recordJson, recordData) values (2279,'TB-Ost','null','2019-09-13 15:41:18.652','2019-09-13 15:41:18.652','system_observer_tool_answer','ObserverToolAnswer','A new observation was reported by: Block5_USAR_Teams-viewTerra_Practitioner','Info','{"trialId": 13, "sessionId": 217, "answerId": 1685, "timeSendUTC": 1568382076, "timeWhen": 1568382078000, "observationTypeName": "Block5_USAR_Teams-viewTerra_Practitioner", "observervationTypeId": 1742, "observationTypeDescription": "Question set", "description": "", "multiplicity": true, "questions": [{"id": 3165, "name": "Effectiveness: I would be able to manage my tasks ", "description": "Please rate the following as compared to your daily work routine.", "answer": "Agree", "comment": "", "typeOfQuestion": "radiobutton"}, {"id": 3166, "name": "The information provided by Viewterra was helpful ", "description": "-", "answer": "Agree", "comment": "", "typeOfQuestion": "radiobutton"}, {"id": 3167, "name": "Understanding the 3d model of Viewterra took me a ", "description": "-", "answer": "Disagree", "comment": "", "typeOfQuestion": "radiobutton"}, {"id": 3168, "name": "Reviewing the 3d model of Viewterra took me a lot ", "description": "-", "answer": "Disagree", "comment": "", "typeOfQuestion": "radiobutton"}, {"id": 3169, "name": "Within the Viewterra there was a lot of repetitive", "description": "-", "answer": "Disagree", "comment": "", "typeOfQuestion": "radiobutton"}, {"id": 3170, "name": "The combination of 3d maps with georeferenced phot", "description": "-", "answer": "Strongly agree", "comment": "", "typeOfQuestion": "radiobutton"}, {"id": 3171, "name": "The information received by the Viewterra was suff", "description": "-", "answer": "Strongly agree", "comment": "", "typeOfQuestion": "radiobutton"}, {"id": 3172, "name": "Were you able to assess the situation without any ", "description": "-", "answer": "Agree", "comment": "Timestamp problems", "typeOfQuestion": "radiobutton"}, {"id": 3173, "name": "Usability: The solution supports more detailed inf", "description": "Please rate the following as compared to your daily work routine.", "answer": "Strongly agree", "comment": "", "typeOfQuestion": "radiobutton"}, {"id": 3174, "name": "Effectiveness: I would be able to complete my task", "description": "Please rate the following as compared to your daily work routine.", "answer": "Agree", "comment": "", "typeOfQuestion": "radiobutton"}, {"id": 3175, "name": "Efficiency: I would be able to complete my tasks f", "description": "Please rate the following as compared to your daily work routine.", "answer": "Agree", "comment": "", "typeOfQuestion": "radiobutton"}, {"id": 3176, "name": "Efficiency: I would be able to complete my tasks m", "description": "Please rate the following as compared to your daily work routine.", "answer": "Agree", "comment": "", "typeOfQuestion": "radiobutton"}, {"id": 3177, "name": "Satisfaction: Overall, I am satisfied with the use", "description": "Please rate the following as compared to your daily work routine.", "answer": "Agree", "comment": "", "typeOfQuestion": "radiobutton"}, {"id": 3178, "name": "Usability: It would be easy to integrate this solu", "description": "Please rate the following as compared to your daily work routine.", "answer": "Agree", "comment": "", "typeOfQuestion": "radiobutton"}, {"id": 3179, "name": "Usability: The solution supports me with additiona", "description": "Please rate the following as compared to your daily work routine.", "answer": "Strongly agree", "comment": "", "typeOfQuestion": "radiobutton"}, {"id": 3180, "name": "The 3d  model representation  by Viewterra was acc", "description": "-", "answer": "Not applicable", "comment": "", "typeOfQuestion": "radiobutton"}]}','null');
insert into aar_service.record (id, clientId, sessionId, createDate, trialDate, topic, recordType, headline, msgType, recordJson, recordData) values (2280,'TB-Ost','null','2019-09-13 15:42:08.294','2019-09-13 15:42:08.294','system_observer_tool_answer','ObserverToolAnswer','A new observation was reported by: Block5_USAR_Teams-viewTerra_Practitioner','Info','{"trialId": 13, "sessionId": 217, "answerId": 1686, "timeSendUTC": 1568382126, "timeWhen": 1568382128000, "observationTypeName": "Block5_USAR_Teams-viewTerra_Practitioner", "observervationTypeId": 1742, "observationTypeDescription": "Question set", "description": "", "multiplicity": true, "questions": [{"id": 3165, "name": "Effectiveness: I would be able to manage my tasks ", "description": "Please rate the following as compared to your daily work routine.", "answer": "Agree", "comment": "", "typeOfQuestion": "radiobutton"}, {"id": 3166, "name": "The information provided by Viewterra was helpful ", "description": "-", "answer": "Agree", "comment": "", "typeOfQuestion": "radiobutton"}, {"id": 3167, "name": "Understanding the 3d model of Viewterra took me a ", "description": "-", "answer": "Disagree", "comment": "", "typeOfQuestion": "radiobutton"}, {"id": 3168, "name": "Reviewing the 3d model of Viewterra took me a lot ", "description": "-", "answer": "Disagree", "comment": "", "typeOfQuestion": "radiobutton"}, {"id": 3169, "name": "Within the Viewterra there was a lot of repetitive", "description": "-", "answer": "Agree", "comment": "", "typeOfQuestion": "radiobutton"}, {"id": 3170, "name": "The combination of 3d maps with georeferenced phot", "description": "-", "answer": "Agree", "comment": "", "typeOfQuestion": "radiobutton"}, {"id": 3171, "name": "The information received by the Viewterra was suff", "description": "-", "answer": "Neutral", "comment": "", "typeOfQuestion": "radiobutton"}, {"id": 3172, "name": "Were you able to assess the situation without any ", "description": "-", "answer": "Agree", "comment": "", "typeOfQuestion": "radiobutton"}, {"id": 3173, "name": "Usability: The solution supports more detailed inf", "description": "Please rate the following as compared to your daily work routine.", "answer": "Neutral", "comment": "", "typeOfQuestion": "radiobutton"}, {"id": 3174, "name": "Effectiveness: I would be able to complete my task", "description": "Please rate the following as compared to your daily work routine.", "answer": "Neutral", "comment": "", "typeOfQuestion": "radiobutton"}, {"id": 3175, "name": "Efficiency: I would be able to complete my tasks f", "description": "Please rate the following as compared to your daily work routine.", "answer": "Neutral", "comment": "", "typeOfQuestion": "radiobutton"}, {"id": 3176, "name": "Efficiency: I would be able to complete my tasks m", "description": "Please rate the following as compared to your daily work routine.", "answer": "Neutral", "comment": "", "typeOfQuestion": "radiobutton"}, {"id": 3177, "name": "Satisfaction: Overall, I am satisfied with the use", "description": "Please rate the following as compared to your daily work routine.", "answer": "Agree", "comment": "", "typeOfQuestion": "radiobutton"}, {"id": 3178, "name": "Usability: It would be easy to integrate this solu", "description": "Please rate the following as compared to your daily work routine.", "answer": "Agree", "comment": "", "typeOfQuestion": "radiobutton"}, {"id": 3179, "name": "Usability: The solution supports me with additiona", "description": "Please rate the following as compared to your daily work routine.", "answer": "Neutral", "comment": "", "typeOfQuestion": "radiobutton"}, {"id": 3180, "name": "The 3d  model representation  by Viewterra was acc", "description": "-", "answer": "Neutral", "comment": "Snowy ground", "typeOfQuestion": "radiobutton"}]}','null');
insert into aar_service.record (id, clientId, sessionId, createDate, trialDate, topic, recordType, headline, msgType, recordJson, recordData) values (2281,'TB-Ost','null','2019-09-13 15:43:13.974','2019-09-13 15:43:13.974','system_observer_tool_answer','ObserverToolAnswer','A new observation was reported by: Block5_USAR_Teams-ASIGN_Observer','Info','{"trialId": 13, "sessionId": 217, "answerId": 1687, "timeSendUTC": 1568382192, "timeWhen": 1568382194000, "observationTypeName": "Block5_USAR_Teams-ASIGN_Observer", "observervationTypeId": 1768, "observationTypeDescription": "Can you observe, the S2 is using the information received by Asign.", "description": "", "multiplicity": true, "questions": [{"id": 2843, "name": "Can you observe, the S2 is using the information r", "description": "-", "answer": "[Agree]", "comment": "He managed to communicate with the team in the field and get pictures needed even through satellite connection", "typeOfQuestion": "checkbox"}]}','null');
insert into aar_service.record (id, clientId, sessionId, createDate, trialDate, topic, recordType, headline, msgType, recordJson, recordData) values (2282,'TB-Ost','null','2019-09-13 15:44:27.212','2019-09-13 15:44:27.212','system_observer_tool_answer','ObserverToolAnswer','A new observation was reported by: Block5_USAR_Teams-ASIGN_Observer','Info','{"trialId": 13, "sessionId": 217, "answerId": 1688, "timeSendUTC": 1568382265, "timeWhen": 1568382267000, "observationTypeName": "Block5_USAR_Teams-ASIGN_Observer", "observervationTypeId": 1763, "observationTypeDescription": "Was ASIGNable toreceivethe requestedadditionalinformationfrom the field operator?", "description": "", "multiplicity": true, "questions": [{"id": 2848, "name": "Was ASIGNable toreceivethe requestedadditional", "description": "-", "answer": "Agree", "comment": "Yes, text report and 360 photos and video even through satellite connection", "typeOfQuestion": "radiobutton"}]}','null');
insert into aar_service.record (id, clientId, sessionId, createDate, trialDate, topic, recordType, headline, msgType, recordJson, recordData) values (2283,'TB-Ost','null','2019-09-13 15:45:20.861','2019-09-13 15:45:20.861','system_observer_tool_answer','ObserverToolAnswer','A new observation was reported by: Block5_USAR_Teams-ASIGN_Practitioner','Info','{"trialId": 13, "sessionId": 217, "answerId": 1689, "timeSendUTC": 1568382319, "timeWhen": 1568382320000, "observationTypeName": "Block5_USAR_Teams-ASIGN_Practitioner", "observervationTypeId": 1777, "observationTypeDescription": "Question set", "description": "", "multiplicity": true, "questions": [{"id": 2869, "name": "Reviewing the photos and videos from Asign took me", "description": "-", "answer": "Neutral", "comment": "", "typeOfQuestion": "radiobutton"}, {"id": 2870, "name": "Usability: The solution supports me with additiona", "description": "Please rate the following as compared to your daily work routine.", "answer": "Agree", "comment": "", "typeOfQuestion": "radiobutton"}, {"id": 2871, "name": "Were you able to assess the situation without any ", "description": "-", "answer": "Agree", "comment": "", "typeOfQuestion": "radiobutton"}, {"id": 2872, "name": "The information received by the Asign was sufficie", "description": "-", "answer": "Agree", "comment": "", "typeOfQuestion": "radiobutton"}, {"id": 2873, "name": "The information provided by Asign was helpful for ", "description": "-", "answer": "Agree", "comment": "", "typeOfQuestion": "radiobutton"}, {"id": 2874, "name": "Within the ASIGN there was a lot of repetitive inf", "description": "-", "answer": "Neutral", "comment": "", "typeOfQuestion": "radiobutton"}, {"id": 2875, "name": "All units were informed about the dangerous areas ", "description": "-", "answer": "Agree", "comment": "", "typeOfQuestion": "radiobutton"}, {"id": 2876, "name": "The information received by ASIGN was accurate ?", "description": "-", "answer": "Agree", "comment": "", "typeOfQuestion": "radiobutton"}, {"id": 2877, "name": "Usability: The solution supports more detailed inf", "description": "Please rate the following as compared to your daily work routine.", "answer": "Agree", "comment": "", "typeOfQuestion": "radiobutton"}, {"id": 2878, "name": "Were you able to navigate the 360* video?", "description": "-", "answer": "Neutral", "comment": "", "typeOfQuestion": "radiobutton"}, {"id": 2879, "name": "Usability: It would be easy to integrate this solu", "description": "Please rate the following as compared to your daily work routine.", "answer": "Agree", "comment": "", "typeOfQuestion": "radiobutton"}, {"id": 2880, "name": "Effectiveness: I would be able to manage my tasks ", "description": "Please rate the following as compared to your daily work routine.", "answer": "Agree", "comment": "", "typeOfQuestion": "radiobutton"}, {"id": 2881, "name": "Effectiveness: I would be able to complete my task", "description": "Please rate the following as compared to your daily work routine.", "answer": "Agree", "comment": "", "typeOfQuestion": "radiobutton"}, {"id": 2882, "name": "Efficiency: I would be able to complete my tasks f", "description": "Please rate the following as compared to your daily work routine.", "answer": "Neutral", "comment": "", "typeOfQuestion": "radiobutton"}, {"id": 2883, "name": "Efficiency: I would be able to complete my tasks m", "description": "Please rate the following as compared to your daily work routine.", "answer": "Neutral", "comment": "", "typeOfQuestion": "radiobutton"}, {"id": 2884, "name": "Satisfaction: Overall, I am satisfied with the use", "description": "Please rate the following as compared to your daily work routine.", "answer": "Agree", "comment": "", "typeOfQuestion": "radiobutton"}, {"id": 2885, "name": "The information received by ASIGN was reliable?", "description": "-", "answer": "Neutral", "comment": "", "typeOfQuestion": "radiobutton"}]}','null');
insert into aar_service.record (id, clientId, sessionId, createDate, trialDate, topic, recordType, headline, msgType, recordJson, recordData) values (2284,'TB-Ost','null','2019-09-13 15:45:31.406','2019-09-13 15:45:31.406','system_observer_tool_answer','ObserverToolAnswer','A new observation was reported by: Block5_USAR_Teams-ASIGN_Practitioner','Info','{"trialId": 13, "sessionId": 217, "answerId": 1690, "timeSendUTC": 1568382329, "timeWhen": 1568382331000, "observationTypeName": "Block5_USAR_Teams-ASIGN_Practitioner", "observervationTypeId": 1777, "observationTypeDescription": "Question set", "description": "", "multiplicity": true, "questions": [{"id": 2869, "name": "Reviewing the photos and videos from Asign took me", "description": "-", "answer": "Disagree", "comment": "", "typeOfQuestion": "radiobutton"}, {"id": 2870, "name": "Usability: The solution supports me with additiona", "description": "Please rate the following as compared to your daily work routine.", "answer": "Strongly agree", "comment": "", "typeOfQuestion": "radiobutton"}, {"id": 2871, "name": "Were you able to assess the situation without any ", "description": "-", "answer": "Agree", "comment": "", "typeOfQuestion": "radiobutton"}, {"id": 2872, "name": "The information received by the Asign was sufficie", "description": "-", "answer": "Agree", "comment": "", "typeOfQuestion": "radiobutton"}, {"id": 2873, "name": "The information provided by Asign was helpful for ", "description": "-", "answer": "Strongly agree", "comment": "Depending on the skill of the person taking the photo", "typeOfQuestion": "radiobutton"}, {"id": 2874, "name": "Within the ASIGN there was a lot of repetitive inf", "description": "-", "answer": "Disagree", "comment": "", "typeOfQuestion": "radiobutton"}, {"id": 2875, "name": "All units were informed about the dangerous areas ", "description": "-", "answer": "Strongly agree", "comment": "Hope so, at least we sent it", "typeOfQuestion": "radiobutton"}, {"id": 2876, "name": "The information received by ASIGN was accurate ?", "description": "-", "answer": "Not applicable", "comment": "Cannot verify", "typeOfQuestion": "radiobutton"}, {"id": 2877, "name": "Usability: The solution supports more detailed inf", "description": "Please rate the following as compared to your daily work routine.", "answer": "Strongly agree", "comment": "", "typeOfQuestion": "radiobutton"}, {"id": 2878, "name": "Were you able to navigate the 360* video?", "description": "-", "answer": "Not applicable", "comment": "Not done by me", "typeOfQuestion": "radiobutton"}, {"id": 2879, "name": "Usability: It would be easy to integrate this solu", "description": "Please rate the following as compared to your daily work routine.", "answer": "Strongly agree", "comment": "", "typeOfQuestion": "radiobutton"}, {"id": 2880, "name": "Effectiveness: I would be able to manage my tasks ", "description": "Please rate the following as compared to your daily work routine.", "answer": "Strongly agree", "comment": "", "typeOfQuestion": "radiobutton"}, {"id": 2881, "name": "Effectiveness: I would be able to complete my task", "description": "Please rate the following as compared to your daily work routine.", "answer": "Agree", "comment": "", "typeOfQuestion": "radiobutton"}, {"id": 2882, "name": "Efficiency: I would be able to complete my tasks f", "description": "Please rate the following as compared to your daily work routine.", "answer": "Agree", "comment": "", "typeOfQuestion": "radiobutton"}, {"id": 2883, "name": "Efficiency: I would be able to complete my tasks m", "description": "Please rate the following as compared to your daily work routine.", "answer": "Agree", "comment": "", "typeOfQuestion": "radiobutton"}, {"id": 2884, "name": "Satisfaction: Overall, I am satisfied with the use", "description": "Please rate the following as compared to your daily work routine.", "answer": "Strongly agree", "comment": "", "typeOfQuestion": "radiobutton"}, {"id": 2885, "name": "The information received by ASIGN was reliable?", "description": "-", "answer": "Not applicable", "comment": "Cannot verify", "typeOfQuestion": "radiobutton"}]}','null');
insert into aar_service.record (id, clientId, sessionId, createDate, trialDate, topic, recordType, headline, msgType, recordJson, recordData) values (2285,'TB-Ost','null','2019-09-13 15:47:25.775','2019-09-13 15:47:25.775','system_observer_tool_answer','ObserverToolAnswer','A new observation was reported by: Block5_USAR_Teams-viewTerra_Practitioner','Info','{"trialId": 13, "sessionId": 217, "answerId": 1691, "timeSendUTC": 1568382443, "timeWhen": 1568382445000, "observationTypeName": "Block5_USAR_Teams-viewTerra_Practitioner", "observervationTypeId": 1742, "observationTypeDescription": "Question set", "description": "", "multiplicity": true, "questions": [{"id": 3165, "name": "Effectiveness: I would be able to manage my tasks ", "description": "Please rate the following as compared to your daily work routine.", "answer": "Neutral", "comment": "", "typeOfQuestion": "radiobutton"}, {"id": 3166, "name": "The information provided by Viewterra was helpful ", "description": "-", "answer": "Agree", "comment": "", "typeOfQuestion": "radiobutton"}, {"id": 3167, "name": "Understanding the 3d model of Viewterra took me a ", "description": "-", "answer": "Not applicable", "comment": "", "typeOfQuestion": "radiobutton"}, {"id": 3168, "name": "Reviewing the 3d model of Viewterra took me a lot ", "description": "-", "answer": "Not applicable", "comment": "", "typeOfQuestion": "radiobutton"}, {"id": 3169, "name": "Within the Viewterra there was a lot of repetitive", "description": "-", "answer": "Neutral", "comment": "", "typeOfQuestion": "radiobutton"}, {"id": 3170, "name": "The combination of 3d maps with georeferenced phot", "description": "-", "answer": "Agree", "comment": "", "typeOfQuestion": "radiobutton"}, {"id": 3171, "name": "The information received by the Viewterra was suff", "description": "-", "answer": "Agree", "comment": "", "typeOfQuestion": "radiobutton"}, {"id": 3172, "name": "Were you able to assess the situation without any ", "description": "-", "answer": "Disagree", "comment": "", "typeOfQuestion": "radiobutton"}, {"id": 3173, "name": "Usability: The solution supports more detailed inf", "description": "Please rate the following as compared to your daily work routine.", "answer": "Neutral", "comment": "", "typeOfQuestion": "radiobutton"}, {"id": 3174, "name": "Effectiveness: I would be able to complete my task", "description": "Please rate the following as compared to your daily work routine.", "answer": "Neutral", "comment": "", "typeOfQuestion": "radiobutton"}, {"id": 3175, "name": "Efficiency: I would be able to complete my tasks f", "description": "Please rate the following as compared to your daily work routine.", "answer": "Disagree", "comment": "", "typeOfQuestion": "radiobutton"}, {"id": 3176, "name": "Efficiency: I would be able to complete my tasks m", "description": "Please rate the following as compared to your daily work routine.", "answer": "Neutral", "comment": "", "typeOfQuestion": "radiobutton"}, {"id": 3177, "name": "Satisfaction: Overall, I am satisfied with the use", "description": "Please rate the following as compared to your daily work routine.", "answer": "Neutral", "comment": "", "typeOfQuestion": "radiobutton"}, {"id": 3178, "name": "Usability: It would be easy to integrate this solu", "description": "Please rate the following as compared to your daily work routine.", "answer": "Neutral", "comment": "", "typeOfQuestion": "radiobutton"}, {"id": 3179, "name": "Usability: The solution supports me with additiona", "description": "Please rate the following as compared to your daily work routine.", "answer": "Neutral", "comment": "", "typeOfQuestion": "radiobutton"}, {"id": 3180, "name": "The 3d  model representation  by Viewterra was acc", "description": "-", "answer": "Neutral", "comment": "", "typeOfQuestion": "radiobutton"}]}','null');
insert into aar_service.record (id, clientId, sessionId, createDate, trialDate, topic, recordType, headline, msgType, recordJson, recordData) values (2286,'TB-Ost','null','2019-09-13 15:49:49.05','2019-09-13 15:49:49.05','system_observer_tool_answer','ObserverToolAnswer','A new observation was reported by: Block5_USAR_Teams-ASIGN_Practitioner','Info','{"trialId": 13, "sessionId": 217, "answerId": 1692, "timeSendUTC": 1568382587, "timeWhen": 1568382588000, "observationTypeName": "Block5_USAR_Teams-ASIGN_Practitioner", "observervationTypeId": 1777, "observationTypeDescription": "Question set", "description": "", "multiplicity": true, "questions": [{"id": 2869, "name": "Reviewing the photos and videos from Asign took me", "description": "-", "answer": "Neutral", "comment": "", "typeOfQuestion": "radiobutton"}, {"id": 2870, "name": "Usability: The solution supports me with additiona", "description": "Please rate the following as compared to your daily work routine.", "answer": "Agree", "comment": "", "typeOfQuestion": "radiobutton"}, {"id": 2871, "name": "Were you able to assess the situation without any ", "description": "-", "answer": "Agree", "comment": "", "typeOfQuestion": "radiobutton"}, {"id": 2872, "name": "The information received by the Asign was sufficie", "description": "-", "answer": "Agree", "comment": "", "typeOfQuestion": "radiobutton"}, {"id": 2873, "name": "The information provided by Asign was helpful for ", "description": "-", "answer": "Agree", "comment": "", "typeOfQuestion": "radiobutton"}, {"id": 2874, "name": "Within the ASIGN there was a lot of repetitive inf", "description": "-", "answer": "Disagree", "comment": "", "typeOfQuestion": "radiobutton"}, {"id": 2875, "name": "All units were informed about the dangerous areas ", "description": "-", "answer": "Strongly agree", "comment": "", "typeOfQuestion": "radiobutton"}, {"id": 2876, "name": "The information received by ASIGN was accurate ?", "description": "-", "answer": "Agree", "comment": "", "typeOfQuestion": "radiobutton"}, {"id": 2877, "name": "Usability: The solution supports more detailed inf", "description": "Please rate the following as compared to your daily work routine.", "answer": "Agree", "comment": "", "typeOfQuestion": "radiobutton"}, {"id": 2878, "name": "Were you able to navigate the 360* video?", "description": "-", "answer": "Strongly agree", "comment": "", "typeOfQuestion": "radiobutton"}, {"id": 2879, "name": "Usability: It would be easy to integrate this solu", "description": "Please rate the following as compared to your daily work routine.", "answer": "Neutral", "comment": "", "typeOfQuestion": "radiobutton"}, {"id": 2880, "name": "Effectiveness: I would be able to manage my tasks ", "description": "Please rate the following as compared to your daily work routine.", "answer": "Agree", "comment": "", "typeOfQuestion": "radiobutton"}, {"id": 2881, "name": "Effectiveness: I would be able to complete my task", "description": "Please rate the following as compared to your daily work routine.", "answer": "Neutral", "comment": "", "typeOfQuestion": "radiobutton"}, {"id": 2882, "name": "Efficiency: I would be able to complete my tasks f", "description": "Please rate the following as compared to your daily work routine.", "answer": "Neutral", "comment": "", "typeOfQuestion": "radiobutton"}, {"id": 2883, "name": "Efficiency: I would be able to complete my tasks m", "description": "Please rate the following as compared to your daily work routine.", "answer": "Neutral", "comment": "", "typeOfQuestion": "radiobutton"}, {"id": 2884, "name": "Satisfaction: Overall, I am satisfied with the use", "description": "Please rate the following as compared to your daily work routine.", "answer": "Agree", "comment": "", "typeOfQuestion": "radiobutton"}, {"id": 2885, "name": "The information received by ASIGN was reliable?", "description": "-", "answer": "Agree", "comment": "", "typeOfQuestion": "radiobutton"}]}','null');
insert into aar_service.record (id, clientId, sessionId, createDate, trialDate, topic, recordType, headline, msgType, recordJson, recordData) values (2287,'TB-Ost','null','2019-09-13 15:58:55.574','2019-09-13 15:58:55.574','system_observer_tool_answer','ObserverToolAnswer','A new observation was reported by: Block5_USAR_Teams-ASIGN_Field_Observer','Info','{"trialId": 13, "sessionId": 220, "answerId": 1693, "timeSendUTC": 1568383133, "timeWhen": 1568375632000, "observationTypeName": "Block5_USAR_Teams-ASIGN_Field_Observer", "observervationTypeId": 1769, "observationTypeDescription": "How many years of professional experience do you have in crisis management? ", "description": "", "multiplicity": true, "questions": [{"id": 2834, "name": "How many years of professional experience do you h", "description": "-", "answer": "More than 15 years", "comment": "", "typeOfQuestion": "radiobutton"}]}','null');
insert into aar_service.record (id, clientId, sessionId, createDate, trialDate, topic, recordType, headline, msgType, recordJson, recordData) values (2288,'TB-Ost','null','2019-09-13 15:58:55.719','2019-09-13 15:58:55.719','system_observer_tool_answer','ObserverToolAnswer','A new observation was reported by: Block5_USAR_Teams-ASIGN_Field_Observer','Info','{"trialId": 13, "sessionId": 220, "answerId": 1694, "timeSendUTC": 1568383133, "timeWhen": 1568378572000, "observationTypeName": "Block5_USAR_Teams-ASIGN_Field_Observer", "observervationTypeId": 1771, "observationTypeDescription": "Was ASIGN able to establish a SATLINK?", "description": "", "multiplicity": true, "questions": [{"id": 2828, "name": "Was ASIGN able to establish a SATLINK?", "description": "-", "answer": "Agree", "comment": "Although it was able to establish a connection the process for doing so involves the use of additional equipment which would need to be trained on how to use it, this did not appear to be intuitive and would require training", "typeOfQuestion": "radiobutton"}]}','null');
insert into aar_service.record (id, clientId, sessionId, createDate, trialDate, topic, recordType, headline, msgType, recordJson, recordData) values (2289,'TB-Ost','null','2019-09-13 15:58:55.85','2019-09-13 15:58:55.851','system_observer_tool_answer','ObserverToolAnswer','A new observation was reported by: Block5_USAR_Teams-ASIGN_Field_Observer','Info','{"trialId": 13, "sessionId": 220, "answerId": 1695, "timeSendUTC": 1568383133, "timeWhen": 1568375744000, "observationTypeName": "Block5_USAR_Teams-ASIGN_Field_Observer", "observervationTypeId": 1770, "observationTypeDescription": "How much would you agree with the statement that you have experience and knowledge regarding situation assesment?", "description": "", "multiplicity": true, "questions": [{"id": 2833, "name": "How much would you agree with the statement that y", "description": "-", "answer": "Strongly agree", "comment": "As an operational police officer for over 25 years I would say I am qualified", "typeOfQuestion": "radiobutton"}]}','null');
insert into aar_service.record (id, clientId, sessionId, createDate, trialDate, topic, recordType, headline, msgType, recordJson, recordData) values (2290,'TB-Ost','null','2019-09-13 15:58:55.981','2019-09-13 15:58:55.981','system_observer_tool_answer','ObserverToolAnswer','A new observation was reported by: Block5_USAR_Teams-ASIGN_Field_Observer','Info','{"trialId": 13, "sessionId": 220, "answerId": 1696, "timeSendUTC": 1568383134, "timeWhen": 1568379272000, "observationTypeName": "Block5_USAR_Teams-ASIGN_Field_Observer", "observervationTypeId": 1772, "observationTypeDescription": "Was ASSIGN able to send 360* video through a SATLINK?", "description": "", "multiplicity": true, "questions": [{"id": 2832, "name": "Was ASSIGN able to send 360* video through a SATLI", "description": "-", "answer": "Agree", "comment": "There was a problem with the provided handset, so we used the alternative device from the supplier to prove that the task was achievable, which it was. ", "typeOfQuestion": "radiobutton"}]}','null');
insert into aar_service.record (id, clientId, sessionId, createDate, trialDate, topic, recordType, headline, msgType, recordJson, recordData) values (2291,'TB-Ost','null','2019-09-13 15:58:56.129','2019-09-13 15:58:56.129','system_observer_tool_answer','ObserverToolAnswer','A new observation was reported by: Block5_USAR_Teams-ASIGN_Field_Observer','Info','{"trialId": 13, "sessionId": 220, "answerId": 1697, "timeSendUTC": 1568383134, "timeWhen": 1568379795000, "observationTypeName": "Block5_USAR_Teams-ASIGN_Field_Observer", "observervationTypeId": 1773, "observationTypeDescription": "Was ASIGN able to send geo-imagery?", "description": "", "multiplicity": true, "questions": [{"id": 2835, "name": "Was ASIGN able to send geo-imagery?", "description": "-", "answer": "Neutral", "comment": "It is not able to assess this from the field, it needs to be checked from the control. ", "typeOfQuestion": "radiobutton"}]}','null');
insert into aar_service.record (id, clientId, sessionId, createDate, trialDate, topic, recordType, headline, msgType, recordJson, recordData) values (2292,'TB-Ost','null','2019-09-13 15:58:56.263','2019-09-13 15:58:56.263','system_observer_tool_answer','ObserverToolAnswer','A new observation was reported by: Block5_USAR_Teams-ASIGN_Field_Observer','Info','{"trialId": 13, "sessionId": 220, "answerId": 1698, "timeSendUTC": 1568383134, "timeWhen": 1568381918000, "observationTypeName": "Block5_USAR_Teams-ASIGN_Field_Observer", "observervationTypeId": 1774, "observationTypeDescription": "The volunteers know what to do after receiving the alert.", "description": "", "multiplicity": true, "questions": [{"id": 2830, "name": "The volunteers know what to do after receiving the", "description": "-", "answer": "[Not applicable]", "comment": "This aspect was not tested", "typeOfQuestion": "checkbox"}]}','null');
insert into aar_service.record (id, clientId, sessionId, createDate, trialDate, topic, recordType, headline, msgType, recordJson, recordData) values (2293,'TB-Ost','null','2019-09-13 15:58:56.393','2019-09-13 15:58:56.393','system_observer_tool_answer','ObserverToolAnswer','A new observation was reported by: Block5_USAR_Teams-ASIGN_Field_Observer','Info','{"trialId": 13, "sessionId": 220, "answerId": 1699, "timeSendUTC": 1568383134, "timeWhen": 1568381945000, "observationTypeName": "Block5_USAR_Teams-ASIGN_Field_Observer", "observervationTypeId": 1775, "observationTypeDescription": "Volunteers communicated with the S3 since the information on the alert was not sufficient.", "description": "", "multiplicity": true, "questions": [{"id": 2829, "name": "Volunteers communicated with the S3 since the info", "description": "-", "answer": "[Not applicable]", "comment": "This aspect was not tested", "typeOfQuestion": "checkbox"}]}','null');
insert into aar_service.record (id, clientId, sessionId, createDate, trialDate, topic, recordType, headline, msgType, recordJson, recordData) values (2294,'TB-Ost','null','2019-09-13 15:58:57.591','2019-09-13 15:58:57.591','system_observer_tool_answer','ObserverToolAnswer','A new observation was reported by: Block5_USAR_Teams-ASIGN_Field_Observer','Info','{"trialId": 13, "sessionId": 220, "answerId": 1700, "timeSendUTC": 1568383135, "timeWhen": 1568375624000, "observationTypeName": "Block5_USAR_Teams-ASIGN_Field_Observer", "observervationTypeId": 1769, "observationTypeDescription": "How many years of professional experience do you have in crisis management? ", "description": "", "multiplicity": true, "questions": [{"id": 2834, "name": "How many years of professional experience do you h", "description": "-", "answer": "More than 15 years", "comment": "", "typeOfQuestion": "radiobutton"}]}','null');
insert into aar_service.record (id, clientId, sessionId, createDate, trialDate, topic, recordType, headline, msgType, recordJson, recordData) values (2295,'TB-Ost','null','2019-09-13 15:58:57.738','2019-09-13 15:58:57.738','system_observer_tool_answer','ObserverToolAnswer','A new observation was reported by: Block5_USAR_Teams-ASIGN_Field_Observer','Info','{"trialId": 13, "sessionId": 220, "answerId": 1701, "timeSendUTC": 1568383135, "timeWhen": 1568382492000, "observationTypeName": "Block5_USAR_Teams-ASIGN_Field_Observer", "observervationTypeId": 1776, "observationTypeDescription": "The information (photos)the volunteers are sending, is relevant according to the scenario.", "description": "", "multiplicity": true, "questions": [{"id": 2831, "name": "The information (photos)the volunteers are sending", "description": "-", "answer": "[Agree]", "comment": "However following the need to use another device the practitioner seemed unable to complete the tasks without the intrusive assistance of the supplier representative. I am not sure if this is s case of training required by the practitioner or the less than intuitive nature of the application, unable to make that assessment in the field. ", "typeOfQuestion": "checkbox"}]}','null');
insert into aar_service.record (id, clientId, sessionId, createDate, trialDate, topic, recordType, headline, msgType, recordJson, recordData) values (2296,'TB-Ost','null','2019-09-13 15:58:57.869','2019-09-13 15:58:57.869','system_observer_tool_answer','ObserverToolAnswer','A new observation was reported by: Block5_USAR_Teams-ASIGN_Field_Observer','Info','{"trialId": 13, "sessionId": 220, "answerId": 1702, "timeSendUTC": 1568383135, "timeWhen": 1568375736000, "observationTypeName": "Block5_USAR_Teams-ASIGN_Field_Observer", "observervationTypeId": 1770, "observationTypeDescription": "How much would you agree with the statement that you have experience and knowledge regarding situation assesment?", "description": "", "multiplicity": true, "questions": [{"id": 2833, "name": "How much would you agree with the statement that y", "description": "-", "answer": "Strongly agree", "comment": "", "typeOfQuestion": "radiobutton"}]}','null');
insert into aar_service.record (id, clientId, sessionId, createDate, trialDate, topic, recordType, headline, msgType, recordJson, recordData) values (2297,'TB-Ost','null','2019-09-13 15:58:58.01','2019-09-13 15:58:58.01','system_observer_tool_answer','ObserverToolAnswer','A new observation was reported by: Block5_USAR_Teams-ASIGN_Field_Observer','Info','{"trialId": 13, "sessionId": 220, "answerId": 1703, "timeSendUTC": 1568383135, "timeWhen": 1568375750000, "observationTypeName": "Block5_USAR_Teams-ASIGN_Field_Observer", "observervationTypeId": 1769, "observationTypeDescription": "How many years of professional experience do you have in crisis management? ", "description": "", "multiplicity": true, "questions": [{"id": 2834, "name": "How many years of professional experience do you h", "description": "-", "answer": "More than 15 years", "comment": "", "typeOfQuestion": "radiobutton"}]}','null');
insert into aar_service.record (id, clientId, sessionId, createDate, trialDate, topic, recordType, headline, msgType, recordJson, recordData) values (2298,'TB-Ost','null','2019-09-13 15:58:58.141','2019-09-13 15:58:58.141','system_observer_tool_answer','ObserverToolAnswer','A new observation was reported by: Block5_USAR_Teams-ASIGN_Field_Observer','Info','{"trialId": 13, "sessionId": 220, "answerId": 1704, "timeSendUTC": 1568383136, "timeWhen": 1568375635000, "observationTypeName": "Block5_USAR_Teams-ASIGN_Field_Observer", "observervationTypeId": 1769, "observationTypeDescription": "How many years of professional experience do you have in crisis management? ", "description": "", "multiplicity": true, "questions": [{"id": 2834, "name": "How many years of professional experience do you h", "description": "-", "answer": "More than 15 years", "comment": "", "typeOfQuestion": "radiobutton"}]}','null');
insert into aar_service.record (id, clientId, sessionId, createDate, trialDate, topic, recordType, headline, msgType, recordJson, recordData) values (2299,'TB-Ost','null','2019-09-13 15:58:58.269','2019-09-13 15:58:58.269','system_observer_tool_answer','ObserverToolAnswer','A new observation was reported by: Block5_USAR_Teams-ASIGN_Field_Observer','Info','{"trialId": 13, "sessionId": 220, "answerId": 1705, "timeSendUTC": 1568383136, "timeWhen": 1568375769000, "observationTypeName": "Block5_USAR_Teams-ASIGN_Field_Observer", "observervationTypeId": 1770, "observationTypeDescription": "How much would you agree with the statement that you have experience and knowledge regarding situation assesment?", "description": "", "multiplicity": true, "questions": [{"id": 2833, "name": "How much would you agree with the statement that y", "description": "-", "answer": "Strongly agree", "comment": "", "typeOfQuestion": "radiobutton"}]}','null');
insert into aar_service.record (id, clientId, sessionId, createDate, trialDate, topic, recordType, headline, msgType, recordJson, recordData) values (2300,'TB-Ost','null','2019-09-13 15:58:58.408','2019-09-13 15:58:58.408','system_observer_tool_answer','ObserverToolAnswer','A new observation was reported by: Block5_USAR_Teams-ASIGN_Field_Observer','Info','{"trialId": 13, "sessionId": 220, "answerId": 1706, "timeSendUTC": 1568383136, "timeWhen": 1568379252000, "observationTypeName": "Block5_USAR_Teams-ASIGN_Field_Observer", "observervationTypeId": 1771, "observationTypeDescription": "Was ASIGN able to establish a SATLINK?", "description": "", "multiplicity": true, "questions": [{"id": 2828, "name": "Was ASIGN able to establish a SATLINK?", "description": "-", "answer": "Agree", "comment": "It does but with some difficulties and they had to use another mobile", "typeOfQuestion": "radiobutton"}]}','null');
insert into aar_service.record (id, clientId, sessionId, createDate, trialDate, topic, recordType, headline, msgType, recordJson, recordData) values (2301,'TB-Ost','null','2019-09-13 15:58:58.538','2019-09-13 15:58:58.538','system_observer_tool_answer','ObserverToolAnswer','A new observation was reported by: Block5_USAR_Teams-ASIGN_Field_Observer','Info','{"trialId": 13, "sessionId": 220, "answerId": 1707, "timeSendUTC": 1568383136, "timeWhen": 1568379258000, "observationTypeName": "Block5_USAR_Teams-ASIGN_Field_Observer", "observervationTypeId": 1771, "observationTypeDescription": "Was ASIGN able to establish a SATLINK?", "description": "", "multiplicity": true, "questions": [{"id": 2828, "name": "Was ASIGN able to establish a SATLINK?", "description": "-", "answer": "Agree", "comment": "It does but with some difficulties and they had to use another mobile", "typeOfQuestion": "radiobutton"}]}','null');
insert into aar_service.record (id, clientId, sessionId, createDate, trialDate, topic, recordType, headline, msgType, recordJson, recordData) values (2302,'TB-Ost','null','2019-09-13 15:58:58.678','2019-09-13 15:58:58.678','system_observer_tool_answer','ObserverToolAnswer','A new observation was reported by: Block5_USAR_Teams-ASIGN_Field_Observer','Info','{"trialId": 13, "sessionId": 220, "answerId": 1708, "timeSendUTC": 1568383136, "timeWhen": 1568379254000, "observationTypeName": "Block5_USAR_Teams-ASIGN_Field_Observer", "observervationTypeId": 1771, "observationTypeDescription": "Was ASIGN able to establish a SATLINK?", "description": "", "multiplicity": true, "questions": [{"id": 2828, "name": "Was ASIGN able to establish a SATLINK?", "description": "-", "answer": "Agree", "comment": "It does but with some difficulties and they had to use another mobile", "typeOfQuestion": "radiobutton"}]}','null');
insert into aar_service.record (id, clientId, sessionId, createDate, trialDate, topic, recordType, headline, msgType, recordJson, recordData) values (2303,'TB-Ost','null','2019-09-13 15:58:58.812','2019-09-13 15:58:58.813','system_observer_tool_answer','ObserverToolAnswer','A new observation was reported by: Block5_USAR_Teams-ASIGN_Field_Observer','Info','{"trialId": 13, "sessionId": 220, "answerId": 1709, "timeSendUTC": 1568383136, "timeWhen": 1568379354000, "observationTypeName": "Block5_USAR_Teams-ASIGN_Field_Observer", "observervationTypeId": 1772, "observationTypeDescription": "Was ASSIGN able to send 360* video through a SATLINK?", "description": "", "multiplicity": true, "questions": [{"id": 2832, "name": "Was ASSIGN able to send 360* video through a SATLI", "description": "-", "answer": "Agree", "comment": "It did but with another mobile, not with the practitioner mobile", "typeOfQuestion": "radiobutton"}]}','null');
insert into aar_service.record (id, clientId, sessionId, createDate, trialDate, topic, recordType, headline, msgType, recordJson, recordData) values (2304,'TB-Ost','null','2019-09-13 15:58:58.949','2019-09-13 15:58:58.949','system_observer_tool_answer','ObserverToolAnswer','A new observation was reported by: Block5_USAR_Teams-ASIGN_Field_Observer','Info','{"trialId": 13, "sessionId": 220, "answerId": 1710, "timeSendUTC": 1568383136, "timeWhen": 1568379349000, "observationTypeName": "Block5_USAR_Teams-ASIGN_Field_Observer", "observervationTypeId": 1772, "observationTypeDescription": "Was ASSIGN able to send 360* video through a SATLINK?", "description": "", "multiplicity": true, "questions": [{"id": 2832, "name": "Was ASSIGN able to send 360* video through a SATLI", "description": "-", "answer": "Agree", "comment": "It did but with another mobile, not with the practitioner mobile", "typeOfQuestion": "radiobutton"}]}','null');
insert into aar_service.record (id, clientId, sessionId, createDate, trialDate, topic, recordType, headline, msgType, recordJson, recordData) values (2306,'TB-Ost','null','2019-09-13 15:58:59.209','2019-09-13 15:58:59.209','system_observer_tool_answer','ObserverToolAnswer','A new observation was reported by: Block5_USAR_Teams-ASIGN_Field_Observer','Info','{"trialId": 13, "sessionId": 220, "answerId": 1712, "timeSendUTC": 1568383136, "timeWhen": 1568382217000, "observationTypeName": "Block5_USAR_Teams-ASIGN_Field_Observer", "observervationTypeId": 1774, "observationTypeDescription": "The volunteers know what to do after receiving the alert.", "description": "", "multiplicity": true, "questions": [{"id": 2830, "name": "The volunteers know what to do after receiving the", "description": "-", "answer": "[Not applicable]", "comment": "", "typeOfQuestion": "checkbox"}]}','null');
insert into aar_service.record (id, clientId, sessionId, createDate, trialDate, topic, recordType, headline, msgType, recordJson, recordData) values (2307,'TB-Ost','null','2019-09-13 15:58:59.345','2019-09-13 15:58:59.345','system_observer_tool_answer','ObserverToolAnswer','A new observation was reported by: Block5_USAR_Teams-ASIGN_Field_Observer','Info','{"trialId": 13, "sessionId": 220, "answerId": 1713, "timeSendUTC": 1568383136, "timeWhen": 1568382236000, "observationTypeName": "Block5_USAR_Teams-ASIGN_Field_Observer", "observervationTypeId": 1775, "observationTypeDescription": "Volunteers communicated with the S3 since the information on the alert was not sufficient.", "description": "", "multiplicity": true, "questions": [{"id": 2829, "name": "Volunteers communicated with the S3 since the info", "description": "-", "answer": "[Not applicable]", "comment": "", "typeOfQuestion": "checkbox"}]}','null');
insert into aar_service.record (id, clientId, sessionId, createDate, trialDate, topic, recordType, headline, msgType, recordJson, recordData) values (2308,'TB-Ost','null','2019-09-13 15:58:59.475','2019-09-13 15:58:59.475','system_observer_tool_answer','ObserverToolAnswer','A new observation was reported by: Block5_USAR_Teams-ASIGN_Field_Observer','Info','{"trialId": 13, "sessionId": 220, "answerId": 1714, "timeSendUTC": 1568383136, "timeWhen": 1568382242000, "observationTypeName": "Block5_USAR_Teams-ASIGN_Field_Observer", "observervationTypeId": 1775, "observationTypeDescription": "Volunteers communicated with the S3 since the information on the alert was not sufficient.", "description": "", "multiplicity": true, "questions": [{"id": 2829, "name": "Volunteers communicated with the S3 since the info", "description": "-", "answer": "[Not applicable]", "comment": "", "typeOfQuestion": "checkbox"}]}','null');
insert into aar_service.record (id, clientId, sessionId, createDate, trialDate, topic, recordType, headline, msgType, recordJson, recordData) values (2309,'TB-Ost','null','2019-09-13 15:58:59.605','2019-09-13 15:58:59.605','system_observer_tool_answer','ObserverToolAnswer','A new observation was reported by: Block5_USAR_Teams-ASIGN_Field_Observer','Info','{"trialId": 13, "sessionId": 220, "answerId": 1716, "timeSendUTC": 1568383136, "timeWhen": 1568382290000, "observationTypeName": "Block5_USAR_Teams-ASIGN_Field_Observer", "observervationTypeId": 1776, "observationTypeDescription": "The information (photos)the volunteers are sending, is relevant according to the scenario.", "description": "", "multiplicity": true, "questions": [{"id": 2831, "name": "The information (photos)the volunteers are sending", "description": "-", "answer": "[Not applicable]", "comment": "", "typeOfQuestion": "checkbox"}]}','null');
insert into aar_service.record (id, clientId, sessionId, createDate, trialDate, topic, recordType, headline, msgType, recordJson, recordData) values (2310,'TB-Ost','null','2019-09-13 15:58:59.731','2019-09-13 15:58:59.731','system_observer_tool_answer','ObserverToolAnswer','A new observation was reported by: Block5_USAR_Teams-ASIGN_Field_Observer','Info','{"trialId": 13, "sessionId": 220, "answerId": 1715, "timeSendUTC": 1568383136, "timeWhen": 1568382292000, "observationTypeName": "Block5_USAR_Teams-ASIGN_Field_Observer", "observervationTypeId": 1776, "observationTypeDescription": "The information (photos)the volunteers are sending, is relevant according to the scenario.", "description": "", "multiplicity": true, "questions": [{"id": 2831, "name": "The information (photos)the volunteers are sending", "description": "-", "answer": "[Not applicable]", "comment": "", "typeOfQuestion": "checkbox"}]}','null');
insert into aar_service.record (id, clientId, sessionId, createDate, trialDate, topic, recordType, headline, msgType, recordJson, recordData) values (2311,'TB-Ost','null','2019-09-13 15:58:59.86','2019-09-13 15:58:59.86','system_observer_tool_answer','ObserverToolAnswer','A new observation was reported by: Block5_USAR_Teams-ASIGN_Field_Observer','Info','{"trialId": 13, "sessionId": 220, "answerId": 1717, "timeSendUTC": 1568383136, "timeWhen": 1568382416000, "observationTypeName": "Block5_USAR_Teams-ASIGN_Field_Observer", "observervationTypeId": 1776, "observationTypeDescription": "The information (photos)the volunteers are sending, is relevant according to the scenario.", "description": "", "multiplicity": true, "questions": [{"id": 2831, "name": "The information (photos)the volunteers are sending", "description": "-", "answer": "[Not applicable]", "comment": "", "typeOfQuestion": "checkbox"}]}','null');
insert into aar_service.record (id, clientId, sessionId, createDate, trialDate, topic, recordType, headline, msgType, recordJson, recordData) values (2312,'TB-Ost','null','2019-09-13 15:58:59.997','2019-09-13 15:58:59.997','system_observer_tool_answer','ObserverToolAnswer','A new observation was reported by: Block5_USAR_Teams-ASIGN_Field_Observer','Info','{"trialId": 13, "sessionId": 220, "answerId": 1718, "timeSendUTC": 1568383136, "timeWhen": 1568382406000, "observationTypeName": "Block5_USAR_Teams-ASIGN_Field_Observer", "observervationTypeId": 1776, "observationTypeDescription": "The information (photos)the volunteers are sending, is relevant according to the scenario.", "description": "", "multiplicity": true, "questions": [{"id": 2831, "name": "The information (photos)the volunteers are sending", "description": "-", "answer": "[Not applicable]", "comment": "", "typeOfQuestion": "checkbox"}]}','null');
insert into aar_service.record (id, clientId, sessionId, createDate, trialDate, topic, recordType, headline, msgType, recordJson, recordData) values (2313,'asign_photo','null','2019-09-13 16:02:12.489','2019-09-13 16:02:12.489','photo_geojson','FeatureCollection','USAR Mission','Info','{"type": "FeatureCollection", "bbox": null, "features": [{"type": "Feature", "bbox": null, "geometry": {"type": "Point", "coordinates": [14.858315, 47.560646]}, "properties": {"id": 27476, "priority": 1, "viewed": false, "signature": "f259baae1fb78f00a10c465f514a7ce0", "instant": "2019-09-13 14:01:38", "created": "2019-09-13 14:01:58", "updated": "2019-09-13 14:02:03.838949", "caption": "Voice capsen Twentyfive Two witches Gehring 1 to", "interpretation": null, "meta": {"Source": {"filename": "original.jpg", "camera_make": "Apple", "width": 4032, "size": 7664250, "height": 3024, "direction": 201.0, "camera_model": "iPhone X", "field_of_view": null}}, "version": null, "application_id": "6ff1f0c0-fbe4-4bd4-bd52-06083b37e6b9", "seen": null, "started": null, "stopped": null, "location_latitude": 47.560646, "location_longitude": 14.858315, "location_time": "2019-09-13 14:01:37", "location_accuracy": 32.0, "location_altitude": 677.412292, "location_provider": null, "location_speed": null, "location_meta": null, "mission_id": 256, "mission_name": "USAR Mission", "thumbnail_hash": "073a6965ad1420ab92423f3ce7dcd8a3", "preview_hash": "4446f21b3566f28f76bbbe0396613373", "category_id": null, "category_name": null, "application_device_type": 3, "application_last_login": "2019-09-13 14:01:34.106337", "application_phone": null, "application_last_rate": null, "application_updated": "2019-09-13 14:01:34.106337", "application_created": "2019-09-11 09:22:07.448009", "application_application_type": 4, "application_connection_type": 1, "application_connection_state": 1, "user_name": "driver14", "user_id": 813, "user_username": "driver14", "user_color": "E51717", "user_connection_type": 0, "user_last_login": null, "user_last_rate": null, "observation_url": "https://thor.ansur.no/signs/processing/27476", "observation_type": "photo", "preview_url": "https://thor.ansur.no/display/file/4446f21b3566f28f76bbbe0396613373/driver14/f259baae1fb78f00a10c465f514a7ce0/preview.jpg", "preview_with_overlay_url": "https://thor.ansur.no/display/displayWithOverlays/4446f21b3566f28f76bbbe0396613373/driver14/f259baae1fb78f00a10c465f514a7ce0/preview.jpg", "thumbnail_url": "https://thor.ansur.no/display/file/073a6965ad1420ab92423f3ce7dcd8a3/driver14/f259baae1fb78f00a10c465f514a7ce0/thumb.jpg", "files": [{"id": 83310, "file_type": 1, "size": 7664250, "state": 0, "created": "2019-09-13 14:01:58", "request_until": null, "meta": null, "hash": "f259baae1fb78f00a10c465f514a7ce0", "url": null}, {"id": 83311, "file_type": 0, "size": 45575, "state": 3, "created": "2019-09-13 14:01:58", "request_until": "2019-10-13 14:01:58", "meta": null, "hash": "4446f21b3566f28f76bbbe0396613373", "url": "https://thor.ansur.no/display/media/83311/driver14/f259baae1fb78f00a10c465f514a7ce0/preview.jpg"}, {"id": 83312, "file_type": 3, "size": 17315, "state": 3, "created": "2019-09-13 14:02:02", "request_until": null, "meta": "", "hash": "073a6965ad1420ab92423f3ce7dcd8a3", "url": "https://thor.ansur.no/display/media/83312/driver14/f259baae1fb78f00a10c465f514a7ce0/thumb.jpg"}, {"id": 83313, "file_type": 11, "size": 20880, "state": 3, "created": "2019-09-13 14:02:03", "request_until": null, "meta": null, "hash": "613e530215e02a5b5cdf09b6f8fa6d69", "url": "https://thor.ansur.no/display/media/83313/driver14/f259baae1fb78f00a10c465f514a7ce0/audio_caption_1568383323.8367.m4a"}]}}]}','null');
insert into aar_service.file (id, name, mimeType, url, record_id) values (430,'record/attachements/f259baae1fb78f00a10c465f514a7ce0/preview.jpg','null','https://thor.ansur.no/display/media/83311/driver14/f259baae1fb78f00a10c465f514a7ce0/preview.jpg',2313);
insert into aar_service.file (id, name, mimeType, url, record_id) values (431,'record/attachements/f259baae1fb78f00a10c465f514a7ce0/thumb.jpg','null','https://thor.ansur.no/display/media/83312/driver14/f259baae1fb78f00a10c465f514a7ce0/thumb.jpg',2313);
insert into aar_service.file (id, name, mimeType, url, record_id) values (432,'record/attachements/f259baae1fb78f00a10c465f514a7ce0/audio_caption_1568383323.8367.m4a','null','https://thor.ansur.no/display/media/83313/driver14/f259baae1fb78f00a10c465f514a7ce0/audio_caption_1568383323.8367.m4a',2313);
insert into aar_service.record (id, clientId, sessionId, createDate, trialDate, topic, recordType, headline, msgType, recordJson, recordData) values (2320,'TB-Ost','null','2019-09-13 16:03:28.863','2019-09-13 16:03:28.863','system_observer_tool_answer','ObserverToolAnswer','A new observation was reported by: Block4_Chemical_Spill-PFA_Field_Observer','Info','{"trialId": 13, "sessionId": 217, "answerId": 1722, "timeSendUTC": 1568383406, "timeWhen": 1568364046000, "observationTypeName": "Block4_Chemical_Spill-PFA_Field_Observer", "observervationTypeId": 1694, "observationTypeDescription": "Participants were applying knowledge of psychological first aid training.", "description": "", "multiplicity": true, "questions": [{"id": 3107, "name": "Participants were applying knowledge of psychologi", "description": "-", "answer": "[Agree]", "comment": "The volunteers apply very easily the main principles of PFA - approaching and introducing themselves after being introduced to their surroundings and they were set into their tasks. Asking curious questions. Being non judgemental. Staying calm. ", "typeOfQuestion": "checkbox"}]}','null');
insert into aar_service.record (id, clientId, sessionId, createDate, trialDate, topic, recordType, headline, msgType, recordJson, recordData) values (2314,'asign_photo','null','2019-09-13 16:02:17.551','2019-09-13 16:02:17.551','photo_geojson','FeatureCollection','USAR Mission','Info','{"type": "FeatureCollection", "bbox": null, "features": [{"type": "Feature", "bbox": null, "geometry": {"type": "Point", "coordinates": [14.858315, 47.560646]}, "properties": {"id": 27476, "priority": 1, "viewed": true, "signature": "f259baae1fb78f00a10c465f514a7ce0", "instant": "2019-09-13 14:01:38", "created": "2019-09-13 14:01:58", "updated": "2019-09-13 14:02:13.31574", "caption": "Voice capsen Twentyfive Two witches Gehring 1 to", "interpretation": null, "meta": {"Source": {"filename": "original.jpg", "camera_make": "Apple", "width": 4032, "size": 7664250, "height": 3024, "direction": 201.0, "camera_model": "iPhone X", "field_of_view": null}}, "version": null, "application_id": "6ff1f0c0-fbe4-4bd4-bd52-06083b37e6b9", "seen": "2019-09-13 14:02:13", "started": null, "stopped": null, "location_latitude": 47.560646, "location_longitude": 14.858315, "location_time": "2019-09-13 14:01:37", "location_accuracy": 32.0, "location_altitude": 677.412292, "location_provider": null, "location_speed": null, "location_meta": null, "mission_id": 256, "mission_name": "USAR Mission", "thumbnail_hash": "073a6965ad1420ab92423f3ce7dcd8a3", "preview_hash": "4446f21b3566f28f76bbbe0396613373", "category_id": null, "category_name": null, "application_device_type": 3, "application_last_login": "2019-09-13 14:01:34.106337", "application_phone": null, "application_last_rate": null, "application_updated": "2019-09-13 14:01:34.106337", "application_created": "2019-09-11 09:22:07.448009", "application_application_type": 4, "application_connection_type": 1, "application_connection_state": 1, "user_name": "driver14", "user_id": 813, "user_username": "driver14", "user_color": "E51717", "user_connection_type": 0, "user_last_login": null, "user_last_rate": null, "observation_url": "https://thor.ansur.no/signs/processing/27476", "observation_type": "photo", "preview_url": "https://thor.ansur.no/display/file/4446f21b3566f28f76bbbe0396613373/driver14/f259baae1fb78f00a10c465f514a7ce0/preview.jpg", "preview_with_overlay_url": "https://thor.ansur.no/display/displayWithOverlays/4446f21b3566f28f76bbbe0396613373/driver14/f259baae1fb78f00a10c465f514a7ce0/preview.jpg", "thumbnail_url": "https://thor.ansur.no/display/file/073a6965ad1420ab92423f3ce7dcd8a3/driver14/f259baae1fb78f00a10c465f514a7ce0/thumb.jpg", "files": [{"id": 83310, "file_type": 1, "size": 7664250, "state": 0, "created": "2019-09-13 14:01:58", "request_until": null, "meta": null, "hash": "f259baae1fb78f00a10c465f514a7ce0", "url": null}, {"id": 83311, "file_type": 0, "size": 45575, "state": 3, "created": "2019-09-13 14:01:58", "request_until": "2019-10-13 14:01:58", "meta": null, "hash": "4446f21b3566f28f76bbbe0396613373", "url": "https://thor.ansur.no/display/media/83311/driver14/f259baae1fb78f00a10c465f514a7ce0/preview.jpg"}, {"id": 83312, "file_type": 3, "size": 17315, "state": 3, "created": "2019-09-13 14:02:02", "request_until": null, "meta": "", "hash": "073a6965ad1420ab92423f3ce7dcd8a3", "url": "https://thor.ansur.no/display/media/83312/driver14/f259baae1fb78f00a10c465f514a7ce0/thumb.jpg"}, {"id": 83313, "file_type": 11, "size": 20880, "state": 3, "created": "2019-09-13 14:02:03", "request_until": null, "meta": null, "hash": "613e530215e02a5b5cdf09b6f8fa6d69", "url": "https://thor.ansur.no/display/media/83313/driver14/f259baae1fb78f00a10c465f514a7ce0/audio_caption_1568383323.8367.m4a"}]}}]}','null');
insert into aar_service.file (id, name, mimeType, url, record_id) values (433,'record/attachements/f259baae1fb78f00a10c465f514a7ce0/preview.jpg','null','https://thor.ansur.no/display/media/83311/driver14/f259baae1fb78f00a10c465f514a7ce0/preview.jpg',2314);
insert into aar_service.file (id, name, mimeType, url, record_id) values (434,'record/attachements/f259baae1fb78f00a10c465f514a7ce0/thumb.jpg','null','https://thor.ansur.no/display/media/83312/driver14/f259baae1fb78f00a10c465f514a7ce0/thumb.jpg',2314);
insert into aar_service.file (id, name, mimeType, url, record_id) values (435,'record/attachements/f259baae1fb78f00a10c465f514a7ce0/audio_caption_1568383323.8367.m4a','null','https://thor.ansur.no/display/media/83313/driver14/f259baae1fb78f00a10c465f514a7ce0/audio_caption_1568383323.8367.m4a',2314);
insert into aar_service.record (id, clientId, sessionId, createDate, trialDate, topic, recordType, headline, msgType, recordJson, recordData) values (2315,'asign_photo','null','2019-09-13 16:02:27.613','2019-09-13 16:02:27.613','photo_geojson','FeatureCollection','USAR Mission','Info','{"type": "FeatureCollection", "bbox": null, "features": [{"type": "Feature", "bbox": null, "geometry": {"type": "Point", "coordinates": [14.858315, 47.560646]}, "properties": {"id": 27476, "priority": 1, "viewed": true, "signature": "f259baae1fb78f00a10c465f514a7ce0", "instant": "2019-09-13 14:01:38", "created": "2019-09-13 14:01:58", "updated": "2019-09-13 14:02:25.674333", "caption": "Voice capsen Twentyfive Two witches Gehring 1 to", "interpretation": null, "meta": {"Source": {"filename": "original.jpg", "camera_make": "Apple", "width": 4032, "size": 7664250, "height": 3024, "direction": 201.0, "camera_model": "iPhone X", "field_of_view": null}}, "version": null, "application_id": "6ff1f0c0-fbe4-4bd4-bd52-06083b37e6b9", "seen": "2019-09-13 14:02:13", "started": null, "stopped": null, "location_latitude": 47.560646, "location_longitude": 14.858315, "location_time": "2019-09-13 14:01:37", "location_accuracy": 32.0, "location_altitude": 677.412292, "location_provider": null, "location_speed": null, "location_meta": null, "mission_id": 256, "mission_name": "USAR Mission", "thumbnail_hash": "073a6965ad1420ab92423f3ce7dcd8a3", "preview_hash": "4446f21b3566f28f76bbbe0396613373", "category_id": null, "category_name": null, "application_device_type": 3, "application_last_login": "2019-09-13 14:01:34.106337", "application_phone": null, "application_last_rate": null, "application_updated": "2019-09-13 14:01:34.106337", "application_created": "2019-09-11 09:22:07.448009", "application_application_type": 4, "application_connection_type": 1, "application_connection_state": 1, "user_name": "driver14", "user_id": 813, "user_username": "driver14", "user_color": "E51717", "user_connection_type": 0, "user_last_login": null, "user_last_rate": null, "observation_url": "https://thor.ansur.no/signs/processing/27476", "observation_type": "photo", "preview_url": "https://thor.ansur.no/display/file/4446f21b3566f28f76bbbe0396613373/driver14/f259baae1fb78f00a10c465f514a7ce0/preview.jpg", "preview_with_overlay_url": "https://thor.ansur.no/display/displayWithOverlays/4446f21b3566f28f76bbbe0396613373/driver14/f259baae1fb78f00a10c465f514a7ce0/preview.jpg", "thumbnail_url": "https://thor.ansur.no/display/file/073a6965ad1420ab92423f3ce7dcd8a3/driver14/f259baae1fb78f00a10c465f514a7ce0/thumb.jpg", "files": [{"id": 83310, "file_type": 1, "size": 7664250, "state": 0, "created": "2019-09-13 14:01:58", "request_until": null, "meta": null, "hash": "f259baae1fb78f00a10c465f514a7ce0", "url": null}, {"id": 83311, "file_type": 0, "size": 45575, "state": 3, "created": "2019-09-13 14:01:58", "request_until": "2019-10-13 14:01:58", "meta": null, "hash": "4446f21b3566f28f76bbbe0396613373", "url": "https://thor.ansur.no/display/media/83311/driver14/f259baae1fb78f00a10c465f514a7ce0/preview.jpg"}, {"id": 83312, "file_type": 3, "size": 17315, "state": 3, "created": "2019-09-13 14:02:02", "request_until": null, "meta": "", "hash": "073a6965ad1420ab92423f3ce7dcd8a3", "url": "https://thor.ansur.no/display/media/83312/driver14/f259baae1fb78f00a10c465f514a7ce0/thumb.jpg"}, {"id": 83313, "file_type": 11, "size": 20880, "state": 3, "created": "2019-09-13 14:02:03", "request_until": null, "meta": null, "hash": "613e530215e02a5b5cdf09b6f8fa6d69", "url": "https://thor.ansur.no/display/media/83313/driver14/f259baae1fb78f00a10c465f514a7ce0/audio_caption_1568383323.8367.m4a"}, {"id": 83314, "file_type": 2, "size": null, "state": 1, "created": "2019-09-13 14:02:24", "request_until": "2019-10-13 14:02:24", "meta": {"Region": {"x": 2050, "y": 1193, "width": 425, "height": 425, "scale": 1.0, "quality": 90}}, "hash": null, "url": null}]}}]}','null');
insert into aar_service.file (id, name, mimeType, url, record_id) values (436,'record/attachements/f259baae1fb78f00a10c465f514a7ce0/preview.jpg','null','https://thor.ansur.no/display/media/83311/driver14/f259baae1fb78f00a10c465f514a7ce0/preview.jpg',2315);
insert into aar_service.file (id, name, mimeType, url, record_id) values (437,'record/attachements/f259baae1fb78f00a10c465f514a7ce0/thumb.jpg','null','https://thor.ansur.no/display/media/83312/driver14/f259baae1fb78f00a10c465f514a7ce0/thumb.jpg',2315);
insert into aar_service.file (id, name, mimeType, url, record_id) values (438,'record/attachements/f259baae1fb78f00a10c465f514a7ce0/audio_caption_1568383323.8367.m4a','null','https://thor.ansur.no/display/media/83313/driver14/f259baae1fb78f00a10c465f514a7ce0/audio_caption_1568383323.8367.m4a',2315);
insert into aar_service.record (id, clientId, sessionId, createDate, trialDate, topic, recordType, headline, msgType, recordJson, recordData) values (2316,'asign_photo','null','2019-09-13 16:02:37.675','2019-09-13 16:02:37.675','photo_geojson','FeatureCollection','USAR Mission','Info','{"type": "FeatureCollection", "bbox": null, "features": [{"type": "Feature", "bbox": null, "geometry": {"type": "Point", "coordinates": [14.858315, 47.560646]}, "properties": {"id": 27476, "priority": 1, "viewed": true, "signature": "f259baae1fb78f00a10c465f514a7ce0", "instant": "2019-09-13 14:01:38", "created": "2019-09-13 14:01:58", "updated": "2019-09-13 14:02:26.64547", "caption": "Voice capsen Twentyfive Two witches Gehring 1 to", "interpretation": null, "meta": {"Source": {"filename": "original.jpg", "camera_make": "Apple", "width": 4032, "size": 7664250, "height": 3024, "direction": 201.0, "camera_model": "iPhone X", "field_of_view": null}}, "version": null, "application_id": "6ff1f0c0-fbe4-4bd4-bd52-06083b37e6b9", "seen": "2019-09-13 14:02:13", "started": null, "stopped": null, "location_latitude": 47.560646, "location_longitude": 14.858315, "location_time": "2019-09-13 14:01:37", "location_accuracy": 32.0, "location_altitude": 677.412292, "location_provider": null, "location_speed": null, "location_meta": null, "mission_id": 256, "mission_name": "USAR Mission", "thumbnail_hash": "073a6965ad1420ab92423f3ce7dcd8a3", "preview_hash": "4446f21b3566f28f76bbbe0396613373", "category_id": null, "category_name": null, "application_device_type": 3, "application_last_login": "2019-09-13 14:01:34.106337", "application_phone": null, "application_last_rate": null, "application_updated": "2019-09-13 14:01:34.106337", "application_created": "2019-09-11 09:22:07.448009", "application_application_type": 4, "application_connection_type": 1, "application_connection_state": 1, "user_name": "driver14", "user_id": 813, "user_username": "driver14", "user_color": "E51717", "user_connection_type": 0, "user_last_login": null, "user_last_rate": null, "observation_url": "https://thor.ansur.no/signs/processing/27476", "observation_type": "photo", "preview_url": "https://thor.ansur.no/display/file/4446f21b3566f28f76bbbe0396613373/driver14/f259baae1fb78f00a10c465f514a7ce0/preview.jpg", "preview_with_overlay_url": "https://thor.ansur.no/display/displayWithOverlays/4446f21b3566f28f76bbbe0396613373/driver14/f259baae1fb78f00a10c465f514a7ce0/preview.jpg", "thumbnail_url": "https://thor.ansur.no/display/file/073a6965ad1420ab92423f3ce7dcd8a3/driver14/f259baae1fb78f00a10c465f514a7ce0/thumb.jpg", "files": [{"id": 83310, "file_type": 1, "size": 7664250, "state": 0, "created": "2019-09-13 14:01:58", "request_until": null, "meta": null, "hash": "f259baae1fb78f00a10c465f514a7ce0", "url": null}, {"id": 83311, "file_type": 0, "size": 45575, "state": 3, "created": "2019-09-13 14:01:58", "request_until": "2019-10-13 14:01:58", "meta": null, "hash": "4446f21b3566f28f76bbbe0396613373", "url": "https://thor.ansur.no/display/media/83311/driver14/f259baae1fb78f00a10c465f514a7ce0/preview.jpg"}, {"id": 83312, "file_type": 3, "size": 17315, "state": 3, "created": "2019-09-13 14:02:02", "request_until": null, "meta": "", "hash": "073a6965ad1420ab92423f3ce7dcd8a3", "url": "https://thor.ansur.no/display/media/83312/driver14/f259baae1fb78f00a10c465f514a7ce0/thumb.jpg"}, {"id": 83313, "file_type": 11, "size": 20880, "state": 3, "created": "2019-09-13 14:02:03", "request_until": null, "meta": null, "hash": "613e530215e02a5b5cdf09b6f8fa6d69", "url": "https://thor.ansur.no/display/media/83313/driver14/f259baae1fb78f00a10c465f514a7ce0/audio_caption_1568383323.8367.m4a"}, {"id": 83314, "file_type": 2, "size": 71479, "state": 3, "created": "2019-09-13 14:02:24", "request_until": "2019-10-13 14:02:24", "meta": {"Region": {"x": 2050, "y": 1193, "width": 425, "height": 425, "scale": 1.0, "quality": 90}}, "hash": "7aadf560298f961f8ab391ad4c9bd75b", "url": "https://thor.ansur.no/display/media/83314/driver14/f259baae1fb78f00a10c465f514a7ce0/roi_1249889058.jpg"}]}}]}','null');
insert into aar_service.file (id, name, mimeType, url, record_id) values (439,'record/attachements/f259baae1fb78f00a10c465f514a7ce0/preview.jpg','null','https://thor.ansur.no/display/media/83311/driver14/f259baae1fb78f00a10c465f514a7ce0/preview.jpg',2316);
insert into aar_service.file (id, name, mimeType, url, record_id) values (440,'record/attachements/f259baae1fb78f00a10c465f514a7ce0/thumb.jpg','null','https://thor.ansur.no/display/media/83312/driver14/f259baae1fb78f00a10c465f514a7ce0/thumb.jpg',2316);
insert into aar_service.file (id, name, mimeType, url, record_id) values (441,'record/attachements/f259baae1fb78f00a10c465f514a7ce0/audio_caption_1568383323.8367.m4a','null','https://thor.ansur.no/display/media/83313/driver14/f259baae1fb78f00a10c465f514a7ce0/audio_caption_1568383323.8367.m4a',2316);
insert into aar_service.file (id, name, mimeType, url, record_id) values (442,'record/attachements/f259baae1fb78f00a10c465f514a7ce0/roi_1249889058.jpg','null','https://thor.ansur.no/display/media/83314/driver14/f259baae1fb78f00a10c465f514a7ce0/roi_1249889058.jpg',2316);
insert into aar_service.record (id, clientId, sessionId, createDate, trialDate, topic, recordType, headline, msgType, recordJson, recordData) values (2317,'TB-Ost','null','2019-09-13 16:03:28.457','2019-09-13 16:03:28.457','system_observer_tool_answer','ObserverToolAnswer','A new observation was reported by: Block4_Chemical_Spill-PFA_Field_Observer','Info','{"trialId": 13, "sessionId": 217, "answerId": 1719, "timeSendUTC": 1568383406, "timeWhen": 1568364041000, "observationTypeName": "Block4_Chemical_Spill-PFA_Field_Observer", "observervationTypeId": 1694, "observationTypeDescription": "Participants were applying knowledge of psychological first aid training.", "description": "", "multiplicity": true, "questions": [{"id": 3107, "name": "Participants were applying knowledge of psychologi", "description": "-", "answer": "[Agree]", "comment": "The volunteers apply very easily the main principles of PFA - approaching and introducing themselves after being introduced to their surroundings and they were set into their tasks. Asking curious questions. Being non judgemental. Staying calm. ", "typeOfQuestion": "checkbox"}]}','null');
insert into aar_service.record (id, clientId, sessionId, createDate, trialDate, topic, recordType, headline, msgType, recordJson, recordData) values (2318,'TB-Ost','null','2019-09-13 16:03:28.604','2019-09-13 16:03:28.604','system_observer_tool_answer','ObserverToolAnswer','A new observation was reported by: Block4_Chemical_Spill-PFA_Field_Observer','Info','{"trialId": 13, "sessionId": 217, "answerId": 1720, "timeSendUTC": 1568383406, "timeWhen": 1568364527000, "observationTypeName": "Block4_Chemical_Spill-PFA_Field_Observer", "observervationTypeId": 1695, "observationTypeDescription": "Participants were able to recognise people in distress who may need support.", "description": "", "multiplicity": true, "questions": [{"id": 3108, "name": "Participants were able to recognise people in dist", "description": "-", "answer": "[Agree]", "comment": "", "typeOfQuestion": "checkbox"}]}','null');
insert into aar_service.record (id, clientId, sessionId, createDate, trialDate, topic, recordType, headline, msgType, recordJson, recordData) values (2319,'TB-Ost','null','2019-09-13 16:03:28.734','2019-09-13 16:03:28.734','system_observer_tool_answer','ObserverToolAnswer','A new observation was reported by: Block4_Chemical_Spill-PFA_Field_Observer','Info','{"trialId": 13, "sessionId": 217, "answerId": 1721, "timeSendUTC": 1568383406, "timeWhen": 1568364466000, "observationTypeName": "Block4_Chemical_Spill-PFA_Field_Observer", "observervationTypeId": 1694, "observationTypeDescription": "Participants were applying knowledge of psychological first aid training.", "description": "", "multiplicity": true, "questions": [{"id": 3107, "name": "Participants were applying knowledge of psychologi", "description": "-", "answer": "[Agree]", "comment": "The volunteers apply very easily the main principles of PFA - approaching and introducing themselves after being introduced to their surroundings and they were set into their tasks. Asking curious questions. Being non judgemental. Staying calm. ", "typeOfQuestion": "checkbox"}]}','null');
insert into aar_service.record (id, clientId, sessionId, createDate, trialDate, topic, recordType, headline, msgType, recordJson, recordData) values (2321,'TB-Ost','null','2019-09-13 16:03:29.001','2019-09-13 16:03:29.001','system_observer_tool_answer','ObserverToolAnswer','A new observation was reported by: Block4_Chemical_Spill-PFA_Field_Observer','Info','{"trialId": 13, "sessionId": 217, "answerId": 1723, "timeSendUTC": 1568383406, "timeWhen": 1568364533000, "observationTypeName": "Block4_Chemical_Spill-PFA_Field_Observer", "observervationTypeId": 1695, "observationTypeDescription": "Participants were able to recognise people in distress who may need support.", "description": "", "multiplicity": true, "questions": [{"id": 3108, "name": "Participants were able to recognise people in dist", "description": "-", "answer": "[Agree]", "comment": "", "typeOfQuestion": "checkbox"}]}','null');
insert into aar_service.record (id, clientId, sessionId, createDate, trialDate, topic, recordType, headline, msgType, recordJson, recordData) values (2322,'TB-Ost','null','2019-09-13 16:03:29.14','2019-09-13 16:03:29.14','system_observer_tool_answer','ObserverToolAnswer','A new observation was reported by: Block4_Chemical_Spill-PFA_Field_Observer','Info','{"trialId": 13, "sessionId": 217, "answerId": 1724, "timeSendUTC": 1568383406, "timeWhen": 1568365054000, "observationTypeName": "Block4_Chemical_Spill-PFA_Field_Observer", "observervationTypeId": 1695, "observationTypeDescription": "Participants were able to recognise people in distress who may need support.", "description": "", "multiplicity": true, "questions": [{"id": 3108, "name": "Participants were able to recognise people in dist", "description": "-", "answer": "[Agree]", "comment": "They even manage to prioritize the people in distress and reflect well about the person''s reactions.", "typeOfQuestion": "checkbox"}]}','null');
insert into aar_service.record (id, clientId, sessionId, createDate, trialDate, topic, recordType, headline, msgType, recordJson, recordData) values (2323,'TB-Ost','null','2019-09-13 16:03:29.277','2019-09-13 16:03:29.277','system_observer_tool_answer','ObserverToolAnswer','A new observation was reported by: Block4_Chemical_Spill-PFA_Field_Observer','Info','{"trialId": 13, "sessionId": 217, "answerId": 1725, "timeSendUTC": 1568383406, "timeWhen": 1568365042000, "observationTypeName": "Block4_Chemical_Spill-PFA_Field_Observer", "observervationTypeId": 1695, "observationTypeDescription": "Participants were able to recognise people in distress who may need support.", "description": "", "multiplicity": true, "questions": [{"id": 3108, "name": "Participants were able to recognise people in dist", "description": "-", "answer": "[Agree]", "comment": "They even manage to prioritize the people in distress and reflect well about the person''s reactions.", "typeOfQuestion": "checkbox"}]}','null');
insert into aar_service.record (id, clientId, sessionId, createDate, trialDate, topic, recordType, headline, msgType, recordJson, recordData) values (2324,'TB-Ost','null','2019-09-13 16:03:29.416','2019-09-13 16:03:29.416','system_observer_tool_answer','ObserverToolAnswer','A new observation was reported by: Block4_Chemical_Spill-PFA_Field_Observer','Info','{"trialId": 13, "sessionId": 217, "answerId": 1726, "timeSendUTC": 1568383406, "timeWhen": 1568366403000, "observationTypeName": "Block4_Chemical_Spill-PFA_Field_Observer", "observervationTypeId": 1698, "observationTypeDescription": "Commanders were coordinating the participants without issues.", "description": "", "multiplicity": true, "questions": [{"id": 3111, "name": "Commanders were coordinating the participants with", "description": "-", "answer": "[Agree]", "comment": "Extremely good commander who is aware of the volunteers strengths and weaknesses and helps/supports if needed and takes safe decisions.", "typeOfQuestion": "checkbox"}]}','null');
insert into aar_service.record (id, clientId, sessionId, createDate, trialDate, topic, recordType, headline, msgType, recordJson, recordData) values (2325,'TB-Ost','null','2019-09-13 16:03:29.554','2019-09-13 16:03:29.554','system_observer_tool_answer','ObserverToolAnswer','A new observation was reported by: Block4_Chemical_Spill-PFA_Field_Observer','Info','{"trialId": 13, "sessionId": 217, "answerId": 1727, "timeSendUTC": 1568383406, "timeWhen": 1568365215000, "observationTypeName": "Block4_Chemical_Spill-PFA_Field_Observer", "observervationTypeId": 1696, "observationTypeDescription": "Identified people in distress were calmer after receiving  the psychological first aid.", "description": "", "multiplicity": true, "questions": [{"id": 3109, "name": "Identified people in distress were calmer after re", "description": "-", "answer": "[Agree]", "comment": "In general the persons become calmer and look more relieved. Good communication skills. Curious questions and calm language. The volunteers look calm themselves and ask each other for help when needed.", "typeOfQuestion": "checkbox"}]}','null');
insert into aar_service.record (id, clientId, sessionId, createDate, trialDate, topic, recordType, headline, msgType, recordJson, recordData) values (2326,'TB-Ost','null','2019-09-13 16:03:29.688','2019-09-13 16:03:29.688','system_observer_tool_answer','ObserverToolAnswer','A new observation was reported by: Block4_Chemical_Spill-PFA_Field_Observer','Info','{"trialId": 13, "sessionId": 217, "answerId": 1728, "timeSendUTC": 1568383406, "timeWhen": 1568366306000, "observationTypeName": "Block4_Chemical_Spill-PFA_Field_Observer", "observervationTypeId": 1697, "observationTypeDescription": "Participants were acting in safe manner (they weren''t putting themselves or other participants in danger).", "description": "", "multiplicity": true, "questions": [{"id": 3110, "name": "Participants were acting in safe manner (they were", "description": "-", "answer": "[Agree]", "comment": "The volunteers refer to their team leader as soon as they feel unsafe with/in the situation. Are aware of security and safety issues and react on safety issues in several contexts.", "typeOfQuestion": "checkbox"}]}','null');
insert into aar_service.record (id, clientId, sessionId, createDate, trialDate, topic, recordType, headline, msgType, recordJson, recordData) values (2327,'TB-Ost','null','2019-09-13 16:03:29.826','2019-09-13 16:03:29.826','system_observer_tool_answer','ObserverToolAnswer','A new observation was reported by: Block4_Chemical_Spill-PFA_Field_Observer','Info','{"trialId": 13, "sessionId": 217, "answerId": 1729, "timeSendUTC": 1568383406, "timeWhen": 1568366981000, "observationTypeName": "Block4_Chemical_Spill-PFA_Field_Observer", "observervationTypeId": 1694, "observationTypeDescription": "Participants were applying knowledge of psychological first aid training.", "description": "", "multiplicity": true, "questions": [{"id": 3107, "name": "Participants were applying knowledge of psychologi", "description": "-", "answer": "[Agree]", "comment": "Even after longer time the volunteers still seem to be able to apply their new knowledge - and seem to become more relaxed in their roles using this knowledge. Maybe it would be important teaching them about how to deal with insecure situations, waiting time and lack of information as well.", "typeOfQuestion": "checkbox"}]}','null');
insert into aar_service.record (id, clientId, sessionId, createDate, trialDate, topic, recordType, headline, msgType, recordJson, recordData) values (2328,'TB-TrialMgmt','null','2019-09-13 16:04:21.624','2019-09-13 16:04:21.624','system_tm_session_mgmt','SessionMgmt','5b90d0b1-5c46-42a7-8ea1-74a67c376fbd, STOP','Info','{"trialId": "e040fdc7-72d1-4e4a-b8f1-dff598ca476f", "trialName": "Trial 3: The Austrian Trial", "scenarioId": "6d3c57a5-66c3-4275-8456-44dec2cce185", "scenarioName": "Block 5 - USAR situation report", "sessionId": "5b90d0b1-5c46-42a7-8ea1-74a67c376fbd", "sessionName": "New session", "sessionState": "STOP", "comment": null}','null');
